{"runInfo": {"sut": "PGBOUNCER", "workload": "W5_HTAP", "loadMode": "open-loop", "targetRps": 3, "concurrency": 0, "poolSize": 20, "instanceId": 2, "totalInstances": 16, "configuredDbConnectionBudget": 100, "configuredReplicas": 16, "seed": 42, "durationSeconds": 900, "timestamp": "2026-07-15T11:32:03Z", "openLoopAttemptedOps": 2701, "openLoopMissedOpportunities": 0, "openLoopSchedulingDelayMs": 0.0, "clientPooling": "hikari"}, "attemptedRps": 2.8887515160330524, "achievedThroughputRps": 1.6994543350523954, "successfulThroughputRps": 1.6994543350523954, "errorThroughputRps": 1.2834142240798456, "totalThroughputRps": 2.982868559132241, "errorRate": 0.4302617425600574, "totalRequests": 2789, "successfulRequests": 1589, "failedRequests": 1200, "latencyMs": {"p50": 29605.887, "p95": 49446.911, "p99": 74842.111, "p999": 110166.015, "max": 113967.103, "mean": 30374.895199224098, "meanSuccessful": 30657.534912523603, "meanFailed": 30000.290994659164, "meanTotal": 30374.895199224098}, "errorsByType": {"SQLTransientConnectionException": 1200}, "firstErrorMessageByType": {"SQLTransientConnectionException": "HikariPool-1 - Connection is not available, request timed out after 30000ms (total=10, active=10, idle=0, waiting=85)"}, "appCpuMedian": 0.025025025025025023, "gcPauseMsTotal": 2}