{"runInfo": {"sut": "PGBOUNCER", "workload": "W5_HTAP", "loadMode": "open-loop", "targetRps": 4, "concurrency": 0, "poolSize": 20, "instanceId": 10, "totalInstances": 16, "configuredDbConnectionBudget": 100, "configuredReplicas": 16, "seed": 42, "durationSeconds": 900, "timestamp": "2026-07-15T21:31:23Z", "openLoopAttemptedOps": 3601, "openLoopMissedOpportunities": 0, "openLoopSchedulingDelayMs": 0.0, "clientPooling": "hikari"}, "attemptedRps": 3.8513121840929365, "achievedThroughputRps": 1.7550689514291888, "successfulThroughputRps": 1.7550689514291888, "errorThroughputRps": 2.2224456313649323, "totalThroughputRps": 3.977514582794121, "errorRate": 0.5587523527830062, "totalRequests": 3719, "successfulRequests": 1641, "failedRequests": 2078, "latencyMs": {"p50": 30998.527, "p95": 45613.055, "p99": 72482.815, "p999": 105840.639, "max": 111214.591, "mean": 31271.428744943532, "meanSuccessful": 32881.08326142596, "meanFailed": 30000.243510134744, "meanTotal": 31271.428744943532}, "errorsByType": {"SQLTransientConnectionException": 2078}, "firstErrorMessageByType": {"SQLTransientConnectionException": "HikariPool-1 - Connection is not available, request timed out after 30000ms (total=9, active=9, idle=0, waiting=120)"}, "appCpuMedian": 0.025021894157387717, "gcPauseMsTotal": 1}