{"runInfo": {"sut": "HIKARI_DISCIPLINED", "workload": "W5_HTAP", "loadMode": "open-loop", "targetRps": 2, "concurrency": 0, "poolSize": 19, "instanceId": 3, "totalInstances": 16, "configuredDbConnectionBudget": 300, "configuredReplicas": 16, "seed": 42, "durationSeconds": 900, "timestamp": "2026-07-15T04:23:09Z", "openLoopAttemptedOps": 1801, "openLoopMissedOpportunities": 0, "openLoopSchedulingDelayMs": 0.0, "clientPooling": "hikari"}, "attemptedRps": 1.9261908479731682, "achievedThroughputRps": 1.113361839389266, "successfulThroughputRps": 1.113361839389266, "errorThroughputRps": 0.8096204730237025, "totalThroughputRps": 1.9229823124129686, "errorRate": 0.42102335928809786, "totalRequests": 1798, "successfulRequests": 1041, "failedRequests": 757, "latencyMs": {"p50": 5468.159, "p95": 145883.135, "p99": 443809.791, "p999": 553648.127, "max": 590348.287, "mean": 25685.79708260567, "meanSuccessful": 22548.202209414023, "meanFailed": 30000.354222940554, "meanTotal": 25685.79708260567}, "errorsByType": {"SQLTransientConnectionException": 757}, "firstErrorMessageByType": {"SQLTransientConnectionException": "HikariPool-1 - Connection is not available, request timed out after 30000ms (total=19, active=19, idle=0, waiting=46)"}, "appCpuMedian": 0.025025025025025023, "gcPauseMsTotal": 0}