{"runInfo": {"sut": "PGBOUNCER", "workload": "W5_HTAP", "loadMode": "open-loop", "targetRps": 8, "concurrency": 0, "poolSize": 20, "instanceId": 2, "totalInstances": 4, "configuredDbConnectionBudget": 100, "configuredReplicas": 4, "seed": 42, "durationSeconds": 900, "timestamp": "2026-07-05T07:35:21Z", "openLoopAttemptedOps": 7201, "openLoopMissedOpportunities": 0, "openLoopSchedulingDelayMs": 0.0, "clientPooling": "hikari"}, "attemptedRps": 7.728592357268965, "achievedThroughputRps": 5.036839873998508, "successfulThroughputRps": 5.036839873998508, "errorThroughputRps": 2.9579225852844426, "totalThroughputRps": 7.994762459282951, "errorRate": 0.3699825479930192, "totalRequests": 7449, "successfulRequests": 4693, "failedRequests": 2756, "latencyMs": {"p50": 29048.831, "p95": 37093.375, "p99": 45088.767, "p999": 60686.335, "max": 66191.359, "mean": 28849.379743876358, "meanSuccessful": 28173.557281056892, "meanFailed": 30000.242608181787, "meanTotal": 28849.379743876358}, "errorsByType": {"SQLTransientConnectionException": 2756}, "firstErrorMessageByType": {"SQLTransientConnectionException": "HikariPool-1 - Connection is not available, request timed out after 30000ms (total=8, active=8, idle=0, waiting=240)"}, "appCpuMedian": 0.1502253380070105, "gcPauseMsTotal": 8}