{"runInfo": {"sut": "PGBOUNCER", "workload": "W5_HTAP", "loadMode": "open-loop", "targetRps": 3, "concurrency": 0, "poolSize": 20, "instanceId": 14, "totalInstances": 16, "configuredDbConnectionBudget": 100, "configuredReplicas": 16, "seed": 42, "durationSeconds": 900, "timestamp": "2026-07-15T11:32:11Z", "openLoopAttemptedOps": 2701, "openLoopMissedOpportunities": 0, "openLoopSchedulingDelayMs": 0.0, "clientPooling": "hikari"}, "attemptedRps": 2.8887484264823686, "achievedThroughputRps": 1.6556025783764186, "successfulThroughputRps": 1.6556025783764186, "errorThroughputRps": 1.3122896406123163, "totalThroughputRps": 2.967892218988735, "errorRate": 0.44216216216216214, "totalRequests": 2775, "successfulRequests": 1548, "failedRequests": 1227, "latencyMs": {"p50": 29818.879, "p95": 46399.487, "p99": 92209.151, "p999": 103612.415, "max": 107216.895, "mean": 30370.826501105224, "meanSuccessful": 30664.354129198964, "meanFailed": 30000.317020127954, "meanTotal": 30370.826501105224}, "errorsByType": {"SQLTransientConnectionException": 1227}, "firstErrorMessageByType": {"SQLTransientConnectionException": "HikariPool-1 - Connection is not available, request timed out after 30000ms (total=12, active=12, idle=0, waiting=73)"}, "appCpuMedian": 0.025025025025025023, "gcPauseMsTotal": 2}