{"runInfo": {"sut": "PGBOUNCER", "workload": "W5_HTAP", "loadMode": "open-loop", "targetRps": 2, "concurrency": 0, "poolSize": 20, "instanceId": 14, "totalInstances": 16, "configuredDbConnectionBudget": 100, "configuredReplicas": 16, "seed": 42, "durationSeconds": 900, "timestamp": "2026-07-15T01:38:39Z", "openLoopAttemptedOps": 1801, "openLoopMissedOpportunities": 0, "openLoopSchedulingDelayMs": 0.0, "clientPooling": "hikari"}, "attemptedRps": 1.9261887878914277, "achievedThroughputRps": 1.3796688153136822, "successfulThroughputRps": 1.3796688153136822, "errorThroughputRps": 0.5807443152832011, "totalThroughputRps": 1.9604131305968833, "errorRate": 0.29623567921440264, "totalRequests": 1833, "successfulRequests": 1290, "failedRequests": 543, "latencyMs": {"p50": 27426.815, "p95": 43548.671, "p99": 81395.711, "p999": 123404.287, "max": 125304.831, "mean": 27102.2136198407, "meanSuccessful": 25881.74739767442, "meanFailed": 30000.36078247882, "meanTotal": 27102.2136198407}, "errorsByType": {"SQLTransientConnectionException": 543}, "firstErrorMessageByType": {"SQLTransientConnectionException": "HikariPool-1 - Connection is not available, request timed out after 30000ms (total=8, active=8, idle=0, waiting=28)"}, "appCpuMedian": 0.025015634771732333, "gcPauseMsTotal": 2}