{"runInfo": {"sut": "HIKARI_DISCIPLINED", "workload": "W5_HTAP", "loadMode": "open-loop", "targetRps": 5, "concurrency": 0, "poolSize": 19, "instanceId": 0, "totalInstances": 4, "configuredDbConnectionBudget": 75, "configuredReplicas": 4, "seed": 42, "durationSeconds": 1800, "timestamp": "2026-05-23T01:47:04Z", "openLoopAttemptedOps": 10501, "openLoopMissedOpportunities": 0, "openLoopSchedulingDelayMs": 0.134873, "clientPooling": "hikari"}, "attemptedRps": 3.997314429090019, "achievedThroughputRps": 0.676270745990934, "successfulThroughputRps": 0.676270745990934, "errorThroughputRps": 3.3915532231728935, "totalThroughputRps": 4.067823969163827, "errorRate": 0.8337512264253788, "totalRequests": 9173, "successfulRequests": 1525, "failedRequests": 7648, "latencyMs": {"p50": 27885.567, "p95": 60030.975, "p99": 60030.975, "p999": 60030.975, "max": 60686.335, "mean": 32932.18512605571, "meanSuccessful": 26066.724236065573, "meanFailed": 30000.323230695605, "meanTotal": 32932.18512605571}, "errorsByType": {"SQLTransientConnectionException": 7648}, "firstErrorMessageByType": {"SQLTransientConnectionException": "HikariPool-1 - Connection is not available, request timed out after 30000ms (total=19, active=19, idle=0, waiting=145)"}, "appCpuMedian": 0.8032128514056224, "gcPauseMsTotal": 4750}