{"runInfo": {"sut": "HIKARI_DISCIPLINED", "workload": "W5_HTAP", "loadMode": "open-loop", "targetRps": 5, "concurrency": 0, "poolSize": 19, "instanceId": 1, "totalInstances": 4, "configuredDbConnectionBudget": 75, "configuredReplicas": 4, "seed": 42, "durationSeconds": 1800, "timestamp": "2026-05-23T01:47:06Z", "openLoopAttemptedOps": 10501, "openLoopMissedOpportunities": 0, "openLoopSchedulingDelayMs": 0.131015, "clientPooling": "hikari"}, "attemptedRps": 3.9924346401243453, "achievedThroughputRps": 0.5467812852686125, "successfulThroughputRps": 0.5467812852686125, "errorThroughputRps": 3.516606319691887, "totalThroughputRps": 4.063387604960499, "errorRate": 0.8654370839244789, "totalRequests": 9163, "successfulRequests": 1233, "failedRequests": 7930, "latencyMs": {"p50": 28033.023, "p95": 60030.975, "p99": 60030.975, "p999": 60030.975, "max": 60030.975, "mean": 33071.7118587336, "meanSuccessful": 26368.993197891323, "meanFailed": 30000.29227319874, "meanTotal": 33071.7118587336}, "errorsByType": {"SQLTransientConnectionException": 7930}, "firstErrorMessageByType": {"SQLTransientConnectionException": "HikariPool-1 - Connection is not available, request timed out after 30000ms (total=19, active=19, idle=0, waiting=145)"}, "appCpuMedian": 0.5513784461152882, "gcPauseMsTotal": 4088}