{"runInfo": {"sut": "PGBOUNCER", "workload": "W5_HTAP", "loadMode": "open-loop", "targetRps": 12, "concurrency": 0, "poolSize": 20, "instanceId": 1, "totalInstances": 4, "configuredDbConnectionBudget": 100, "configuredReplicas": 4, "seed": 42, "durationSeconds": 900, "timestamp": "2026-07-05T18:32:06Z", "openLoopAttemptedOps": 10801, "openLoopMissedOpportunities": 0, "openLoopSchedulingDelayMs": 0.0, "clientPooling": "hikari"}, "attemptedRps": 11.570024841114346, "achievedThroughputRps": 4.626510257269962, "successfulThroughputRps": 4.626510257269962, "errorThroughputRps": 7.339858366013842, "totalThroughputRps": 11.966368623283804, "errorRate": 0.6133739146003043, "totalRequests": 11171, "successfulRequests": 4319, "failedRequests": 6852, "latencyMs": {"p50": 29917.183, "p95": 39059.455, "p99": 45514.751, "p999": 62685.183, "max": 65634.303, "mean": 30414.427108334883, "meanSuccessful": 31071.587274832138, "meanFailed": 30000.207659563337, "meanTotal": 30414.427108334883}, "errorsByType": {"SQLTransientConnectionException": 6852}, "firstErrorMessageByType": {"SQLTransientConnectionException": "HikariPool-1 - Connection is not available, request timed out after 30000ms (total=10, active=10, idle=0, waiting=360)"}, "appCpuMedian": 0.20020020020020018, "gcPauseMsTotal": 9}