{"runInfo": {"sut": "HIKARI_DISCIPLINED", "workload": "W5_HTAP", "loadMode": "open-loop", "targetRps": 4, "concurrency": 0, "poolSize": 20, "instanceId": 2, "totalInstances": 4, "configuredDbConnectionBudget": 80, "configuredReplicas": 4, "seed": 42, "durationSeconds": 900, "timestamp": "2026-07-11T19:26:15Z", "openLoopAttemptedOps": 3601, "openLoopMissedOpportunities": 0, "openLoopSchedulingDelayMs": 0.0, "clientPooling": "hikari"}, "attemptedRps": 3.85130806507331, "achievedThroughputRps": 3.3197612424292013, "successfulThroughputRps": 3.3197612424292013, "errorThroughputRps": 0.5155041620009262, "totalThroughputRps": 3.8352654044301273, "errorRate": 0.13441160066926938, "totalRequests": 3586, "successfulRequests": 3104, "failedRequests": 482, "latencyMs": {"p50": 16261.119, "p95": 45121.535, "p99": 113573.887, "p999": 234225.663, "max": 239861.759, "mean": 19608.09664246626, "meanSuccessful": 17994.386637242267, "meanFailed": 30000.33099308299, "meanTotal": 19608.09664246626}, "errorsByType": {"SQLTransientConnectionException": 482}, "firstErrorMessageByType": {"SQLTransientConnectionException": "HikariPool-1 - Connection is not available, request timed out after 30001ms (total=20, active=20, idle=0, waiting=90)"}, "appCpuMedian": 0.15015015015015015, "gcPauseMsTotal": 15}