{"runInfo": {"sut": "HIKARI_DISCIPLINED", "workload": "W5_HTAP", "loadMode": "open-loop", "targetRps": 3, "concurrency": 0, "poolSize": 19, "instanceId": 11, "totalInstances": 16, "configuredDbConnectionBudget": 300, "configuredReplicas": 16, "seed": 42, "durationSeconds": 900, "timestamp": "2026-07-15T12:38:03Z", "openLoopAttemptedOps": 2700, "openLoopMissedOpportunities": 0, "openLoopSchedulingDelayMs": 0.0, "clientPooling": "hikari"}, "attemptedRps": 2.898377122713651, "achievedThroughputRps": 1.4053385753674308, "successfulThroughputRps": 1.4053385753674308, "errorThroughputRps": 1.5796690074716098, "totalThroughputRps": 2.9850075828390406, "errorRate": 0.5292010032246507, "totalRequests": 2791, "successfulRequests": 1314, "failedRequests": 1477, "latencyMs": {"p50": 20774.911, "p95": 138543.103, "p99": 368050.175, "p999": 423100.415, "max": 438304.767, "mean": 29791.311586433534, "meanSuccessful": 29556.489725266365, "meanFailed": 30000.315376542992, "meanTotal": 29791.311586433534}, "errorsByType": {"SQLTransientConnectionException": 1477}, "firstErrorMessageByType": {"SQLTransientConnectionException": "HikariPool-1 - Connection is not available, request timed out after 30000ms (total=19, active=19, idle=0, waiting=80)"}, "appCpuMedian": 0.025025025025025023, "gcPauseMsTotal": 0}