{"runInfo": {"sut": "HIKARI_DISCIPLINED", "workload": "W5_HTAP", "loadMode": "open-loop", "targetRps": 8, "concurrency": 0, "poolSize": 20, "instanceId": 2, "totalInstances": 4, "configuredDbConnectionBudget": 80, "configuredReplicas": 4, "seed": 42, "durationSeconds": 900, "timestamp": "2026-07-05T07:03:54Z", "openLoopAttemptedOps": 7201, "openLoopMissedOpportunities": 0, "openLoopSchedulingDelayMs": 0.0, "clientPooling": "hikari"}, "attemptedRps": 7.701538382559293, "achievedThroughputRps": 3.890875799993155, "successfulThroughputRps": 3.890875799993155, "errorThroughputRps": 4.04595468701872, "totalThroughputRps": 7.936830487011876, "errorRate": 0.5097695728338499, "totalRequests": 7421, "successfulRequests": 3638, "failedRequests": 3783, "latencyMs": {"p50": 28377.087, "p95": 78905.343, "p99": 184025.087, "p999": 193331.199, "max": 194379.775, "mean": 31253.236187263035, "meanSuccessful": 32556.25040461792, "meanFailed": 30000.20740222099, "meanTotal": 31253.236187263035}, "errorsByType": {"SQLTransientConnectionException": 3783}, "firstErrorMessageByType": {"SQLTransientConnectionException": "HikariPool-1 - Connection is not available, request timed out after 30000ms (total=20, active=20, idle=0, waiting=232)"}, "appCpuMedian": 0.20030045067601399, "gcPauseMsTotal": 14}