{"runInfo": {"sut": "HIKARI_DISCIPLINED", "workload": "W5_HTAP", "loadMode": "open-loop", "targetRps": 12, "concurrency": 0, "poolSize": 20, "instanceId": 0, "totalInstances": 4, "configuredDbConnectionBudget": 80, "configuredReplicas": 4, "seed": 42, "durationSeconds": 900, "timestamp": "2026-07-02T12:34:52Z", "openLoopAttemptedOps": 10801, "openLoopMissedOpportunities": 0, "openLoopSchedulingDelayMs": 0.0, "clientPooling": "hikari"}, "attemptedRps": 10.237837059055476, "achievedThroughputRps": 3.505186690527465, "successfulThroughputRps": 3.505186690527465, "errorThroughputRps": 7.0928372107130935, "totalThroughputRps": 10.598023901240559, "errorRate": 0.6692603523835078, "totalRequests": 11181, "successfulRequests": 3698, "failedRequests": 7483, "latencyMs": {"p50": 29425.663, "p95": 87162.879, "p99": 128778.239, "p999": 220069.887, "max": 224002.047, "mean": 31337.493961966462, "meanSuccessful": 34043.42482774473, "meanFailed": 30000.21424492917, "meanTotal": 31337.493961966462}, "errorsByType": {"SQLTransientConnectionException": 7483}, "firstErrorMessageByType": {"SQLTransientConnectionException": "HikariPool-1 - Connection is not available, request timed out after 30000ms (total=20, active=20, idle=0, waiting=360)"}, "appCpuMedian": 0.2502502502502503, "gcPauseMsTotal": 19}