{"runInfo": {"sut": "HIKARI_DISCIPLINED", "workload": "W5_HTAP", "loadMode": "open-loop", "targetRps": 4, "concurrency": 0, "poolSize": 19, "instanceId": 6, "totalInstances": 16, "configuredDbConnectionBudget": 300, "configuredReplicas": 16, "seed": 42, "durationSeconds": 900, "timestamp": "2026-07-15T17:39:11Z", "openLoopAttemptedOps": 3601, "openLoopMissedOpportunities": 0, "openLoopSchedulingDelayMs": 0.0, "clientPooling": "hikari"}, "attemptedRps": 3.8587987670667356, "achievedThroughputRps": 1.4876909880792208, "successfulThroughputRps": 1.4876909880792208, "errorThroughputRps": 2.4930321302751, "totalThroughputRps": 3.980723118354321, "errorRate": 0.6262761955937668, "totalRequests": 3722, "successfulRequests": 1391, "failedRequests": 2331, "latencyMs": {"p50": 24920.063, "p95": 148766.719, "p99": 262275.071, "p999": 438566.911, "max": 456392.703, "mean": 31247.775071325632, "meanSuccessful": 33338.1708713156, "meanFailed": 30000.218364389108, "meanTotal": 31247.775071325632}, "errorsByType": {"SQLTransientConnectionException": 2331}, "firstErrorMessageByType": {"SQLTransientConnectionException": "HikariPool-1 - Connection is not available, request timed out after 30000ms (total=19, active=19, idle=0, waiting=112)"}, "appCpuMedian": 0.02501876407305479, "gcPauseMsTotal": 0}