{"runInfo": {"sut": "HIKARI_DISCIPLINED", "workload": "W5_HTAP", "loadMode": "open-loop", "targetRps": 8, "concurrency": 0, "poolSize": 20, "instanceId": 0, "totalInstances": 4, "configuredDbConnectionBudget": 80, "configuredReplicas": 4, "seed": 42, "durationSeconds": 900, "timestamp": "2026-07-05T10:11:02Z", "openLoopAttemptedOps": 7201, "openLoopMissedOpportunities": 0, "openLoopSchedulingDelayMs": 0.0, "clientPooling": "hikari"}, "attemptedRps": 7.701554856332473, "achievedThroughputRps": 4.1069255170555055, "successfulThroughputRps": 4.1069255170555055, "errorThroughputRps": 3.8523816959463364, "totalThroughputRps": 7.959307213001842, "errorRate": 0.48400967481859714, "totalRequests": 7442, "successfulRequests": 3840, "failedRequests": 3602, "latencyMs": {"p50": 28475.391, "p95": 77135.871, "p99": 184680.447, "p999": 196214.783, "max": 200671.231, "mean": 31221.339311050255, "meanSuccessful": 32366.67597109375, "meanFailed": 30000.21469147696, "meanTotal": 31221.339311050255}, "errorsByType": {"SQLTransientConnectionException": 3602}, "firstErrorMessageByType": {"SQLTransientConnectionException": "HikariPool-1 - Connection is not available, request timed out after 30000ms (total=20, active=20, idle=0, waiting=240)"}, "appCpuMedian": 0.20050125313283207, "gcPauseMsTotal": 14}