{"runInfo": {"sut": "HIKARI_DISCIPLINED", "workload": "W5_HTAP", "loadMode": "open-loop", "targetRps": 12, "concurrency": 0, "poolSize": 20, "instanceId": 1, "totalInstances": 4, "configuredDbConnectionBudget": 80, "configuredReplicas": 4, "seed": 42, "durationSeconds": 900, "timestamp": "2026-07-05T14:52:22Z", "openLoopAttemptedOps": 10801, "openLoopMissedOpportunities": 0, "openLoopSchedulingDelayMs": 0.0, "clientPooling": "hikari"}, "attemptedRps": 11.55178517380084, "achievedThroughputRps": 4.042750482081953, "successfulThroughputRps": 4.042750482081953, "errorThroughputRps": 7.896197568574354, "totalThroughputRps": 11.938948050656306, "errorRate": 0.6613813490997044, "totalRequests": 11163, "successfulRequests": 3780, "failedRequests": 7383, "latencyMs": {"p50": 29392.895, "p95": 78905.343, "p99": 178520.063, "p999": 188481.535, "max": 194248.703, "mean": 31271.417672428022, "meanSuccessful": 33754.479663492064, "meanFailed": 30000.208359013002, "meanTotal": 31271.417672428022}, "errorsByType": {"SQLTransientConnectionException": 7383}, "firstErrorMessageByType": {"SQLTransientConnectionException": "HikariPool-1 - Connection is not available, request timed out after 30000ms (total=20, active=20, idle=0, waiting=360)"}, "appCpuMedian": 0.25012506253126565, "gcPauseMsTotal": 22}