{"runInfo": {"sut": "HIKARI_DISCIPLINED", "workload": "W5_HTAP", "loadMode": "open-loop", "targetRps": 12, "concurrency": 0, "poolSize": 38, "instanceId": 0, "totalInstances": 2, "configuredDbConnectionBudget": 75, "configuredReplicas": 2, "seed": 42, "durationSeconds": 900, "timestamp": "2026-05-31T12:29:48Z", "openLoopAttemptedOps": 14401, "openLoopMissedOpportunities": 0, "openLoopSchedulingDelayMs": 0.156024, "clientPooling": "hikari"}, "attemptedRps": 7.9711412362833425, "achievedThroughputRps": 1.0051564080935018, "successfulThroughputRps": 1.0051564080935018, "errorThroughputRps": 7.2419969402507585, "totalThroughputRps": 8.24715334834426, "errorRate": 0.8781208053691275, "totalRequests": 11175, "successfulRequests": 1362, "failedRequests": 9813, "latencyMs": {"p50": 29655.039, "p95": 60030.975, "p99": 60030.975, "p999": 60030.975, "max": 60030.975, "mean": 33426.41375554023, "meanSuccessful": 30925.224790748896, "meanFailed": 30000.2601873852, "meanTotal": 33426.41375554023}, "errorsByType": {"SQLTransientConnectionException": 9813}, "firstErrorMessageByType": {"SQLTransientConnectionException": "HikariPool-1 - Connection is not available, request timed out after 30000ms (total=38, active=38, idle=0, waiting=358)"}, "appCpuMedian": 0.20030045067601399, "gcPauseMsTotal": 12}