{"runInfo": {"sut": "PGBOUNCER", "workload": "W5_HTAP", "loadMode": "open-loop", "targetRps": 2, "concurrency": 0, "poolSize": 20, "instanceId": 15, "totalInstances": 16, "configuredDbConnectionBudget": 100, "configuredReplicas": 16, "seed": 42, "durationSeconds": 900, "timestamp": "2026-07-15T01:38:40Z", "openLoopAttemptedOps": 1801, "openLoopMissedOpportunities": 0, "openLoopSchedulingDelayMs": 0.0, "clientPooling": "hikari"}, "attemptedRps": 1.9261887878914277, "achievedThroughputRps": 1.3518615368654994, "successfulThroughputRps": 1.3518615368654994, "errorThroughputRps": 0.6149686579886569, "totalThroughputRps": 1.9668301948541562, "errorRate": 0.3126699293094073, "totalRequests": 1839, "successfulRequests": 1264, "failedRequests": 575, "latencyMs": {"p50": 26574.847, "p95": 45121.535, "p99": 94502.911, "p999": 125960.191, "max": 127664.127, "mean": 27472.29034314519, "meanSuccessful": 26322.23923971519, "meanFailed": 30000.37828182435, "meanTotal": 27472.29034314519}, "errorsByType": {"SQLTransientConnectionException": 575}, "firstErrorMessageByType": {"SQLTransientConnectionException": "HikariPool-1 - Connection is not available, request timed out after 30001ms (total=9, active=9, idle=0, waiting=44)"}, "appCpuMedian": 0.02501876407305479, "gcPauseMsTotal": 2}