{"runInfo": {"sut": "HIKARI_DISCIPLINED", "workload": "W5_HTAP", "loadMode": "open-loop", "targetRps": 4, "concurrency": 0, "poolSize": 20, "instanceId": 3, "totalInstances": 4, "configuredDbConnectionBudget": 80, "configuredReplicas": 4, "seed": 42, "durationSeconds": 900, "timestamp": "2026-07-11T21:00:34Z", "openLoopAttemptedOps": 3601, "openLoopMissedOpportunities": 0, "openLoopSchedulingDelayMs": 0.0, "clientPooling": "hikari"}, "attemptedRps": 3.8513039460624934, "achievedThroughputRps": 3.4106660049967488, "successfulThroughputRps": 3.4106660049967488, "errorThroughputRps": 0.4278038262774222, "totalThroughputRps": 3.8384698312741707, "errorRate": 0.11145165784341042, "totalRequests": 3589, "successfulRequests": 3189, "failedRequests": 400, "latencyMs": {"p50": 15007.743, "p95": 39452.671, "p99": 113377.279, "p999": 233439.231, "max": 237240.319, "mean": 18671.446422531346, "meanSuccessful": 17250.32126873628, "meanFailed": 30000.446956185, "meanTotal": 18671.446422531346}, "errorsByType": {"SQLTransientConnectionException": 400}, "firstErrorMessageByType": {"SQLTransientConnectionException": "HikariPool-1 - Connection is not available, request timed out after 30001ms (total=20, active=20, idle=0, waiting=77)"}, "appCpuMedian": 0.19990004997501248, "gcPauseMsTotal": 14}