{"runInfo": {"sut": "PGBOUNCER", "workload": "W5_HTAP", "loadMode": "open-loop", "targetRps": 3, "concurrency": 0, "poolSize": 20, "instanceId": 5, "totalInstances": 16, "configuredDbConnectionBudget": 100, "configuredReplicas": 16, "seed": 42, "durationSeconds": 900, "timestamp": "2026-07-15T11:32:05Z", "openLoopAttemptedOps": 2701, "openLoopMissedOpportunities": 0, "openLoopSchedulingDelayMs": 0.0, "clientPooling": "hikari"}, "attemptedRps": 2.8887453369382934, "achievedThroughputRps": 1.653461788562237, "successfulThroughputRps": 1.653461788562237, "errorThroughputRps": 1.3347479379855574, "totalThroughputRps": 2.9882097265477943, "errorRate": 0.44667143879742305, "totalRequests": 2794, "successfulRequests": 1546, "failedRequests": 1248, "latencyMs": {"p50": 30654.463, "p95": 48332.799, "p99": 94175.231, "p999": 107413.503, "max": 112001.023, "mean": 31385.795156211167, "meanSuccessful": 32504.08279430789, "meanFailed": 30000.363506048077, "meanTotal": 31385.795156211167}, "errorsByType": {"SQLTransientConnectionException": 1248}, "firstErrorMessageByType": {"SQLTransientConnectionException": "HikariPool-1 - Connection is not available, request timed out after 30000ms (total=8, active=8, idle=0, waiting=89)"}, "appCpuMedian": 0.025025025025025023, "gcPauseMsTotal": 2}