{"runInfo": {"sut": "HIKARI_DISCIPLINED", "workload": "W5_HTAP", "loadMode": "open-loop", "targetRps": 3, "concurrency": 0, "poolSize": 19, "instanceId": 11, "totalInstances": 16, "configuredDbConnectionBudget": 300, "configuredReplicas": 16, "seed": 42, "durationSeconds": 900, "timestamp": "2026-07-15T15:57:09Z", "openLoopAttemptedOps": 2701, "openLoopMissedOpportunities": 0, "openLoopSchedulingDelayMs": 0.0, "clientPooling": "hikari"}, "attemptedRps": 2.8962380990068515, "achievedThroughputRps": 1.188227669127257, "successfulThroughputRps": 1.188227669127257, "errorThroughputRps": 1.7967799137117837, "totalThroughputRps": 2.9850075828390406, "errorRate": 0.6019347903977069, "totalRequests": 2791, "successfulRequests": 1111, "failedRequests": 1680, "latencyMs": {"p50": 22085.631, "p95": 148242.431, "p99": 386400.255, "p999": 438566.911, "max": 442236.927, "mean": 31034.315199345398, "meanSuccessful": 32597.906792979295, "meanFailed": 30000.306356917263, "meanTotal": 31034.315199345398}, "errorsByType": {"SQLTransientConnectionException": 1680}, "firstErrorMessageByType": {"SQLTransientConnectionException": "HikariPool-1 - Connection is not available, request timed out after 30000ms (total=19, active=19, idle=0, waiting=80)"}, "appCpuMedian": 0.025021894157387717, "gcPauseMsTotal": 0}