{"runInfo": {"sut": "PGBOUNCER", "workload": "W5_HTAP", "loadMode": "open-loop", "targetRps": 2, "concurrency": 0, "poolSize": 20, "instanceId": 9, "totalInstances": 16, "configuredDbConnectionBudget": 100, "configuredReplicas": 16, "seed": 42, "durationSeconds": 900, "timestamp": "2026-07-15T03:17:29Z", "openLoopAttemptedOps": 1801, "openLoopMissedOpportunities": 0, "openLoopSchedulingDelayMs": 0.0, "clientPooling": "hikari"}, "attemptedRps": 1.9261887878914277, "achievedThroughputRps": 1.3711127296373182, "successfulThroughputRps": 1.3711127296373182, "errorThroughputRps": 0.5743272510259282, "totalThroughputRps": 1.9454399806632465, "errorRate": 0.2952171522814733, "totalRequests": 1819, "successfulRequests": 1282, "failedRequests": 537, "latencyMs": {"p50": 27344.895, "p95": 45055.999, "p99": 78643.199, "p999": 124125.183, "max": 129630.207, "mean": 27427.40936893458, "meanSuccessful": 26350.01126521061, "meanFailed": 30000.414826841712, "meanTotal": 27427.40936893458}, "errorsByType": {"SQLTransientConnectionException": 537}, "firstErrorMessageByType": {"SQLTransientConnectionException": "HikariPool-1 - Connection is not available, request timed out after 30000ms (total=10, active=10, idle=0, waiting=50)"}, "appCpuMedian": 0.025025025025025023, "gcPauseMsTotal": 2}