{"runInfo": {"sut": "HIKARI_DISCIPLINED", "workload": "W5_HTAP", "loadMode": "open-loop", "targetRps": 12, "concurrency": 0, "poolSize": 20, "instanceId": 1, "totalInstances": 4, "configuredDbConnectionBudget": 80, "configuredReplicas": 4, "seed": 42, "durationSeconds": 900, "timestamp": "2026-07-12T12:44:13Z", "openLoopAttemptedOps": 10801, "openLoopMissedOpportunities": 0, "openLoopSchedulingDelayMs": 0.0, "clientPooling": "hikari"}, "attemptedRps": 11.55178517380084, "achievedThroughputRps": 4.383924398426964, "successfulThroughputRps": 4.383924398426964, "errorThroughputRps": 7.553954141519797, "totalThroughputRps": 11.93787853994676, "errorRate": 0.6327719046765813, "totalRequests": 11162, "successfulRequests": 4099, "failedRequests": 7063, "latencyMs": {"p50": 29229.055, "p95": 71630.847, "p99": 119406.591, "p999": 197787.647, "max": 200540.159, "mean": 31096.155300694678, "meanSuccessful": 32984.619281776046, "meanFailed": 30000.18698118349, "meanTotal": 31096.155300694678}, "errorsByType": {"SQLTransientConnectionException": 7063}, "firstErrorMessageByType": {"SQLTransientConnectionException": "HikariPool-1 - Connection is not available, request timed out after 30000ms (total=20, active=20, idle=0, waiting=360)"}, "appCpuMedian": 0.20020020020020018, "gcPauseMsTotal": 18}