{"runInfo": {"sut": "HIKARI_DISCIPLINED", "workload": "W5_HTAP", "loadMode": "open-loop", "targetRps": 8, "concurrency": 0, "poolSize": 20, "instanceId": 0, "totalInstances": 4, "configuredDbConnectionBudget": 80, "configuredReplicas": 4, "seed": 42, "durationSeconds": 900, "timestamp": "2026-07-12T08:00:58Z", "openLoopAttemptedOps": 7201, "openLoopMissedOpportunities": 0, "openLoopSchedulingDelayMs": 0.0, "clientPooling": "hikari"}, "attemptedRps": 7.701554856332473, "achievedThroughputRps": 4.197834024594495, "successfulThroughputRps": 4.197834024594495, "errorThroughputRps": 3.7475695343131488, "totalThroughputRps": 7.9454035589076435, "errorRate": 0.4716650962444474, "totalRequests": 7429, "successfulRequests": 3925, "failedRequests": 3504, "latencyMs": {"p50": 28098.559, "p95": 70254.591, "p99": 184811.519, "p999": 196739.071, "max": 200671.231, "mean": 30830.760166058957, "meanSuccessful": 31572.11305579618, "meanFailed": 30000.187892276543, "meanTotal": 30830.760166058957}, "errorsByType": {"SQLTransientConnectionException": 3504}, "firstErrorMessageByType": {"SQLTransientConnectionException": "HikariPool-1 - Connection is not available, request timed out after 30000ms (total=20, active=20, idle=0, waiting=240)"}, "appCpuMedian": 0.1503006012024048, "gcPauseMsTotal": 15}