{"runInfo": {"sut": "HIKARI_DISCIPLINED", "workload": "W5_HTAP", "loadMode": "open-loop", "targetRps": 4, "concurrency": 0, "poolSize": 19, "instanceId": 4, "totalInstances": 16, "configuredDbConnectionBudget": 300, "configuredReplicas": 16, "seed": 42, "durationSeconds": 900, "timestamp": "2026-07-16T00:17:11Z", "openLoopAttemptedOps": 3600, "openLoopMissedOpportunities": 0, "openLoopSchedulingDelayMs": 0.0, "clientPooling": "hikari"}, "attemptedRps": 3.8587987670667356, "achievedThroughputRps": 1.2010618113680553, "successfulThroughputRps": 1.2010618113680553, "errorThroughputRps": 2.7785917951328654, "totalThroughputRps": 3.979653606500921, "errorRate": 0.6981994087610858, "totalRequests": 3721, "successfulRequests": 1123, "failedRequests": 2598, "latencyMs": {"p50": 25214.975, "p95": 151257.087, "p99": 409206.783, "p999": 438042.623, "max": 439615.487, "mean": 31861.952824322496, "meanSuccessful": 36168.45217008014, "meanFailed": 30000.220621647422, "meanTotal": 31861.952824322496}, "errorsByType": {"SQLTransientConnectionException": 2598}, "firstErrorMessageByType": {"SQLTransientConnectionException": "HikariPool-1 - Connection is not available, request timed out after 30000ms (total=19, active=19, idle=0, waiting=112)"}, "appCpuMedian": 0.025025025025025023, "gcPauseMsTotal": 0}