{"runInfo": {"sut": "HIKARI_DISCIPLINED", "workload": "W5_HTAP", "loadMode": "open-loop", "targetRps": 2, "concurrency": 0, "poolSize": 19, "instanceId": 10, "totalInstances": 16, "configuredDbConnectionBudget": 300, "configuredReplicas": 16, "seed": 42, "durationSeconds": 900, "timestamp": "2026-07-15T02:44:14Z", "openLoopAttemptedOps": 1801, "openLoopMissedOpportunities": 0, "openLoopSchedulingDelayMs": 0.0, "clientPooling": "hikari"}, "attemptedRps": 1.9261887878914277, "achievedThroughputRps": 0.8983889960182116, "successfulThroughputRps": 0.8983889960182116, "errorThroughputRps": 1.0235217490350341, "totalThroughputRps": 1.9219107450532458, "errorRate": 0.5325542570951586, "totalRequests": 1797, "successfulRequests": 840, "failedRequests": 957, "latencyMs": {"p50": 55.039, "p95": 166068.223, "p99": 445906.943, "p999": 592445.439, "max": 592445.439, "mean": 27038.34479711185, "meanSuccessful": 23663.953510714284, "meanFailed": 30000.265171549636, "meanTotal": 27038.34479711185}, "errorsByType": {"SQLTransientConnectionException": 957}, "firstErrorMessageByType": {"SQLTransientConnectionException": "HikariPool-1 - Connection is not available, request timed out after 30000ms (total=19, active=19, idle=0, waiting=46)"}, "appCpuMedian": 0.025015634771732333, "gcPauseMsTotal": 0}