{"runInfo": {"sut": "PGBOUNCER", "workload": "W5_HTAP", "loadMode": "open-loop", "targetRps": 3, "concurrency": 0, "poolSize": 20, "instanceId": 15, "totalInstances": 16, "configuredDbConnectionBudget": 100, "configuredReplicas": 16, "seed": 42, "durationSeconds": 900, "timestamp": "2026-07-15T09:53:21Z", "openLoopAttemptedOps": 2700, "openLoopMissedOpportunities": 0, "openLoopSchedulingDelayMs": 0.0, "clientPooling": "hikari"}, "attemptedRps": 2.8887484264823686, "achievedThroughputRps": 1.4106846258905015, "successfulThroughputRps": 1.4106846258905015, "errorThroughputRps": 1.5711112323223249, "totalThroughputRps": 2.9817958582128266, "errorRate": 0.5269010043041606, "totalRequests": 2788, "successfulRequests": 1319, "failedRequests": 1469, "latencyMs": {"p50": 31866.879, "p95": 44269.567, "p99": 77529.087, "p999": 106037.247, "max": 107151.359, "mean": 31939.424175979915, "meanSuccessful": 34099.38316906747, "meanFailed": 30000.312008090536, "meanTotal": 31939.424175979915}, "errorsByType": {"SQLTransientConnectionException": 1469}, "firstErrorMessageByType": {"SQLTransientConnectionException": "HikariPool-1 - Connection is not available, request timed out after 30000ms (total=7, active=7, idle=0, waiting=90)"}, "appCpuMedian": 0.025025025025025023, "gcPauseMsTotal": 2}