{"runInfo": {"sut": "PGBOUNCER", "workload": "W5_HTAP", "loadMode": "open-loop", "targetRps": 8, "concurrency": 0, "poolSize": 20, "instanceId": 2, "totalInstances": 4, "configuredDbConnectionBudget": 100, "configuredReplicas": 4, "seed": 42, "durationSeconds": 900, "timestamp": "2026-07-05T06:01:51Z", "openLoopAttemptedOps": 7201, "openLoopMissedOpportunities": 0, "openLoopSchedulingDelayMs": 0.0, "clientPooling": "hikari"}, "attemptedRps": 7.7015466194370745, "achievedThroughputRps": 4.5946180082074255, "successfulThroughputRps": 4.5946180082074255, "errorThroughputRps": 3.3678892243587484, "totalThroughputRps": 7.962507232566174, "errorRate": 0.42296843519140365, "totalRequests": 7445, "successfulRequests": 4296, "failedRequests": 3149, "latencyMs": {"p50": 29278.207, "p95": 38240.255, "p99": 45383.679, "p999": 63995.903, "max": 70254.591, "mean": 29524.594690461116, "meanSuccessful": 29176.030867783986, "meanFailed": 30000.228448043825, "meanTotal": 29524.594690461116}, "errorsByType": {"SQLTransientConnectionException": 3149}, "firstErrorMessageByType": {"SQLTransientConnectionException": "HikariPool-1 - Connection is not available, request timed out after 30001ms (total=12, active=12, idle=0, waiting=236)"}, "appCpuMedian": 0.15007503751875936, "gcPauseMsTotal": 9}