{"runInfo": {"sut": "PGBOUNCER", "workload": "W5_HTAP", "loadMode": "open-loop", "targetRps": 2, "concurrency": 0, "poolSize": 20, "instanceId": 11, "totalInstances": 16, "configuredDbConnectionBudget": 100, "configuredReplicas": 16, "seed": 42, "durationSeconds": 900, "timestamp": "2026-07-15T01:38:37Z", "openLoopAttemptedOps": 1801, "openLoopMissedOpportunities": 0, "openLoopSchedulingDelayMs": 0.0, "clientPooling": "hikari"}, "attemptedRps": 1.9399989874519443, "achievedThroughputRps": 1.4132585627634375, "successfulThroughputRps": 1.4132585627634375, "errorThroughputRps": 0.5655188608618938, "totalThroughputRps": 1.9787774236253313, "errorRate": 0.28579205225911813, "totalRequests": 1837, "successfulRequests": 1312, "failedRequests": 525, "latencyMs": {"p50": 25460.735, "p95": 44892.159, "p99": 79560.703, "p999": 127467.519, "max": 130940.927, "mean": 26953.60846343713, "meanSuccessful": 25734.385738567074, "meanFailed": 30000.44465288, "meanTotal": 26953.60846343713}, "errorsByType": {"SQLTransientConnectionException": 525}, "firstErrorMessageByType": {"SQLTransientConnectionException": "HikariPool-1 - Connection is not available, request timed out after 30001ms (total=4, active=4, idle=0, waiting=50)"}, "appCpuMedian": 0.025021894157387717, "gcPauseMsTotal": 2}