{"runInfo": {"sut": "PGBOUNCER", "workload": "W5_HTAP", "loadMode": "open-loop", "targetRps": 12, "concurrency": 0, "poolSize": 20, "instanceId": 3, "totalInstances": 4, "configuredDbConnectionBudget": 100, "configuredReplicas": 4, "seed": 42, "durationSeconds": 900, "timestamp": "2026-07-02T11:32:28Z", "openLoopAttemptedOps": 10801, "openLoopMissedOpportunities": 0, "openLoopSchedulingDelayMs": 0.0, "clientPooling": "hikari"}, "attemptedRps": 10.237817651017526, "achievedThroughputRps": 3.942142728504943, "successfulThroughputRps": 3.942142728504943, "errorThroughputRps": 6.653017506943062, "totalThroughputRps": 10.595160235448006, "errorRate": 0.6279298622293792, "totalRequests": 11178, "successfulRequests": 4159, "failedRequests": 7019, "latencyMs": {"p50": 29949.951, "p95": 39452.671, "p99": 46792.703, "p999": 65339.391, "max": 68943.871, "mean": 30557.028450764537, "meanSuccessful": 31496.662893964894, "meanFailed": 30000.218551669182, "meanTotal": 30557.028450764537}, "errorsByType": {"SQLTransientConnectionException": 7019}, "firstErrorMessageByType": {"SQLTransientConnectionException": "HikariPool-1 - Connection is not available, request timed out after 30000ms (total=17, active=17, idle=0, waiting=360)"}, "appCpuMedian": 0.15030060120240482, "gcPauseMsTotal": 11}