{"runInfo": {"sut": "HIKARI_DISCIPLINED", "workload": "W5_HTAP", "loadMode": "open-loop", "targetRps": 3, "concurrency": 0, "poolSize": 19, "instanceId": 5, "totalInstances": 16, "configuredDbConnectionBudget": 300, "configuredReplicas": 16, "seed": 42, "durationSeconds": 900, "timestamp": "2026-07-15T15:57:04Z", "openLoopAttemptedOps": 2701, "openLoopMissedOpportunities": 0, "openLoopSchedulingDelayMs": 0.0, "clientPooling": "hikari"}, "attemptedRps": 2.891956958611005, "achievedThroughputRps": 1.2363543802345867, "successfulThroughputRps": 1.2363543802345867, "errorThroughputRps": 1.7433024565591488, "totalThroughputRps": 2.9796568367937355, "errorRate": 0.5850681981335247, "totalRequests": 2786, "successfulRequests": 1156, "failedRequests": 1630, "latencyMs": {"p50": 20824.063, "p95": 137232.383, "p99": 398983.167, "p999": 428605.439, "max": 429916.159, "mean": 30524.890176224337, "meanSuccessful": 31264.48856314879, "meanFailed": 30000.315964746012, "meanTotal": 30524.890176224337}, "errorsByType": {"SQLTransientConnectionException": 1630}, "firstErrorMessageByType": {"SQLTransientConnectionException": "HikariPool-1 - Connection is not available, request timed out after 30000ms (total=19, active=19, idle=0, waiting=80)"}, "appCpuMedian": 0.025021894157387717, "gcPauseMsTotal": 0}