{"runInfo": {"sut": "PGBOUNCER", "workload": "W5_HTAP", "loadMode": "open-loop", "targetRps": 4, "concurrency": 0, "poolSize": 20, "instanceId": 9, "totalInstances": 16, "configuredDbConnectionBudget": 100, "configuredReplicas": 16, "seed": 42, "durationSeconds": 900, "timestamp": "2026-07-15T19:51:51Z", "openLoopAttemptedOps": 3601, "openLoopMissedOpportunities": 0, "openLoopSchedulingDelayMs": 0.0, "clientPooling": "hikari"}, "attemptedRps": 3.8513121840929365, "achievedThroughputRps": 1.6299360645814038, "successfulThroughputRps": 1.6299360645814038, "errorThroughputRps": 2.350787053772917, "totalThroughputRps": 3.980723118354321, "errorRate": 0.5905427189682966, "totalRequests": 3722, "successfulRequests": 1524, "failedRequests": 2198, "latencyMs": {"p50": 31375.359, "p95": 47087.615, "p99": 89718.783, "p999": 106102.783, "max": 107151.359, "mean": 31538.378900938205, "meanSuccessful": 33756.79630446194, "meanFailed": 30000.293879440855, "meanTotal": 31538.378900938205}, "errorsByType": {"SQLTransientConnectionException": 2198}, "firstErrorMessageByType": {"SQLTransientConnectionException": "HikariPool-1 - Connection is not available, request timed out after 30000ms (total=8, active=8, idle=0, waiting=120)"}, "appCpuMedian": 0.025034422330704718, "gcPauseMsTotal": 2}