{"runInfo": {"sut": "PGBOUNCER", "workload": "W5_HTAP", "loadMode": "open-loop", "targetRps": 2, "concurrency": 0, "poolSize": 20, "instanceId": 4, "totalInstances": 16, "configuredDbConnectionBudget": 100, "configuredReplicas": 16, "seed": 42, "durationSeconds": 900, "timestamp": "2026-07-15T08:13:53Z", "openLoopAttemptedOps": 1801, "openLoopMissedOpportunities": 0, "openLoopSchedulingDelayMs": 0.0, "clientPooling": "hikari"}, "attemptedRps": 1.9261887878914277, "achievedThroughputRps": 1.5529295502600515, "successfulThroughputRps": 1.5529295502600515, "errorThroughputRps": 0.3764677697600125, "totalThroughputRps": 1.929397320020064, "errorRate": 0.1951219512195122, "totalRequests": 1804, "successfulRequests": 1452, "failedRequests": 352, "latencyMs": {"p50": 23904.255, "p95": 39780.351, "p99": 67895.295, "p999": 103546.879, "max": 111214.591, "mean": 23725.91163945344, "meanSuccessful": 22204.805584022037, "meanFailed": 30000.463355670454, "meanTotal": 23725.91163945344}, "errorsByType": {"SQLTransientConnectionException": 352}, "firstErrorMessageByType": {"SQLTransientConnectionException": "HikariPool-1 - Connection is not available, request timed out after 30000ms (total=7, active=7, idle=0, waiting=37)"}, "appCpuMedian": 0.025015634771732333, "gcPauseMsTotal": 2}