{"runInfo": {"sut": "PGBOUNCER", "workload": "W5_HTAP", "loadMode": "open-loop", "targetRps": 4, "concurrency": 0, "poolSize": 20, "instanceId": 6, "totalInstances": 16, "configuredDbConnectionBudget": 100, "configuredReplicas": 16, "seed": 42, "durationSeconds": 900, "timestamp": "2026-07-15T21:31:20Z", "openLoopAttemptedOps": 3601, "openLoopMissedOpportunities": 0, "openLoopSchedulingDelayMs": 0.0, "clientPooling": "hikari"}, "attemptedRps": 3.8513121840929365, "achievedThroughputRps": 1.5101507370006182, "successfulThroughputRps": 1.5101507370006182, "errorThroughputRps": 2.4727114050605024, "totalThroughputRps": 3.9828621420611205, "errorRate": 0.6208378088077336, "totalRequests": 3724, "successfulRequests": 1412, "failedRequests": 2312, "latencyMs": {"p50": 31834.111, "p95": 50003.967, "p99": 95944.703, "p999": 104464.383, "max": 105578.495, "mean": 31531.844302507252, "meanSuccessful": 34039.51117280454, "meanFailed": 30000.235740198532, "meanTotal": 31531.844302507252}, "errorsByType": {"SQLTransientConnectionException": 2312}, "firstErrorMessageByType": {"SQLTransientConnectionException": "HikariPool-1 - Connection is not available, request timed out after 30000ms (total=6, active=6, idle=0, waiting=120)"}, "appCpuMedian": 0.02501876407305479, "gcPauseMsTotal": 1}