{"runInfo": {"sut": "PGBOUNCER", "workload": "W5_HTAP", "loadMode": "open-loop", "targetRps": 2, "concurrency": 0, "poolSize": 20, "instanceId": 2, "totalInstances": 16, "configuredDbConnectionBudget": 100, "configuredReplicas": 16, "seed": 42, "durationSeconds": 900, "timestamp": "2026-07-15T08:13:51Z", "openLoopAttemptedOps": 1801, "openLoopMissedOpportunities": 0, "openLoopSchedulingDelayMs": 0.0, "clientPooling": "hikari"}, "attemptedRps": 1.9503394413647395, "achievedThroughputRps": 1.590809905255304, "successfulThroughputRps": 1.590809905255304, "errorThroughputRps": 0.3681928984253256, "totalThroughputRps": 1.9590028036806295, "errorRate": 0.18794914317302377, "totalRequests": 1809, "successfulRequests": 1469, "failedRequests": 340, "latencyMs": {"p50": 22593.535, "p95": 39911.423, "p99": 69992.447, "p999": 97320.959, "max": 102563.839, "mean": 23370.469512651744, "meanSuccessful": 21835.677747447244, "meanFailed": 30000.449761347056, "meanTotal": 23370.469512651744}, "errorsByType": {"SQLTransientConnectionException": 340}, "firstErrorMessageByType": {"SQLTransientConnectionException": "HikariPool-1 - Connection is not available, request timed out after 30000ms (total=7, active=7, idle=0, waiting=42)"}, "appCpuMedian": 0.02501876407305479, "gcPauseMsTotal": 2}