{"runInfo": {"sut": "HIKARI_DISCIPLINED", "workload": "W5_HTAP", "loadMode": "open-loop", "targetRps": 3, "concurrency": 0, "poolSize": 19, "instanceId": 2, "totalInstances": 16, "configuredDbConnectionBudget": 300, "configuredReplicas": 16, "seed": 42, "durationSeconds": 900, "timestamp": "2026-07-15T14:17:51Z", "openLoopAttemptedOps": 2701, "openLoopMissedOpportunities": 0, "openLoopSchedulingDelayMs": 0.0, "clientPooling": "hikari"}, "attemptedRps": 2.898377122713651, "achievedThroughputRps": 1.4470495376500259, "successfulThroughputRps": 1.4470495376500259, "errorThroughputRps": 1.5390275570424148, "totalThroughputRps": 2.9860770946924404, "errorRate": 0.5154011461318052, "totalRequests": 2792, "successfulRequests": 1353, "failedRequests": 1439, "latencyMs": {"p50": 21184.511, "p95": 136314.879, "p99": 375914.495, "p999": 426508.287, "max": 432013.311, "mean": 29795.013291960247, "meanSuccessful": 29576.79359497413, "meanFailed": 30000.253652643503, "meanTotal": 29795.013291960247}, "errorsByType": {"SQLTransientConnectionException": 1439}, "firstErrorMessageByType": {"SQLTransientConnectionException": "HikariPool-1 - Connection is not available, request timed out after 30000ms (total=19, active=19, idle=0, waiting=80)"}, "appCpuMedian": 0.02501876407305479, "gcPauseMsTotal": 0}