{"runInfo": {"sut": "HIKARI_DISCIPLINED", "workload": "W5_HTAP", "loadMode": "open-loop", "targetRps": 2, "concurrency": 0, "poolSize": 19, "instanceId": 9, "totalInstances": 16, "configuredDbConnectionBudget": 300, "configuredReplicas": 16, "seed": 42, "durationSeconds": 900, "timestamp": "2026-07-15T02:44:13Z", "openLoopAttemptedOps": 1801, "openLoopMissedOpportunities": 0, "openLoopSchedulingDelayMs": 0.0, "clientPooling": "hikari"}, "attemptedRps": 1.9261887878914277, "achievedThroughputRps": 1.0876923916077634, "successfulThroughputRps": 1.0876923916077634, "errorThroughputRps": 0.8235232463500274, "totalThroughputRps": 1.9112156379577907, "errorRate": 0.43088975937325125, "totalRequests": 1787, "successfulRequests": 1017, "failedRequests": 770, "latencyMs": {"p50": 2703.359, "p95": 130088.959, "p99": 332660.735, "p999": 600834.047, "max": 614465.535, "mean": 25360.872413275363, "meanSuccessful": 21829.271189773848, "meanFailed": 29983.201134971685, "meanTotal": 25360.872413275363}, "errorsByType": {"SQLTransientConnectionException": 770}, "firstErrorMessageByType": {"SQLTransientConnectionException": "HikariPool-1 - Connection is not available, request timed out after 30001ms (total=19, active=19, idle=0, waiting=46)"}, "appCpuMedian": 0.025021894157387717, "gcPauseMsTotal": 0}