{"runInfo": {"sut": "HIKARI_DISCIPLINED", "workload": "W5_HTAP", "loadMode": "open-loop", "targetRps": 3, "concurrency": 0, "poolSize": 19, "instanceId": 14, "totalInstances": 16, "configuredDbConnectionBudget": 300, "configuredReplicas": 16, "seed": 42, "durationSeconds": 900, "timestamp": "2026-07-15T10:59:19Z", "openLoopAttemptedOps": 2700, "openLoopMissedOpportunities": 0, "openLoopSchedulingDelayMs": 0.0, "clientPooling": "hikari"}, "attemptedRps": 2.8887515160330524, "achievedThroughputRps": 1.3807398027392337, "successfulThroughputRps": 1.3807398027392337, "errorThroughputRps": 1.5796690074716098, "totalThroughputRps": 2.9604088102108435, "errorRate": 0.5335982658959537, "totalRequests": 2768, "successfulRequests": 1291, "failedRequests": 1477, "latencyMs": {"p50": 21512.191, "p95": 146931.711, "p99": 360185.855, "p999": 434896.895, "max": 444334.079, "mean": 30558.998339521317, "meanSuccessful": 31198.640063516654, "meanFailed": 30000.2588489763, "meanTotal": 30558.998339521317}, "errorsByType": {"SQLTransientConnectionException": 1477}, "firstErrorMessageByType": {"SQLTransientConnectionException": "HikariPool-1 - Connection is not available, request timed out after 30000ms (total=19, active=19, idle=0, waiting=80)"}, "appCpuMedian": 0.025021894157387717, "gcPauseMsTotal": 0}