{"runInfo": {"sut": "PGBOUNCER", "workload": "W5_HTAP", "loadMode": "open-loop", "targetRps": 3, "concurrency": 0, "poolSize": 20, "instanceId": 6, "totalInstances": 16, "configuredDbConnectionBudget": 100, "configuredReplicas": 16, "seed": 42, "durationSeconds": 900, "timestamp": "2026-07-15T13:11:40Z", "openLoopAttemptedOps": 2701, "openLoopMissedOpportunities": 0, "openLoopSchedulingDelayMs": 0.0, "clientPooling": "hikari"}, "attemptedRps": 2.8887484264823686, "achievedThroughputRps": 1.6395599177332363, "successfulThroughputRps": 1.6395599177332363, "errorThroughputRps": 1.335818876222317, "totalThroughputRps": 2.9753787939555534, "errorRate": 0.44895758447160317, "totalRequests": 2782, "successfulRequests": 1533, "failedRequests": 1249, "latencyMs": {"p50": 29900.799, "p95": 45449.215, "p99": 69795.839, "p999": 105775.103, "max": 106692.607, "mean": 30836.755819011505, "meanSuccessful": 31518.318956294846, "meanFailed": 30000.307235269815, "meanTotal": 30836.755819011505}, "errorsByType": {"SQLTransientConnectionException": 1249}, "firstErrorMessageByType": {"SQLTransientConnectionException": "HikariPool-1 - Connection is not available, request timed out after 30000ms (total=8, active=8, idle=0, waiting=85)"}, "appCpuMedian": 0.025025025025025023, "gcPauseMsTotal": 2}