{"runInfo": {"sut": "HIKARI_DISCIPLINED", "workload": "W5_HTAP", "loadMode": "open-loop", "targetRps": 2, "concurrency": 0, "poolSize": 19, "instanceId": 2, "totalInstances": 16, "configuredDbConnectionBudget": 300, "configuredReplicas": 16, "seed": 42, "durationSeconds": 900, "timestamp": "2026-07-15T07:40:34Z", "openLoopAttemptedOps": 1800, "openLoopMissedOpportunities": 0, "openLoopSchedulingDelayMs": 0.0, "clientPooling": "hikari"}, "attemptedRps": 1.9261887878914277, "achievedThroughputRps": 1.4887589076873222, "successfulThroughputRps": 1.4887589076873222, "errorThroughputRps": 0.42887379452774155, "totalThroughputRps": 1.9176327022150637, "errorRate": 0.22364751812604575, "totalRequests": 1793, "successfulRequests": 1392, "failedRequests": 401, "latencyMs": {"p50": 43.327, "p95": 67829.759, "p99": 231079.935, "p999": 422838.271, "max": 427819.007, "mean": 18287.414648981037, "meanSuccessful": 14913.363869971265, "meanFailed": 30000.33410838404, "meanTotal": 18287.414648981037}, "errorsByType": {"SQLTransientConnectionException": 401}, "firstErrorMessageByType": {"SQLTransientConnectionException": "HikariPool-1 - Connection is not available, request timed out after 30001ms (total=19, active=19, idle=0, waiting=39)"}, "appCpuMedian": 0.02502815667626079, "gcPauseMsTotal": 0}