{"runInfo": {"sut": "HIKARI_DISCIPLINED", "workload": "W5_HTAP", "loadMode": "open-loop", "targetRps": 4, "concurrency": 0, "poolSize": 19, "instanceId": 5, "totalInstances": 16, "configuredDbConnectionBudget": 300, "configuredReplicas": 16, "seed": 42, "durationSeconds": 900, "timestamp": "2026-07-15T20:58:00Z", "openLoopAttemptedOps": 3601, "openLoopMissedOpportunities": 0, "openLoopSchedulingDelayMs": 0.0, "clientPooling": "hikari"}, "attemptedRps": 3.8598641507496736, "achievedThroughputRps": 1.3294018119650441, "successfulThroughputRps": 1.3294018119650441, "errorThroughputRps": 2.65131704896327, "totalThroughputRps": 3.980718860928314, "errorRate": 0.6660397635679742, "totalRequests": 3722, "successfulRequests": 1243, "failedRequests": 2479, "latencyMs": {"p50": 23314.431, "p95": 151912.447, "p99": 402653.183, "p999": 442236.927, "max": 459538.431, "mean": 30932.636084794733, "meanSuccessful": 32791.972520514886, "meanFailed": 30000.275105060915, "meanTotal": 30932.636084794733}, "errorsByType": {"SQLTransientConnectionException": 2479}, "firstErrorMessageByType": {"SQLTransientConnectionException": "HikariPool-1 - Connection is not available, request timed out after 30000ms (total=19, active=19, idle=0, waiting=112)"}, "appCpuMedian": 0.025025025025025023, "gcPauseMsTotal": 0}