{"runInfo": {"sut": "PGBOUNCER", "workload": "W5_HTAP", "loadMode": "open-loop", "targetRps": 4, "concurrency": 0, "poolSize": 20, "instanceId": 4, "totalInstances": 16, "configuredDbConnectionBudget": 100, "configuredReplicas": 16, "seed": 42, "durationSeconds": 900, "timestamp": "2026-07-15T21:31:18Z", "openLoopAttemptedOps": 3600, "openLoopMissedOpportunities": 0, "openLoopSchedulingDelayMs": 0.0, "clientPooling": "hikari"}, "attemptedRps": 3.8513121840929365, "achievedThroughputRps": 1.6759250742775982, "successfulThroughputRps": 1.6759250742775982, "errorThroughputRps": 2.2898248781291244, "totalThroughputRps": 3.9657499524067226, "errorRate": 0.5774002157497303, "totalRequests": 3708, "successfulRequests": 1567, "failedRequests": 2141, "latencyMs": {"p50": 31277.055, "p95": 48398.335, "p99": 83886.079, "p999": 105119.743, "max": 105971.711, "mean": 31121.645458436353, "meanSuccessful": 32653.940645820036, "meanFailed": 30000.25876749743, "meanTotal": 31121.645458436353}, "errorsByType": {"SQLTransientConnectionException": 2141}, "firstErrorMessageByType": {"SQLTransientConnectionException": "HikariPool-1 - Connection is not available, request timed out after 30000ms (total=11, active=11, idle=0, waiting=120)"}, "appCpuMedian": 0.025021894157387717, "gcPauseMsTotal": 1}