{"runInfo": {"sut": "PGBOUNCER", "workload": "W5_HTAP", "loadMode": "open-loop", "targetRps": 2, "concurrency": 0, "poolSize": 20, "instanceId": 4, "totalInstances": 16, "configuredDbConnectionBudget": 100, "configuredReplicas": 16, "seed": 42, "durationSeconds": 900, "timestamp": "2026-07-15T01:38:32Z", "openLoopAttemptedOps": 1801, "openLoopMissedOpportunities": 0, "openLoopSchedulingDelayMs": 0.0, "clientPooling": "hikari"}, "attemptedRps": 1.9261908479731682, "achievedThroughputRps": 1.303734949294443, "successfulThroughputRps": 1.303734949294443, "errorThroughputRps": 0.6545412542807212, "totalThroughputRps": 1.9582762035751642, "errorRate": 0.3342435827416712, "totalRequests": 1831, "successfulRequests": 1219, "failedRequests": 612, "latencyMs": {"p50": 26722.303, "p95": 49577.983, "p99": 75431.935, "p999": 121634.815, "max": 121962.495, "mean": 28015.55347382687, "meanSuccessful": 27019.033459392947, "meanFailed": 30000.345856735294, "meanTotal": 28015.55347382687}, "errorsByType": {"SQLTransientConnectionException": 612}, "firstErrorMessageByType": {"SQLTransientConnectionException": "HikariPool-1 - Connection is not available, request timed out after 30000ms (total=4, active=4, idle=0, waiting=40)"}, "appCpuMedian": 0.025015634771732333, "gcPauseMsTotal": 2}