{"runInfo": {"sut": "HIKARI_DISCIPLINED", "workload": "W5_HTAP", "loadMode": "open-loop", "targetRps": 2, "concurrency": 0, "poolSize": 19, "instanceId": 6, "totalInstances": 16, "configuredDbConnectionBudget": 300, "configuredReplicas": 16, "seed": 42, "durationSeconds": 900, "timestamp": "2026-07-15T06:01:54Z", "openLoopAttemptedOps": 1801, "openLoopMissedOpportunities": 0, "openLoopSchedulingDelayMs": 0.0, "clientPooling": "hikari"}, "attemptedRps": 1.9261887878914277, "achievedThroughputRps": 1.0470509846450349, "successfulThroughputRps": 1.0470509846450349, "errorThroughputRps": 0.8759292711177564, "totalThroughputRps": 1.922980255762791, "errorRate": 0.45550611790878753, "totalRequests": 1798, "successfulRequests": 979, "failedRequests": 819, "latencyMs": {"p50": 7032.831, "p95": 140771.327, "p99": 457441.279, "p999": 604504.063, "max": 604504.063, "mean": 26812.97815831702, "meanSuccessful": 24147.00121348315, "meanFailed": 30000.297239277166, "meanTotal": 26812.97815831702}, "errorsByType": {"SQLTransientConnectionException": 819}, "firstErrorMessageByType": {"SQLTransientConnectionException": "HikariPool-1 - Connection is not available, request timed out after 30001ms (total=19, active=19, idle=0, waiting=46)"}, "appCpuMedian": 0.025015634771732333, "gcPauseMsTotal": 0}