{"runInfo": {"sut": "HIKARI_DISCIPLINED", "workload": "W5_HTAP", "loadMode": "open-loop", "targetRps": 8, "concurrency": 0, "poolSize": 20, "instanceId": 3, "totalInstances": 4, "configuredDbConnectionBudget": 80, "configuredReplicas": 4, "seed": 42, "durationSeconds": 900, "timestamp": "2026-07-05T07:03:54Z", "openLoopAttemptedOps": 7201, "openLoopMissedOpportunities": 0, "openLoopSchedulingDelayMs": 0.0, "clientPooling": "hikari"}, "attemptedRps": 7.7015466194370745, "achievedThroughputRps": 3.9154787076460393, "successfulThroughputRps": 3.9154787076460393, "errorThroughputRps": 4.041680971372407, "totalThroughputRps": 7.957159679018447, "errorRate": 0.5079301075268817, "totalRequests": 7440, "successfulRequests": 3661, "failedRequests": 3779, "latencyMs": {"p50": 28573.695, "p95": 77725.695, "p99": 184287.231, "p999": 193855.487, "max": 196345.855, "mean": 31199.762805809274, "meanSuccessful": 32437.91525457525, "meanFailed": 30000.255326657843, "meanTotal": 31199.762805809274}, "errorsByType": {"SQLTransientConnectionException": 3779}, "firstErrorMessageByType": {"SQLTransientConnectionException": "HikariPool-1 - Connection is not available, request timed out after 30000ms (total=20, active=20, idle=0, waiting=239)"}, "appCpuMedian": 0.20030045067601399, "gcPauseMsTotal": 15}