{"runInfo": {"sut": "HIKARI_DISCIPLINED", "workload": "W5_HTAP", "loadMode": "open-loop", "targetRps": 5, "concurrency": 0, "poolSize": 19, "instanceId": 3, "totalInstances": 4, "configuredDbConnectionBudget": 75, "configuredReplicas": 4, "seed": 42, "durationSeconds": 1800, "timestamp": "2026-05-23T01:47:07Z", "openLoopAttemptedOps": 10501, "openLoopMissedOpportunities": 0, "openLoopSchedulingDelayMs": 0.078888, "clientPooling": "hikari"}, "attemptedRps": 3.991549498140588, "achievedThroughputRps": 0.5285998224401267, "successfulThroughputRps": 0.5285998224401267, "errorThroughputRps": 3.5325723033205114, "totalThroughputRps": 4.061172125760638, "errorRate": 0.8698405765450972, "totalRequests": 9158, "successfulRequests": 1192, "failedRequests": 7966, "latencyMs": {"p50": 28295.167, "p95": 60030.975, "p99": 60030.975, "p999": 60030.975, "max": 60030.975, "mean": 32971.79243990435, "meanSuccessful": 26348.291911073826, "meanFailed": 30000.293793570047, "meanTotal": 32971.79243990435}, "errorsByType": {"SQLTransientConnectionException": 7966}, "firstErrorMessageByType": {"SQLTransientConnectionException": "HikariPool-1 - Connection is not available, request timed out after 30000ms (total=19, active=19, idle=0, waiting=145)"}, "appCpuMedian": 0.5020080321285141, "gcPauseMsTotal": 3647}