{"runInfo": {"sut": "PGBOUNCER", "workload": "W5_HTAP", "loadMode": "open-loop", "targetRps": 5, "concurrency": 0, "poolSize": 20, "instanceId": 1, "totalInstances": 4, "configuredDbConnectionBudget": 100, "configuredReplicas": 4, "seed": 42, "durationSeconds": 1800, "timestamp": "2026-05-23T06:53:03Z", "openLoopAttemptedOps": 10501, "openLoopMissedOpportunities": 0, "openLoopSchedulingDelayMs": 0.101362, "clientPooling": "hikari"}, "attemptedRps": 3.9915229471550036, "achievedThroughputRps": 0.7166204957896328, "successfulThroughputRps": 0.7166204957896328, "errorThroughputRps": 3.34541152242388, "totalThroughputRps": 4.062032018213513, "errorRate": 0.8235807860262009, "totalRequests": 9160, "successfulRequests": 1616, "failedRequests": 7544, "latencyMs": {"p50": 29114.367, "p95": 60030.975, "p99": 60030.975, "p999": 66191.359, "max": 66355.199, "mean": 30638.51593689465, "meanSuccessful": 31328.66407920792, "meanFailed": 30000.24811713176, "meanTotal": 30638.51593689465}, "errorsByType": {"SQLTransientConnectionException": 7544}, "firstErrorMessageByType": {"SQLTransientConnectionException": "HikariPool-1 - Connection is not available, request timed out after 30015ms (total=9, active=9, idle=0, waiting=150)"}, "appCpuMedian": 0.10030090270812438, "gcPauseMsTotal": 3256}