{"runInfo": {"sut": "PGBOUNCER", "workload": "W5_HTAP", "loadMode": "open-loop", "targetRps": 12, "concurrency": 0, "poolSize": 20, "instanceId": 0, "totalInstances": 4, "configuredDbConnectionBudget": 100, "configuredReplicas": 4, "seed": 42, "durationSeconds": 900, "timestamp": "2026-07-02T14:40:58Z", "openLoopAttemptedOps": 10801, "openLoopMissedOpportunities": 0, "openLoopSchedulingDelayMs": 0.0, "clientPooling": "hikari"}, "attemptedRps": 10.237827355027303, "achievedThroughputRps": 4.001861595493498, "successfulThroughputRps": 4.001861595493498, "errorThroughputRps": 6.580986512911264, "totalThroughputRps": 10.582848108404763, "errorRate": 0.6218540080609046, "totalRequests": 11165, "successfulRequests": 4222, "failedRequests": 6943, "latencyMs": {"p50": 29982.719, "p95": 39387.135, "p99": 43876.351, "p999": 61472.767, "max": 65241.087, "mean": 30550.083509866818, "meanSuccessful": 31454.391279962103, "meanFailed": 30000.213122106008, "meanTotal": 30550.083509866818}, "errorsByType": {"SQLTransientConnectionException": 6943}, "firstErrorMessageByType": {"SQLTransientConnectionException": "HikariPool-1 - Connection is not available, request timed out after 30000ms (total=9, active=9, idle=0, waiting=348)"}, "appCpuMedian": 0.15037593984962408, "gcPauseMsTotal": 14}