{"runInfo": {"sut": "PGBOUNCER", "workload": "W5_HTAP", "loadMode": "open-loop", "targetRps": 4, "concurrency": 0, "poolSize": 20, "instanceId": 5, "totalInstances": 16, "configuredDbConnectionBudget": 100, "configuredReplicas": 16, "seed": 42, "durationSeconds": 900, "timestamp": "2026-07-15T23:10:49Z", "openLoopAttemptedOps": 3601, "openLoopMissedOpportunities": 0, "openLoopSchedulingDelayMs": 0.0, "clientPooling": "hikari"}, "attemptedRps": 3.85130806507331, "achievedThroughputRps": 1.5871538929655074, "successfulThroughputRps": 1.5871538929655074, "errorThroughputRps": 2.3914259465437158, "totalThroughputRps": 3.9785798395092233, "errorRate": 0.6010752688172043, "totalRequests": 3720, "successfulRequests": 1484, "failedRequests": 2236, "latencyMs": {"p50": 31965.183, "p95": 51740.671, "p99": 87228.415, "p999": 108265.471, "max": 109510.655, "mean": 31629.91078452258, "meanSuccessful": 34085.500722371966, "meanFailed": 30000.29389131619, "meanTotal": 31629.91078452258}, "errorsByType": {"SQLTransientConnectionException": 2236}, "firstErrorMessageByType": {"SQLTransientConnectionException": "HikariPool-1 - Connection is not available, request timed out after 30000ms (total=9, active=9, idle=0, waiting=114)"}, "appCpuMedian": 0.025025025025025023, "gcPauseMsTotal": 2}