{"runInfo": {"sut": "HIKARI_DISCIPLINED", "workload": "W5_HTAP", "loadMode": "open-loop", "targetRps": 3, "concurrency": 0, "poolSize": 19, "instanceId": 8, "totalInstances": 16, "configuredDbConnectionBudget": 300, "configuredReplicas": 16, "seed": 42, "durationSeconds": 900, "timestamp": "2026-07-15T09:19:29Z", "openLoopAttemptedOps": 2701, "openLoopMissedOpportunities": 0, "openLoopSchedulingDelayMs": 0.0, "clientPooling": "hikari"}, "attemptedRps": 2.8940990753000517, "achievedThroughputRps": 1.346515423430438, "successfulThroughputRps": 1.346515423430438, "errorThroughputRps": 1.6342141119950033, "totalThroughputRps": 2.980729535425441, "errorRate": 0.5482597775385719, "totalRequests": 2787, "successfulRequests": 1259, "failedRequests": 1528, "latencyMs": {"p50": 20643.839, "p95": 141295.615, "p99": 360710.143, "p999": 431226.879, "max": 434110.463, "mean": 30205.480855571943, "meanSuccessful": 30454.801430500396, "meanFailed": 30000.256561888742, "meanTotal": 30205.480855571943}, "errorsByType": {"SQLTransientConnectionException": 1528}, "firstErrorMessageByType": {"SQLTransientConnectionException": "HikariPool-1 - Connection is not available, request timed out after 30000ms (total=19, active=19, idle=0, waiting=80)"}, "appCpuMedian": 0.025021894157387717, "gcPauseMsTotal": 0}