{"runInfo": {"sut": "PGBOUNCER", "workload": "W5_HTAP", "loadMode": "open-loop", "targetRps": 2, "concurrency": 0, "poolSize": 20, "instanceId": 5, "totalInstances": 16, "configuredDbConnectionBudget": 100, "configuredReplicas": 16, "seed": 42, "durationSeconds": 900, "timestamp": "2026-07-15T03:17:25Z", "openLoopAttemptedOps": 1801, "openLoopMissedOpportunities": 0, "openLoopSchedulingDelayMs": 0.0, "clientPooling": "hikari"}, "attemptedRps": 1.9261887878914277, "achievedThroughputRps": 1.130472819989583, "successfulThroughputRps": 1.130472819989583, "errorThroughputRps": 0.8502610140886646, "totalThroughputRps": 1.9807338340782477, "errorRate": 0.4292656587473002, "totalRequests": 1852, "successfulRequests": 1057, "failedRequests": 795, "latencyMs": {"p50": 28884.991, "p95": 50561.023, "p99": 106954.751, "p999": 117637.119, "max": 122028.031, "mean": 29728.84287547408, "meanSuccessful": 29524.654250709555, "meanFailed": 30000.402575010063, "meanTotal": 29728.84287547408}, "errorsByType": {"SQLTransientConnectionException": 795}, "firstErrorMessageByType": {"SQLTransientConnectionException": "HikariPool-1 - Connection is not available, request timed out after 30000ms (total=13, active=13, idle=0, waiting=47)"}, "appCpuMedian": 0.025025025025025023, "gcPauseMsTotal": 2}