{"runInfo": {"sut": "HIKARI_DISCIPLINED", "workload": "W5_HTAP", "loadMode": "open-loop", "targetRps": 3, "concurrency": 0, "poolSize": 19, "instanceId": 7, "totalInstances": 16, "configuredDbConnectionBudget": 300, "configuredReplicas": 16, "seed": 42, "durationSeconds": 900, "timestamp": "2026-07-15T14:17:55Z", "openLoopAttemptedOps": 2701, "openLoopMissedOpportunities": 0, "openLoopSchedulingDelayMs": 0.0, "clientPooling": "hikari"}, "attemptedRps": 2.898374022868278, "achievedThroughputRps": 1.1989215054004945, "successfulThroughputRps": 1.1989215054004945, "errorThroughputRps": 1.787152395650514, "totalThroughputRps": 2.9860739010510082, "errorRate": 0.5984957020057307, "totalRequests": 2792, "successfulRequests": 1121, "failedRequests": 1671, "latencyMs": {"p50": 21790.719, "p95": 150601.727, "p99": 383778.815, "p999": 428867.583, "max": 432013.311, "mean": 30762.922186994627, "meanSuccessful": 31899.307318465653, "meanFailed": 30000.297215013765, "meanTotal": 30762.922186994627}, "errorsByType": {"SQLTransientConnectionException": 1671}, "firstErrorMessageByType": {"SQLTransientConnectionException": "HikariPool-1 - Connection is not available, request timed out after 30000ms (total=19, active=19, idle=0, waiting=80)"}, "appCpuMedian": 0.025021894157387717, "gcPauseMsTotal": 0}