{"runInfo": {"sut": "HIKARI_DISCIPLINED", "workload": "W5_HTAP", "loadMode": "open-loop", "targetRps": 4, "concurrency": 0, "poolSize": 19, "instanceId": 2, "totalInstances": 16, "configuredDbConnectionBudget": 300, "configuredReplicas": 16, "seed": 42, "durationSeconds": 900, "timestamp": "2026-07-16T00:17:09Z", "openLoopAttemptedOps": 3601, "openLoopMissedOpportunities": 0, "openLoopSchedulingDelayMs": 0.0, "clientPooling": "hikari"}, "attemptedRps": 3.8513121840929365, "achievedThroughputRps": 1.2438422855040503, "successfulThroughputRps": 1.2438422855040503, "errorThroughputRps": 2.7283247380230717, "totalThroughputRps": 3.972167023527122, "errorRate": 0.6868605277329025, "totalRequests": 3714, "successfulRequests": 1163, "failedRequests": 2551, "latencyMs": {"p50": 25772.031, "p95": 157024.255, "p99": 407633.919, "p999": 436994.047, "max": 445120.511, "mean": 32080.2704547601, "meanSuccessful": 36642.271313843514, "meanFailed": 30000.224940020773, "meanTotal": 32080.2704547601}, "errorsByType": {"SQLTransientConnectionException": 2551}, "firstErrorMessageByType": {"SQLTransientConnectionException": "HikariPool-1 - Connection is not available, request timed out after 30000ms (total=19, active=19, idle=0, waiting=112)"}, "appCpuMedian": 0.02502815667626079, "gcPauseMsTotal": 0}