{"runInfo": {"sut": "HIKARI_DISCIPLINED", "workload": "W5_HTAP", "loadMode": "open-loop", "targetRps": 8, "concurrency": 0, "poolSize": 20, "instanceId": 1, "totalInstances": 4, "configuredDbConnectionBudget": 80, "configuredReplicas": 4, "seed": 42, "durationSeconds": 900, "timestamp": "2026-07-12T06:26:00Z", "openLoopAttemptedOps": 7201, "openLoopMissedOpportunities": 0, "openLoopSchedulingDelayMs": 0.0, "clientPooling": "hikari"}, "attemptedRps": 7.70152190885659, "achievedThroughputRps": 3.115474700805339, "successfulThroughputRps": 3.115474700805339, "errorThroughputRps": 4.828825360156576, "totalThroughputRps": 7.944300060961915, "errorRate": 0.6078352180936996, "totalRequests": 7428, "successfulRequests": 2913, "failedRequests": 4515, "latencyMs": {"p50": 28819.455, "p95": 96600.063, "p99": 229900.287, "p999": 242876.415, "max": 243924.991, "mean": 31594.148450352317, "meanSuccessful": 34064.77160933745, "meanFailed": 30000.194679066884, "meanTotal": 31594.148450352317}, "errorsByType": {"SQLTransientConnectionException": 4515}, "firstErrorMessageByType": {"SQLTransientConnectionException": "HikariPool-1 - Connection is not available, request timed out after 30000ms (total=20, active=20, idle=0, waiting=240)"}, "appCpuMedian": 0.1503006012024048, "gcPauseMsTotal": 15}