{"runInfo": {"sut": "PGBOUNCER", "workload": "W5_HTAP", "loadMode": "open-loop", "targetRps": 2, "concurrency": 0, "poolSize": 20, "instanceId": 8, "totalInstances": 16, "configuredDbConnectionBudget": 100, "configuredReplicas": 16, "seed": 42, "durationSeconds": 900, "timestamp": "2026-07-15T04:56:25Z", "openLoopAttemptedOps": 1801, "openLoopMissedOpportunities": 0, "openLoopSchedulingDelayMs": 0.0, "clientPooling": "hikari"}, "attemptedRps": 1.9261929080593152, "achievedThroughputRps": 1.3358217335736173, "successfulThroughputRps": 1.3358217335736173, "errorThroughputRps": 0.6181785124143722, "totalThroughputRps": 1.9540002459879893, "errorRate": 0.3163656267104543, "totalRequests": 1827, "successfulRequests": 1249, "failedRequests": 578, "latencyMs": {"p50": 27099.135, "p95": 46628.863, "p99": 103546.879, "p999": 127729.663, "max": 127926.271, "mean": 28302.445108675973, "meanSuccessful": 27516.36320816653, "meanFailed": 30000.37543165225, "meanTotal": 28302.445108675973}, "errorsByType": {"SQLTransientConnectionException": 578}, "firstErrorMessageByType": {"SQLTransientConnectionException": "HikariPool-1 - Connection is not available, request timed out after 30000ms (total=6, active=6, idle=0, waiting=43)"}, "appCpuMedian": 0.025015634771732333, "gcPauseMsTotal": 2}