{"runInfo": {"sut": "HIKARI_DISCIPLINED", "workload": "W5_HTAP", "loadMode": "open-loop", "targetRps": 2, "concurrency": 0, "poolSize": 19, "instanceId": 14, "totalInstances": 16, "configuredDbConnectionBudget": 300, "configuredReplicas": 16, "seed": 42, "durationSeconds": 900, "timestamp": "2026-07-15T06:02:01Z", "openLoopAttemptedOps": 1801, "openLoopMissedOpportunities": 0, "openLoopSchedulingDelayMs": 0.0, "clientPooling": "hikari"}, "attemptedRps": 1.9261908479731682, "achievedThroughputRps": 1.1540032898184611, "successfulThroughputRps": 1.1540032898184611, "errorThroughputRps": 0.7668399988877077, "totalThroughputRps": 1.9208432887061688, "errorRate": 0.3992204899777283, "totalRequests": 1796, "successfulRequests": 1079, "failedRequests": 717, "latencyMs": {"p50": 251.775, "p95": 127270.911, "p99": 324009.983, "p999": 554172.415, "max": 564133.887, "mean": 23903.98792198218, "meanSuccessful": 19852.965282669138, "meanFailed": 30000.282748362624, "meanTotal": 23903.98792198218}, "errorsByType": {"SQLTransientConnectionException": 717}, "firstErrorMessageByType": {"SQLTransientConnectionException": "HikariPool-1 - Connection is not available, request timed out after 30001ms (total=19, active=19, idle=0, waiting=46)"}, "appCpuMedian": 0.025015634771732333, "gcPauseMsTotal": 0}