{"runInfo": {"sut": "HIKARI_DISCIPLINED", "workload": "W5_HTAP", "loadMode": "open-loop", "targetRps": 4, "concurrency": 0, "poolSize": 19, "instanceId": 1, "totalInstances": 16, "configuredDbConnectionBudget": 300, "configuredReplicas": 16, "seed": 42, "durationSeconds": 900, "timestamp": "2026-07-16T00:17:09Z", "openLoopAttemptedOps": 3601, "openLoopMissedOpportunities": 0, "openLoopSchedulingDelayMs": 0.0, "clientPooling": "hikari"}, "attemptedRps": 3.8598682789201355, "achievedThroughputRps": 1.4352849072626273, "successfulThroughputRps": 1.4352849072626273, "errorThroughputRps": 2.5454382110916938, "totalThroughputRps": 3.980723118354321, "errorRate": 0.6394411606663084, "totalRequests": 3722, "successfulRequests": 1342, "failedRequests": 2380, "latencyMs": {"p50": 24985.599, "p95": 144703.487, "p99": 393478.143, "p999": 440926.207, "max": 443023.359, "mean": 31549.133719997044, "meanSuccessful": 34296.44383159464, "meanFailed": 30000.273911998742, "meanTotal": 31549.133719997044}, "errorsByType": {"SQLTransientConnectionException": 2380}, "firstErrorMessageByType": {"SQLTransientConnectionException": "HikariPool-1 - Connection is not available, request timed out after 30000ms (total=19, active=19, idle=0, waiting=112)"}, "appCpuMedian": 0.02502815667626079, "gcPauseMsTotal": 0}