{"runInfo": {"sut": "PGBOUNCER", "workload": "W5_HTAP", "loadMode": "open-loop", "targetRps": 4, "concurrency": 0, "poolSize": 20, "instanceId": 15, "totalInstances": 16, "configuredDbConnectionBudget": 100, "configuredReplicas": 16, "seed": 42, "durationSeconds": 900, "timestamp": "2026-07-15T21:31:27Z", "openLoopAttemptedOps": 3601, "openLoopMissedOpportunities": 0, "openLoopSchedulingDelayMs": 0.0, "clientPooling": "hikari"}, "attemptedRps": 3.8513121840929365, "achievedThroughputRps": 1.5721824244978106, "successfulThroughputRps": 1.5721824244978106, "errorThroughputRps": 2.4128187412701094, "totalThroughputRps": 3.9850011657679203, "errorRate": 0.605475040257649, "totalRequests": 3726, "successfulRequests": 1470, "failedRequests": 2256, "latencyMs": {"p50": 31621.119, "p95": 44695.551, "p99": 91160.575, "p999": 106495.999, "max": 107544.575, "mean": 31344.83296468572, "meanSuccessful": 33408.568555102036, "meanFailed": 30000.292216953014, "meanTotal": 31344.83296468572}, "errorsByType": {"SQLTransientConnectionException": 2256}, "firstErrorMessageByType": {"SQLTransientConnectionException": "HikariPool-1 - Connection is not available, request timed out after 30000ms (total=9, active=9, idle=0, waiting=120)"}, "appCpuMedian": 0.02502815667626079, "gcPauseMsTotal": 2}