{"runInfo": {"sut": "HIKARI_DISCIPLINED", "workload": "W5_HTAP", "loadMode": "open-loop", "targetRps": 4, "concurrency": 0, "poolSize": 19, "instanceId": 9, "totalInstances": 16, "configuredDbConnectionBudget": 300, "configuredReplicas": 16, "seed": 42, "durationSeconds": 900, "timestamp": "2026-07-15T22:37:24Z", "openLoopAttemptedOps": 3600, "openLoopMissedOpportunities": 0, "openLoopSchedulingDelayMs": 0.0, "clientPooling": "hikari"}, "attemptedRps": 3.8534512077997363, "achievedThroughputRps": 1.2577459395982487, "successfulThroughputRps": 1.2577459395982487, "errorThroughputRps": 2.716560107635673, "totalThroughputRps": 3.9743060472339216, "errorRate": 0.6835306781485468, "totalRequests": 3716, "successfulRequests": 1176, "failedRequests": 2540, "latencyMs": {"p50": 25460.735, "p95": 160301.055, "p99": 406323.199, "p999": 436994.047, "max": 441712.639, "mean": 31955.351278203714, "meanSuccessful": 36177.79321088435, "meanFailed": 30000.269128581494, "meanTotal": 31955.351278203714}, "errorsByType": {"SQLTransientConnectionException": 2540}, "firstErrorMessageByType": {"SQLTransientConnectionException": "HikariPool-1 - Connection is not available, request timed out after 30000ms (total=19, active=19, idle=0, waiting=112)"}, "appCpuMedian": 0.025025025025025023, "gcPauseMsTotal": 0}