{"runInfo": {"sut": "HIKARI_DISCIPLINED", "workload": "W5_HTAP", "loadMode": "open-loop", "targetRps": 12, "concurrency": 0, "poolSize": 20, "instanceId": 3, "totalInstances": 4, "configuredDbConnectionBudget": 80, "configuredReplicas": 4, "seed": 42, "durationSeconds": 900, "timestamp": "2026-07-05T16:26:29Z", "openLoopAttemptedOps": 10801, "openLoopMissedOpportunities": 0, "openLoopSchedulingDelayMs": 0.0, "clientPooling": "hikari"}, "attemptedRps": 11.55178517380084, "achievedThroughputRps": 4.527238833506059, "successfulThroughputRps": 4.527238833506059, "errorThroughputRps": 7.412778727859791, "totalThroughputRps": 11.94001756136585, "errorRate": 0.6208348262271587, "totalRequests": 11164, "successfulRequests": 4233, "failedRequests": 6931, "latencyMs": {"p50": 29360.127, "p95": 76218.367, "p99": 171180.031, "p999": 183500.799, "max": 184549.375, "mean": 31176.803944761556, "meanSuccessful": 33103.37526624143, "meanFailed": 30000.238194514503, "meanTotal": 31176.803944761556}, "errorsByType": {"SQLTransientConnectionException": 6931}, "firstErrorMessageByType": {"SQLTransientConnectionException": "HikariPool-1 - Connection is not available, request timed out after 30000ms (total=20, active=20, idle=0, waiting=360)"}, "appCpuMedian": 0.250501002004008, "gcPauseMsTotal": 19}