{"runInfo": {"sut": "PGBOUNCER", "workload": "W5_HTAP", "loadMode": "open-loop", "targetRps": 2, "concurrency": 0, "poolSize": 20, "instanceId": 13, "totalInstances": 16, "configuredDbConnectionBudget": 100, "configuredReplicas": 16, "seed": 42, "durationSeconds": 900, "timestamp": "2026-07-15T01:38:38Z", "openLoopAttemptedOps": 1801, "openLoopMissedOpportunities": 0, "openLoopSchedulingDelayMs": 0.0, "clientPooling": "hikari"}, "attemptedRps": 1.9261887878914277, "achievedThroughputRps": 1.3433054511891356, "successfulThroughputRps": 1.3433054511891356, "errorThroughputRps": 0.6181771901172933, "totalThroughputRps": 1.9614826413064288, "errorRate": 0.31515812431842966, "totalRequests": 1834, "successfulRequests": 1256, "failedRequests": 578, "latencyMs": {"p50": 25493.503, "p95": 46268.415, "p99": 83689.471, "p999": 122028.031, "max": 123535.359, "mean": 26010.18366095311, "meanSuccessful": 24174.118593949046, "meanFailed": 30000.40899164187, "meanTotal": 26010.18366095311}, "errorsByType": {"SQLTransientConnectionException": 578}, "firstErrorMessageByType": {"SQLTransientConnectionException": "HikariPool-1 - Connection is not available, request timed out after 30001ms (total=4, active=4, idle=0, waiting=51)"}, "appCpuMedian": 0.025021894157387717, "gcPauseMsTotal": 2}