{"runInfo": {"sut": "HIKARI_DISCIPLINED", "workload": "W5_HTAP", "loadMode": "open-loop", "targetRps": 12, "concurrency": 0, "poolSize": 20, "instanceId": 2, "totalInstances": 4, "configuredDbConnectionBudget": 80, "configuredReplicas": 4, "seed": 42, "durationSeconds": 900, "timestamp": "2026-07-05T13:18:28Z", "openLoopAttemptedOps": 10800, "openLoopMissedOpportunities": 0, "openLoopSchedulingDelayMs": 0.0, "clientPooling": "hikari"}, "attemptedRps": 11.551772819056094, "achievedThroughputRps": 3.9304476539238165, "successfulThroughputRps": 3.9304476539238165, "errorThroughputRps": 8.009557137479037, "totalThroughputRps": 11.940004791402854, "errorRate": 0.670816911501254, "totalRequests": 11164, "successfulRequests": 3675, "failedRequests": 7489, "latencyMs": {"p50": 29409.279, "p95": 82182.143, "p99": 191889.407, "p999": 200802.303, "max": 203292.671, "mean": 31253.71441099534, "meanSuccessful": 33808.26774857142, "meanFailed": 30000.190071506477, "meanTotal": 31253.71441099534}, "errorsByType": {"SQLTransientConnectionException": 7489}, "firstErrorMessageByType": {"SQLTransientConnectionException": "HikariPool-1 - Connection is not available, request timed out after 30000ms (total=20, active=20, idle=0, waiting=360)"}, "appCpuMedian": 0.20050125313283207, "gcPauseMsTotal": 19}