{"runInfo": {"sut": "HIKARI_DISCIPLINED", "workload": "W5_HTAP", "loadMode": "open-loop", "targetRps": 12, "concurrency": 0, "poolSize": 20, "instanceId": 3, "totalInstances": 4, "configuredDbConnectionBudget": 80, "configuredReplicas": 4, "seed": 42, "durationSeconds": 900, "timestamp": "2026-07-05T18:00:38Z", "openLoopAttemptedOps": 10801, "openLoopMissedOpportunities": 0, "openLoopSchedulingDelayMs": 0.0, "clientPooling": "hikari"}, "attemptedRps": 11.55179752857201, "achievedThroughputRps": 4.188208417913896, "successfulThroughputRps": 4.188208417913896, "errorThroughputRps": 7.750752401588867, "totalThroughputRps": 11.938960819502762, "errorRate": 0.6491982441995879, "totalRequests": 11163, "successfulRequests": 3916, "failedRequests": 7247, "latencyMs": {"p50": 29376.511, "p95": 79167.487, "p99": 183107.583, "p999": 196739.071, "max": 197656.575, "mean": 31219.121952936042, "meanSuccessful": 33474.85932073544, "meanFailed": 30000.194170622326, "meanTotal": 31219.121952936042}, "errorsByType": {"SQLTransientConnectionException": 7247}, "firstErrorMessageByType": {"SQLTransientConnectionException": "HikariPool-1 - Connection is not available, request timed out after 30000ms (total=20, active=20, idle=0, waiting=359)"}, "appCpuMedian": 0.250501002004008, "gcPauseMsTotal": 19}