{"runInfo": {"sut": "PGBOUNCER", "workload": "W5_HTAP", "loadMode": "open-loop", "targetRps": 12, "concurrency": 0, "poolSize": 20, "instanceId": 1, "totalInstances": 4, "configuredDbConnectionBudget": 100, "configuredReplicas": 4, "seed": 42, "durationSeconds": 900, "timestamp": "2026-07-05T12:16:08Z", "openLoopAttemptedOps": 10800, "openLoopMissedOpportunities": 0, "openLoopSchedulingDelayMs": 0.0, "clientPooling": "hikari"}, "attemptedRps": 11.583893668436787, "achievedThroughputRps": 4.823404613607429, "successfulThroughputRps": 4.823404613607429, "errorThroughputRps": 7.156272088500948, "totalThroughputRps": 11.979676702108376, "errorRate": 0.5973677142089713, "totalRequests": 11169, "successfulRequests": 4497, "failedRequests": 6672, "latencyMs": {"p50": 29966.335, "p95": 38633.471, "p99": 44597.247, "p999": 60653.567, "max": 62816.255, "mean": 30469.277460840276, "meanSuccessful": 31165.059671781186, "meanFailed": 30000.255316203387, "meanTotal": 30469.277460840276}, "errorsByType": {"SQLTransientConnectionException": 6672}, "firstErrorMessageByType": {"SQLTransientConnectionException": "HikariPool-1 - Connection is not available, request timed out after 30000ms (total=9, active=9, idle=0, waiting=360)"}, "appCpuMedian": 0.20030045067601399, "gcPauseMsTotal": 15}