{"runInfo": {"sut": "PGBOUNCER", "workload": "W5_HTAP", "loadMode": "open-loop", "targetRps": 8, "concurrency": 0, "poolSize": 20, "instanceId": 3, "totalInstances": 4, "configuredDbConnectionBudget": 100, "configuredReplicas": 4, "seed": 42, "durationSeconds": 900, "timestamp": "2026-07-02T08:24:46Z", "openLoopAttemptedOps": 7200, "openLoopMissedOpportunities": 0, "openLoopSchedulingDelayMs": 0.0, "clientPooling": "hikari"}, "attemptedRps": 6.825540659407322, "achievedThroughputRps": 3.5620582971882677, "successfulThroughputRps": 3.5620582971882677, "errorThroughputRps": 3.4966559495283445, "totalThroughputRps": 7.058714246716613, "errorRate": 0.49536726198469183, "totalRequests": 7447, "successfulRequests": 3758, "failedRequests": 3689, "latencyMs": {"p50": 29605.887, "p95": 39419.903, "p99": 48201.727, "p999": 64520.191, "max": 70909.951, "mean": 29873.574257283737, "meanSuccessful": 29749.11591271953, "meanFailed": 30000.269433804824, "meanTotal": 29873.574257283737}, "errorsByType": {"SQLTransientConnectionException": 3689}, "firstErrorMessageByType": {"SQLTransientConnectionException": "HikariPool-1 - Connection is not available, request timed out after 30000ms (total=6, active=6, idle=0, waiting=240)"}, "appCpuMedian": 0.15015015015015015, "gcPauseMsTotal": 8}