{"runInfo": {"sut": "PGBOUNCER", "workload": "W5_HTAP", "loadMode": "open-loop", "targetRps": 2, "concurrency": 0, "poolSize": 20, "instanceId": 2, "totalInstances": 16, "configuredDbConnectionBudget": 100, "configuredReplicas": 16, "seed": 42, "durationSeconds": 900, "timestamp": "2026-07-15T01:38:30Z", "openLoopAttemptedOps": 1801, "openLoopMissedOpportunities": 0, "openLoopSchedulingDelayMs": 0.0, "clientPooling": "hikari"}, "attemptedRps": 1.929294206118466, "achievedThroughputRps": 1.359397194649824, "successfulThroughputRps": 1.359397194649824, "errorThroughputRps": 0.6009628260035865, "totalThroughputRps": 1.9603600206534106, "errorRate": 0.30655737704918035, "totalRequests": 1830, "successfulRequests": 1269, "failedRequests": 561, "latencyMs": {"p50": 25559.039, "p95": 48758.783, "p99": 91095.039, "p999": 124125.183, "max": 124649.471, "mean": 26635.010604931696, "meanSuccessful": 25147.29975413712, "meanFailed": 30000.36499336542, "meanTotal": 26635.010604931696}, "errorsByType": {"SQLTransientConnectionException": 561}, "firstErrorMessageByType": {"SQLTransientConnectionException": "HikariPool-1 - Connection is not available, request timed out after 30000ms (total=9, active=9, idle=0, waiting=43)"}, "appCpuMedian": 0.02501876407305479, "gcPauseMsTotal": 1}