{"runInfo": {"sut": "HIKARI_DISCIPLINED", "workload": "W5_HTAP", "loadMode": "open-loop", "targetRps": 3, "concurrency": 0, "poolSize": 19, "instanceId": 1, "totalInstances": 16, "configuredDbConnectionBudget": 300, "configuredReplicas": 16, "seed": 42, "durationSeconds": 900, "timestamp": "2026-07-15T12:37:56Z", "openLoopAttemptedOps": 2701, "openLoopMissedOpportunities": 0, "openLoopSchedulingDelayMs": 0.0, "clientPooling": "hikari"}, "attemptedRps": 2.898377122713651, "achievedThroughputRps": 1.3786007790324342, "successfulThroughputRps": 1.3786007790324342, "errorThroughputRps": 1.6064068038066066, "totalThroughputRps": 2.9850075828390406, "errorRate": 0.5381583661769975, "totalRequests": 2791, "successfulRequests": 1289, "failedRequests": 1502, "latencyMs": {"p50": 19529.727, "p95": 139198.463, "p99": 376963.071, "p999": 425197.567, "max": 432799.743, "mean": 29764.576206974918, "meanSuccessful": 29490.339600465475, "meanFailed": 30000.29080665446, "meanTotal": 29764.576206974918}, "errorsByType": {"SQLTransientConnectionException": 1502}, "firstErrorMessageByType": {"SQLTransientConnectionException": "HikariPool-1 - Connection is not available, request timed out after 30000ms (total=19, active=19, idle=0, waiting=80)"}, "appCpuMedian": 0.02501876407305479, "gcPauseMsTotal": 0}