{"runInfo": {"sut": "HIKARI_DISCIPLINED", "workload": "W5_HTAP", "loadMode": "open-loop", "targetRps": 4, "concurrency": 0, "poolSize": 19, "instanceId": 11, "totalInstances": 16, "configuredDbConnectionBudget": 300, "configuredReplicas": 16, "seed": 42, "durationSeconds": 900, "timestamp": "2026-07-15T19:18:39Z", "openLoopAttemptedOps": 3600, "openLoopMissedOpportunities": 0, "openLoopSchedulingDelayMs": 0.0, "clientPooling": "hikari"}, "attemptedRps": 3.863076814480335, "achievedThroughputRps": 1.4245897887286285, "successfulThroughputRps": 1.4245897887286285, "errorThroughputRps": 2.559341865185892, "totalThroughputRps": 3.9839316539145204, "errorRate": 0.6424161073825503, "totalRequests": 3725, "successfulRequests": 1332, "failedRequests": 2393, "latencyMs": {"p50": 24559.615, "p95": 149553.151, "p99": 384565.247, "p999": 443809.791, "max": 446693.375, "mean": 31257.717553106577, "meanSuccessful": 33516.16488813814, "meanFailed": 30000.26173185583, "meanTotal": 31257.717553106577}, "errorsByType": {"SQLTransientConnectionException": 2393}, "firstErrorMessageByType": {"SQLTransientConnectionException": "HikariPool-1 - Connection is not available, request timed out after 30000ms (total=19, active=19, idle=0, waiting=112)"}, "appCpuMedian": 0.025025025025025023, "gcPauseMsTotal": 0}