{"runInfo": {"sut": "PGBOUNCER", "workload": "W5_HTAP", "loadMode": "open-loop", "targetRps": 4, "concurrency": 0, "poolSize": 20, "instanceId": 12, "totalInstances": 16, "configuredDbConnectionBudget": 100, "configuredReplicas": 16, "seed": 42, "durationSeconds": 900, "timestamp": "2026-07-15T21:31:24Z", "openLoopAttemptedOps": 3601, "openLoopMissedOpportunities": 0, "openLoopSchedulingDelayMs": 0.0, "clientPooling": "hikari"}, "attemptedRps": 3.85130806507331, "achievedThroughputRps": 1.5946404679323258, "successfulThroughputRps": 1.5946404679323258, "errorThroughputRps": 2.387147903705534, "totalThroughputRps": 3.9817883716378595, "errorRate": 0.5995165189363416, "totalRequests": 3723, "successfulRequests": 1491, "failedRequests": 2232, "latencyMs": {"p50": 31506.431, "p95": 48234.495, "p99": 75235.327, "p999": 105185.279, "max": 105381.887, "mean": 31346.174255976093, "meanSuccessful": 33361.37228705567, "meanFailed": 30000.26154830018, "meanTotal": 31346.174255976093}, "errorsByType": {"SQLTransientConnectionException": 2232}, "firstErrorMessageByType": {"SQLTransientConnectionException": "HikariPool-1 - Connection is not available, request timed out after 30000ms (total=6, active=6, idle=0, waiting=120)"}, "appCpuMedian": 0.025021894157387717, "gcPauseMsTotal": 2}