{"runInfo": {"sut": "PGBOUNCER", "workload": "W5_HTAP", "loadMode": "open-loop", "targetRps": 8, "concurrency": 0, "poolSize": 20, "instanceId": 0, "totalInstances": 2, "configuredDbConnectionBudget": 100, "configuredReplicas": 2, "seed": 42, "durationSeconds": 900, "timestamp": "2026-05-30T23:42:41Z", "openLoopAttemptedOps": 9601, "openLoopMissedOpportunities": 0, "openLoopSchedulingDelayMs": 0.141842, "clientPooling": "hikari"}, "attemptedRps": 5.313602157322476, "achievedThroughputRps": 1.0560784287678422, "successfulThroughputRps": 1.0560784287678422, "errorThroughputRps": 4.442023803461664, "totalThroughputRps": 5.498102232229507, "errorRate": 0.8079194630872483, "totalRequests": 7450, "successfulRequests": 1431, "failedRequests": 6019, "latencyMs": {"p50": 28737.535, "p95": 60030.975, "p99": 60030.975, "p999": 60030.975, "max": 65404.927, "mean": 30621.56335808067, "meanSuccessful": 30199.936805031444, "meanFailed": 30000.277227812094, "meanTotal": 30621.56335808067}, "errorsByType": {"SQLTransientConnectionException": 6019}, "firstErrorMessageByType": {"SQLTransientConnectionException": "HikariPool-1 - Connection is not available, request timed out after 30000ms (total=10, active=10, idle=0, waiting=240)"}, "appCpuMedian": 0.15015015015015015, "gcPauseMsTotal": 8}