{"runInfo": {"sut": "PGBOUNCER", "workload": "W5_HTAP", "loadMode": "open-loop", "targetRps": 3, "concurrency": 0, "poolSize": 20, "instanceId": 9, "totalInstances": 16, "configuredDbConnectionBudget": 100, "configuredReplicas": 16, "seed": 42, "durationSeconds": 900, "timestamp": "2026-07-15T13:11:43Z", "openLoopAttemptedOps": 2701, "openLoopMissedOpportunities": 0, "openLoopSchedulingDelayMs": 0.0, "clientPooling": "hikari"}, "attemptedRps": 2.8887484264823686, "achievedThroughputRps": 1.6117526392850536, "successfulThroughputRps": 1.6117526392850536, "errorThroughputRps": 1.348653004736863, "totalThroughputRps": 2.9604056440219164, "errorRate": 0.4555635838150289, "totalRequests": 2768, "successfulRequests": 1507, "failedRequests": 1261, "latencyMs": {"p50": 30081.023, "p95": 47316.991, "p99": 90898.431, "p999": 104136.703, "max": 104333.311, "mean": 31137.394361043716, "meanSuccessful": 32089.04370537492, "meanFailed": 30000.372217289452, "meanTotal": 31137.394361043716}, "errorsByType": {"SQLTransientConnectionException": 1261}, "firstErrorMessageByType": {"SQLTransientConnectionException": "HikariPool-1 - Connection is not available, request timed out after 30000ms (total=11, active=11, idle=0, waiting=68)"}, "appCpuMedian": 0.025021894157387717, "gcPauseMsTotal": 2}