{"runInfo": {"sut": "HIKARI_DISCIPLINED", "workload": "W5_HTAP", "loadMode": "open-loop", "targetRps": 12, "concurrency": 0, "poolSize": 20, "instanceId": 3, "totalInstances": 4, "configuredDbConnectionBudget": 80, "configuredReplicas": 4, "seed": 42, "durationSeconds": 900, "timestamp": "2026-07-05T13:18:29Z", "openLoopAttemptedOps": 10801, "openLoopMissedOpportunities": 0, "openLoopSchedulingDelayMs": 0.0, "clientPooling": "hikari"}, "attemptedRps": 11.55179752857201, "achievedThroughputRps": 4.099438934081706, "successfulThroughputRps": 4.099438934081706, "errorThroughputRps": 7.839521885421056, "totalThroughputRps": 11.938960819502762, "errorRate": 0.656633521454806, "totalRequests": 11163, "successfulRequests": 3833, "failedRequests": 7330, "latencyMs": {"p50": 29425.663, "p95": 80281.599, "p99": 119013.375, "p999": 201195.519, "max": 203423.743, "mean": 31246.47684410562, "meanSuccessful": 33629.71707826768, "meanFailed": 30000.25179832606, "meanTotal": 31246.47684410562}, "errorsByType": {"SQLTransientConnectionException": 7330}, "firstErrorMessageByType": {"SQLTransientConnectionException": "HikariPool-1 - Connection is not available, request timed out after 30000ms (total=20, active=20, idle=0, waiting=360)"}, "appCpuMedian": 0.3001500750375187, "gcPauseMsTotal": 18}