{"runInfo": {"sut": "HIKARI_DISCIPLINED", "workload": "W5_HTAP", "loadMode": "open-loop", "targetRps": 3, "concurrency": 0, "poolSize": 19, "instanceId": 10, "totalInstances": 16, "configuredDbConnectionBudget": 300, "configuredReplicas": 16, "seed": 42, "durationSeconds": 900, "timestamp": "2026-07-15T14:17:57Z", "openLoopAttemptedOps": 2701, "openLoopMissedOpportunities": 0, "openLoopSchedulingDelayMs": 0.0, "clientPooling": "hikari"}, "attemptedRps": 2.898374022868278, "achievedThroughputRps": 1.4310053293718656, "successfulThroughputRps": 1.4310053293718656, "errorThroughputRps": 1.553999060969597, "totalThroughputRps": 2.9850043903414627, "errorRate": 0.5206019347903977, "totalRequests": 2791, "successfulRequests": 1338, "failedRequests": 1453, "latencyMs": {"p50": 20824.063, "p95": 136314.879, "p99": 354942.975, "p999": 441712.639, "max": 443809.791, "mean": 29830.576738698674, "meanSuccessful": 29645.862177130042, "meanFailed": 30000.24794970062, "meanTotal": 29830.576738698674}, "errorsByType": {"SQLTransientConnectionException": 1453}, "firstErrorMessageByType": {"SQLTransientConnectionException": "HikariPool-1 - Connection is not available, request timed out after 30000ms (total=19, active=19, idle=0, waiting=80)"}, "appCpuMedian": 0.025015634771732333, "gcPauseMsTotal": 0}