{"runInfo": {"sut": "PGBOUNCER", "workload": "W5_HTAP", "loadMode": "open-loop", "targetRps": 3, "concurrency": 0, "poolSize": 20, "instanceId": 10, "totalInstances": 16, "configuredDbConnectionBudget": 100, "configuredReplicas": 16, "seed": 42, "durationSeconds": 900, "timestamp": "2026-07-15T09:53:10Z", "openLoopAttemptedOps": 2701, "openLoopMissedOpportunities": 0, "openLoopSchedulingDelayMs": 0.0, "clientPooling": "hikari"}, "attemptedRps": 2.8887515160330524, "achievedThroughputRps": 1.5400970688958147, "successfulThroughputRps": 1.5400970688958147, "errorThroughputRps": 1.4427714902364264, "totalThroughputRps": 2.982868559132241, "errorRate": 0.4836859089279312, "totalRequests": 2789, "successfulRequests": 1440, "failedRequests": 1349, "latencyMs": {"p50": 31014.911, "p95": 49807.359, "p99": 93585.407, "p999": 106299.391, "max": 108986.367, "mean": 31604.129062517386, "meanSuccessful": 33106.69915555555, "meanFailed": 30000.30398497628, "meanTotal": 31604.129062517386}, "errorsByType": {"SQLTransientConnectionException": 1349}, "firstErrorMessageByType": {"SQLTransientConnectionException": "HikariPool-1 - Connection is not available, request timed out after 30000ms (total=8, active=8, idle=0, waiting=85)"}, "appCpuMedian": 0.025025025025025023, "gcPauseMsTotal": 2}