{"runInfo": {"sut": "HIKARI_DISCIPLINED", "workload": "W5_HTAP", "loadMode": "open-loop", "targetRps": 12, "concurrency": 0, "poolSize": 20, "instanceId": 3, "totalInstances": 4, "configuredDbConnectionBudget": 80, "configuredReplicas": 4, "seed": 42, "durationSeconds": 900, "timestamp": "2026-07-12T09:34:59Z", "openLoopAttemptedOps": 10801, "openLoopMissedOpportunities": 0, "openLoopSchedulingDelayMs": 0.0, "clientPooling": "hikari"}, "attemptedRps": 11.55178517380084, "achievedThroughputRps": 3.916548218355585, "successfulThroughputRps": 3.916548218355585, "errorThroughputRps": 8.021330321591176, "totalThroughputRps": 11.93787853994676, "errorRate": 0.6719225945171117, "totalRequests": 11162, "successfulRequests": 3662, "failedRequests": 7500, "latencyMs": {"p50": 29376.511, "p95": 82444.287, "p99": 184418.303, "p999": 197263.359, "max": 200146.943, "mean": 31248.444135103386, "meanSuccessful": 33805.082150737304, "meanFailed": 30000.172925886665, "meanTotal": 31248.444135103386}, "errorsByType": {"SQLTransientConnectionException": 7500}, "firstErrorMessageByType": {"SQLTransientConnectionException": "HikariPool-1 - Connection is not available, request timed out after 30000ms (total=20, active=20, idle=0, waiting=360)"}, "appCpuMedian": 0.20020020020020018, "gcPauseMsTotal": 20}