{"runInfo": {"sut": "PGBOUNCER", "workload": "W5_HTAP", "loadMode": "open-loop", "targetRps": 5, "concurrency": 0, "poolSize": 20, "instanceId": 0, "totalInstances": 4, "configuredDbConnectionBudget": 100, "configuredReplicas": 4, "seed": 42, "durationSeconds": 1800, "timestamp": "2026-05-23T02:48:57Z", "openLoopAttemptedOps": 10501, "openLoopMissedOpportunities": 0, "openLoopSchedulingDelayMs": 0.156857, "clientPooling": "hikari"}, "attemptedRps": 3.991549498140588, "achievedThroughputRps": 0.7591970604173632, "successfulThroughputRps": 0.7591970604173632, "errorThroughputRps": 3.301088152889516, "totalThroughputRps": 4.060285213306879, "errorRate": 0.8130187854958497, "totalRequests": 9156, "successfulRequests": 1712, "failedRequests": 7444, "latencyMs": {"p50": 29294.591, "p95": 60030.975, "p99": 63438.847, "p999": 66781.183, "max": 67010.559, "mean": 30795.203039749667, "meanSuccessful": 31890.740635514016, "meanFailed": 30000.30921125591, "meanTotal": 30795.203039749667}, "errorsByType": {"SQLTransientConnectionException": 7444}, "firstErrorMessageByType": {"SQLTransientConnectionException": "HikariPool-1 - Connection is not available, request timed out after 30000ms (total=5, active=5, idle=0, waiting=150)"}, "appCpuMedian": 0.15015015015015015, "gcPauseMsTotal": 3876}