{"runInfo": {"sut": "HIKARI_DISCIPLINED", "workload": "W5_HTAP", "loadMode": "open-loop", "targetRps": 2, "concurrency": 0, "poolSize": 19, "instanceId": 15, "totalInstances": 16, "configuredDbConnectionBudget": 300, "configuredReplicas": 16, "seed": 42, "durationSeconds": 900, "timestamp": "2026-07-15T01:05:29Z", "openLoopAttemptedOps": 1801, "openLoopMissedOpportunities": 0, "openLoopSchedulingDelayMs": 0.0, "clientPooling": "hikari"}, "attemptedRps": 1.9261887878914277, "achievedThroughputRps": 1.23314584810595, "successfulThroughputRps": 1.23314584810595, "errorThroughputRps": 0.6898344076568411, "totalThroughputRps": 1.922980255762791, "errorRate": 0.35873192436040047, "totalRequests": 1798, "successfulRequests": 1153, "failedRequests": 645, "latencyMs": {"p50": 7200.767, "p95": 108986.367, "p99": 315097.087, "p999": 533200.895, "max": 575143.935, "mean": 24364.925797647385, "meanSuccessful": 21212.295891587164, "meanFailed": 30000.380136982945, "meanTotal": 24364.925797647385}, "errorsByType": {"SQLTransientConnectionException": 645}, "firstErrorMessageByType": {"SQLTransientConnectionException": "HikariPool-1 - Connection is not available, request timed out after 30001ms (total=19, active=19, idle=0, waiting=46)"}, "appCpuMedian": 0.02501876407305479, "gcPauseMsTotal": 0}