{"runInfo": {"sut": "PGBOUNCER", "workload": "W5_HTAP", "loadMode": "open-loop", "targetRps": 2, "concurrency": 0, "poolSize": 20, "instanceId": 5, "totalInstances": 16, "configuredDbConnectionBudget": 100, "configuredReplicas": 16, "seed": 42, "durationSeconds": 900, "timestamp": "2026-07-15T01:38:32Z", "openLoopAttemptedOps": 1801, "openLoopMissedOpportunities": 0, "openLoopSchedulingDelayMs": 0.0, "clientPooling": "hikari"}, "attemptedRps": 1.932521624176586, "achievedThroughputRps": 1.405665367946323, "successfulThroughputRps": 1.405665367946323, "errorThroughputRps": 0.5676312821706907, "totalThroughputRps": 1.9732966501170137, "errorRate": 0.2876563349646547, "totalRequests": 1839, "successfulRequests": 1310, "failedRequests": 529, "latencyMs": {"p50": 26247.167, "p95": 45514.751, "p99": 75694.079, "p999": 117637.119, "max": 119472.127, "mean": 25915.82088604894, "meanSuccessful": 24266.421870229005, "meanFailed": 30000.41365078072, "meanTotal": 25915.82088604894}, "errorsByType": {"SQLTransientConnectionException": 529}, "firstErrorMessageByType": {"SQLTransientConnectionException": "HikariPool-1 - Connection is not available, request timed out after 30001ms (total=7, active=7, idle=0, waiting=27)"}, "appCpuMedian": 0.02501876407305479, "gcPauseMsTotal": 1}