{"runInfo": {"sut": "PGBOUNCER", "workload": "W5_HTAP", "loadMode": "open-loop", "targetRps": 8, "concurrency": 0, "poolSize": 20, "instanceId": 1, "totalInstances": 4, "configuredDbConnectionBudget": 100, "configuredReplicas": 4, "seed": 42, "durationSeconds": 900, "timestamp": "2026-07-12T02:15:05Z", "openLoopAttemptedOps": 7201, "openLoopMissedOpportunities": 0, "openLoopSchedulingDelayMs": 0.0, "clientPooling": "hikari"}, "attemptedRps": 7.7015466194370745, "achievedThroughputRps": 4.351839077140599, "successfulThroughputRps": 4.351839077140599, "errorThroughputRps": 3.6010425590396653, "totalThroughputRps": 7.952881636180265, "errorRate": 0.4527972027972028, "totalRequests": 7436, "successfulRequests": 4069, "failedRequests": 3367, "latencyMs": {"p50": 29310.975, "p95": 38404.095, "p99": 44793.855, "p999": 65896.447, "max": 71499.775, "mean": 29357.684983297204, "meanSuccessful": 28826.316213320224, "meanFailed": 30000.223049640925, "meanTotal": 29357.684983297204}, "errorsByType": {"SQLTransientConnectionException": 3367}, "firstErrorMessageByType": {"SQLTransientConnectionException": "HikariPool-1 - Connection is not available, request timed out after 30001ms (total=9, active=9, idle=0, waiting=236)"}, "appCpuMedian": 0.15007503751875936, "gcPauseMsTotal": 12}