{"runInfo": {"sut": "HIKARI_DISCIPLINED", "workload": "W5_HTAP", "loadMode": "open-loop", "targetRps": 2, "concurrency": 0, "poolSize": 19, "instanceId": 0, "totalInstances": 16, "configuredDbConnectionBudget": 300, "configuredReplicas": 16, "seed": 42, "durationSeconds": 900, "timestamp": "2026-07-15T02:44:06Z", "openLoopAttemptedOps": 1801, "openLoopMissedOpportunities": 0, "openLoopSchedulingDelayMs": 0.0, "clientPooling": "hikari"}, "attemptedRps": 1.9261908479731682, "achievedThroughputRps": 1.0866240430542693, "successfulThroughputRps": 1.0866240430542693, "errorThroughputRps": 0.8320802219450999, "totalThroughputRps": 1.918704264999369, "errorRate": 0.4336677814938685, "totalRequests": 1794, "successfulRequests": 1016, "failedRequests": 778, "latencyMs": {"p50": 132.479, "p95": 117112.831, "p99": 358612.991, "p999": 547880.959, "max": 575668.223, "mean": 24139.473319761983, "meanSuccessful": 19652.13948523622, "meanFailed": 30000.282865832905, "meanTotal": 24139.473319761983}, "errorsByType": {"SQLTransientConnectionException": 778}, "firstErrorMessageByType": {"SQLTransientConnectionException": "HikariPool-1 - Connection is not available, request timed out after 30000ms (total=19, active=19, idle=0, waiting=46)"}, "appCpuMedian": 0.025015634771732333, "gcPauseMsTotal": 0}