{"runInfo": {"sut": "HIKARI_DISCIPLINED", "workload": "W5_HTAP", "loadMode": "open-loop", "targetRps": 4, "concurrency": 0, "poolSize": 19, "instanceId": 12, "totalInstances": 16, "configuredDbConnectionBudget": 300, "configuredReplicas": 16, "seed": 42, "durationSeconds": 900, "timestamp": "2026-07-15T22:37:27Z", "openLoopAttemptedOps": 3601, "openLoopMissedOpportunities": 0, "openLoopSchedulingDelayMs": 0.0, "clientPooling": "hikari"}, "attemptedRps": 3.858794640040128, "achievedThroughputRps": 1.3219152369982257, "successfulThroughputRps": 1.3219152369982257, "errorThroughputRps": 2.6588036239300883, "totalThroughputRps": 3.980718860928314, "errorRate": 0.6679204728640515, "totalRequests": 3722, "successfulRequests": 1236, "failedRequests": 2486, "latencyMs": {"p50": 26165.247, "p95": 150077.439, "p99": 399245.311, "p999": 439877.631, "max": 448528.383, "mean": 31763.921102548094, "meanSuccessful": 35311.19115938512, "meanFailed": 30000.214224198313, "meanTotal": 31763.921102548094}, "errorsByType": {"SQLTransientConnectionException": 2486}, "firstErrorMessageByType": {"SQLTransientConnectionException": "HikariPool-1 - Connection is not available, request timed out after 30000ms (total=19, active=19, idle=0, waiting=112)"}, "appCpuMedian": 0.02501876407305479, "gcPauseMsTotal": 0}