{"runInfo": {"sut": "HIKARI_DISCIPLINED", "workload": "W5_HTAP", "loadMode": "open-loop", "targetRps": 12, "concurrency": 0, "poolSize": 20, "instanceId": 0, "totalInstances": 4, "configuredDbConnectionBudget": 80, "configuredReplicas": 4, "seed": 42, "durationSeconds": 900, "timestamp": "2026-07-05T18:00:35Z", "openLoopAttemptedOps": 10801, "openLoopMissedOpportunities": 0, "openLoopSchedulingDelayMs": 0.0, "clientPooling": "hikari"}, "attemptedRps": 11.55178517380084, "achievedThroughputRps": 4.467346233771512, "successfulThroughputRps": 4.467346233771512, "errorThroughputRps": 7.471601816884794, "totalThroughputRps": 11.938948050656306, "errorRate": 0.6258174325898056, "totalRequests": 11163, "successfulRequests": 4177, "failedRequests": 6986, "latencyMs": {"p50": 29261.823, "p95": 73465.855, "p99": 116260.863, "p999": 195690.495, "max": 198443.007, "mean": 31141.01107462125, "meanSuccessful": 33049.09739406272, "meanFailed": 30000.218076795878, "meanTotal": 31141.01107462125}, "errorsByType": {"SQLTransientConnectionException": 6986}, "firstErrorMessageByType": {"SQLTransientConnectionException": "HikariPool-1 - Connection is not available, request timed out after 30000ms (total=20, active=20, idle=0, waiting=360)"}, "appCpuMedian": 0.2503755633450175, "gcPauseMsTotal": 19}