{"runInfo": {"sut": "HIKARI_DISCIPLINED", "workload": "W5_HTAP", "loadMode": "open-loop", "targetRps": 4, "concurrency": 0, "poolSize": 19, "instanceId": 9, "totalInstances": 16, "configuredDbConnectionBudget": 300, "configuredReplicas": 16, "seed": 42, "durationSeconds": 900, "timestamp": "2026-07-16T00:17:15Z", "openLoopAttemptedOps": 3601, "openLoopMissedOpportunities": 0, "openLoopSchedulingDelayMs": 0.0, "clientPooling": "hikari"}, "attemptedRps": 3.8513121840929365, "achievedThroughputRps": 1.4802044051054217, "successfulThroughputRps": 1.4802044051054217, "errorThroughputRps": 2.467363845793503, "totalThroughputRps": 3.9475682508989247, "errorRate": 0.625033866160932, "totalRequests": 3691, "successfulRequests": 1384, "failedRequests": 2307, "latencyMs": {"p50": 24150.015, "p95": 142082.047, "p99": 386400.255, "p999": 437256.191, "max": 437780.479, "mean": 31364.475564989705, "meanSuccessful": 33638.58957947977, "meanFailed": 30000.251191175987, "meanTotal": 31364.475564989705}, "errorsByType": {"SQLTransientConnectionException": 2307}, "firstErrorMessageByType": {"SQLTransientConnectionException": "HikariPool-1 - Connection is not available, request timed out after 30000ms (total=19, active=19, idle=0, waiting=112)"}, "appCpuMedian": 0.025025025025025023, "gcPauseMsTotal": 0}