{"runInfo": {"sut": "PGBOUNCER", "workload": "W5_HTAP", "loadMode": "open-loop", "targetRps": 8, "concurrency": 0, "poolSize": 20, "instanceId": 0, "totalInstances": 4, "configuredDbConnectionBudget": 100, "configuredReplicas": 4, "seed": 42, "durationSeconds": 900, "timestamp": "2026-07-12T08:32:41Z", "openLoopAttemptedOps": 7201, "openLoopMissedOpportunities": 0, "openLoopSchedulingDelayMs": 0.0, "clientPooling": "hikari"}, "attemptedRps": 7.701538382559293, "achievedThroughputRps": 5.060919264861905, "successfulThroughputRps": 5.060919264861905, "errorThroughputRps": 2.893023375201068, "totalThroughputRps": 7.953942640062972, "errorRate": 0.36372193088611, "totalRequests": 7437, "successfulRequests": 4732, "failedRequests": 2705, "latencyMs": {"p50": 29245.439, "p95": 37879.807, "p99": 45088.767, "p999": 61341.695, "max": 66289.663, "mean": 29740.28111082614, "meanSuccessful": 29591.624726120033, "meanFailed": 30000.222607566728, "meanTotal": 29740.28111082614}, "errorsByType": {"SQLTransientConnectionException": 2705}, "firstErrorMessageByType": {"SQLTransientConnectionException": "HikariPool-1 - Connection is not available, request timed out after 30000ms (total=10, active=10, idle=0, waiting=240)"}, "appCpuMedian": 0.10025062656641603, "gcPauseMsTotal": 11}