{"runInfo": {"sut": "HIKARI_DISCIPLINED", "workload": "W5_HTAP", "loadMode": "open-loop", "targetRps": 3, "concurrency": 0, "poolSize": 19, "instanceId": 6, "totalInstances": 16, "configuredDbConnectionBudget": 300, "configuredReplicas": 16, "seed": 42, "durationSeconds": 900, "timestamp": "2026-07-15T14:17:54Z", "openLoopAttemptedOps": 2701, "openLoopMissedOpportunities": 0, "openLoopSchedulingDelayMs": 0.0, "clientPooling": "hikari"}, "attemptedRps": 2.891960051593252, "achievedThroughputRps": 1.3732532197654348, "successfulThroughputRps": 1.3732532197654348, "errorThroughputRps": 1.6074763156600065, "totalThroughputRps": 2.980729535425441, "errorRate": 0.5392895586652314, "totalRequests": 2787, "successfulRequests": 1284, "failedRequests": 1503, "latencyMs": {"p50": 20955.135, "p95": 136445.951, "p99": 382468.095, "p999": 424935.423, "max": 438042.623, "mean": 30467.580653181198, "meanSuccessful": 31014.372355919004, "meanFailed": 30000.259216105787, "meanTotal": 30467.580653181198}, "errorsByType": {"SQLTransientConnectionException": 1503}, "firstErrorMessageByType": {"SQLTransientConnectionException": "HikariPool-1 - Connection is not available, request timed out after 30000ms (total=19, active=19, idle=0, waiting=80)"}, "appCpuMedian": 0.02501876407305479, "gcPauseMsTotal": 0}