{"runInfo": {"sut": "HIKARI_DISCIPLINED", "workload": "W5_HTAP", "loadMode": "open-loop", "targetRps": 8, "concurrency": 0, "poolSize": 20, "instanceId": 0, "totalInstances": 4, "configuredDbConnectionBudget": 80, "configuredReplicas": 4, "seed": 42, "durationSeconds": 900, "timestamp": "2026-07-05T08:37:13Z", "openLoopAttemptedOps": 7201, "openLoopMissedOpportunities": 0, "openLoopSchedulingDelayMs": 0.0, "clientPooling": "hikari"}, "attemptedRps": 7.701554856332473, "achievedThroughputRps": 4.286603508426684, "successfulThroughputRps": 4.286603508426684, "errorThroughputRps": 3.672703704575158, "totalThroughputRps": 7.959307213001842, "errorRate": 0.4614350980919108, "totalRequests": 7442, "successfulRequests": 4008, "failedRequests": 3434, "latencyMs": {"p50": 28262.399, "p95": 70975.487, "p99": 182190.079, "p999": 193069.055, "max": 197394.431, "mean": 30939.529672504974, "meanSuccessful": 31744.250736277445, "meanFailed": 30000.281056497086, "meanTotal": 30939.529672504974}, "errorsByType": {"SQLTransientConnectionException": 3434}, "firstErrorMessageByType": {"SQLTransientConnectionException": "HikariPool-1 - Connection is not available, request timed out after 30000ms (total=20, active=20, idle=0, waiting=239)"}, "appCpuMedian": 0.2001000500250125, "gcPauseMsTotal": 15}