{"runInfo": {"sut": "HIKARI_DISCIPLINED", "workload": "W5_HTAP", "loadMode": "open-loop", "targetRps": 4, "concurrency": 0, "poolSize": 19, "instanceId": 2, "totalInstances": 16, "configuredDbConnectionBudget": 300, "configuredReplicas": 16, "seed": 42, "durationSeconds": 900, "timestamp": "2026-07-15T20:57:57Z", "openLoopAttemptedOps": 3601, "openLoopMissedOpportunities": 0, "openLoopSchedulingDelayMs": 0.0, "clientPooling": "hikari"}, "attemptedRps": 3.8523775757828553, "achievedThroughputRps": 1.3540005582845904, "successfulThroughputRps": 1.3540005582845904, "errorThroughputRps": 2.619231727676905, "totalThroughputRps": 3.9732322859614957, "errorRate": 0.6592193808882907, "totalRequests": 3715, "successfulRequests": 1266, "failedRequests": 2449, "latencyMs": {"p50": 25198.591, "p95": 159252.479, "p99": 362020.863, "p999": 432275.455, "max": 435683.327, "mean": 31546.86515312248, "meanSuccessful": 34538.86202843602, "meanFailed": 30000.227685844427, "meanTotal": 31546.86515312248}, "errorsByType": {"SQLTransientConnectionException": 2449}, "firstErrorMessageByType": {"SQLTransientConnectionException": "HikariPool-1 - Connection is not available, request timed out after 30000ms (total=19, active=19, idle=0, waiting=112)"}, "appCpuMedian": 0.025025025025025023, "gcPauseMsTotal": 0}