{"runInfo": {"sut": "PGBOUNCER", "workload": "W5_HTAP", "loadMode": "open-loop", "targetRps": 3, "concurrency": 0, "poolSize": 20, "instanceId": 13, "totalInstances": 16, "configuredDbConnectionBudget": 100, "configuredReplicas": 16, "seed": 42, "durationSeconds": 900, "timestamp": "2026-07-15T13:11:46Z", "openLoopAttemptedOps": 2701, "openLoopMissedOpportunities": 0, "openLoopSchedulingDelayMs": 0.0, "clientPooling": "hikari"}, "attemptedRps": 2.8887484264823686, "achievedThroughputRps": 1.69089643179142, "successfulThroughputRps": 1.69089643179142, "errorThroughputRps": 1.296246979969134, "totalThroughputRps": 2.9871434117605538, "errorRate": 0.4339419978517723, "totalRequests": 2793, "successfulRequests": 1581, "failedRequests": 1212, "latencyMs": {"p50": 30146.559, "p95": 47284.223, "p99": 77856.767, "p999": 102760.447, "max": 103088.127, "mean": 30669.43583190297, "meanSuccessful": 31182.27612903226, "meanFailed": 30000.34505946617, "meanTotal": 30669.43583190297}, "errorsByType": {"SQLTransientConnectionException": 1212}, "firstErrorMessageByType": {"SQLTransientConnectionException": "HikariPool-1 - Connection is not available, request timed out after 30000ms (total=7, active=7, idle=0, waiting=90)"}, "appCpuMedian": 0.025021894157387717, "gcPauseMsTotal": 2}