{"runInfo": {"sut": "HIKARI_DISCIPLINED", "workload": "W5_HTAP", "loadMode": "open-loop", "targetRps": 2, "concurrency": 0, "poolSize": 19, "instanceId": 11, "totalInstances": 16, "configuredDbConnectionBudget": 300, "configuredReplicas": 16, "seed": 42, "durationSeconds": 900, "timestamp": "2026-07-15T01:05:26Z", "openLoopAttemptedOps": 1801, "openLoopMissedOpportunities": 0, "openLoopSchedulingDelayMs": 0.0, "clientPooling": "hikari"}, "attemptedRps": 1.9261887878914277, "achievedThroughputRps": 0.9786022992341235, "successfulThroughputRps": 0.9786022992341235, "errorThroughputRps": 0.9390304029809403, "totalThroughputRps": 1.9176327022150637, "errorRate": 0.48968209704406024, "totalRequests": 1793, "successfulRequests": 915, "failedRequests": 878, "latencyMs": {"p50": 187.775, "p95": 160432.127, "p99": 433586.175, "p999": 617086.975, "max": 617086.975, "mean": 26724.8361904755, "meanSuccessful": 23574.450620765027, "meanFailed": 29996.948863229285, "meanTotal": 26724.8361904755}, "errorsByType": {"SQLTransientConnectionException": 878}, "firstErrorMessageByType": {"SQLTransientConnectionException": "HikariPool-1 - Connection is not available, request timed out after 30001ms (total=19, active=19, idle=0, waiting=46)"}, "appCpuMedian": 0.02501876407305479, "gcPauseMsTotal": 0}