{"runInfo": {"sut": "PGBOUNCER", "workload": "W5_HTAP", "loadMode": "open-loop", "targetRps": 4, "concurrency": 0, "poolSize": 20, "instanceId": 12, "totalInstances": 16, "configuredDbConnectionBudget": 100, "configuredReplicas": 16, "seed": 42, "durationSeconds": 900, "timestamp": "2026-07-15T19:51:53Z", "openLoopAttemptedOps": 3601, "openLoopMissedOpportunities": 0, "openLoopSchedulingDelayMs": 0.0, "clientPooling": "hikari"}, "attemptedRps": 3.8513121840929365, "achievedThroughputRps": 1.6138933867804057, "successfulThroughputRps": 1.6138933867804057, "errorThroughputRps": 2.370038267134115, "totalThroughputRps": 3.9839316539145204, "errorRate": 0.5948993288590604, "totalRequests": 3725, "successfulRequests": 1509, "failedRequests": 2216, "latencyMs": {"p50": 31457.279, "p95": 43515.903, "p99": 71958.527, "p999": 101580.799, "max": 101711.871, "mean": 31455.241701466042, "meanSuccessful": 33591.95966600398, "meanFailed": 30000.34153904287, "meanTotal": 31455.241701466042}, "errorsByType": {"SQLTransientConnectionException": 2216}, "firstErrorMessageByType": {"SQLTransientConnectionException": "HikariPool-1 - Connection is not available, request timed out after 30000ms (total=10, active=10, idle=0, waiting=120)"}, "appCpuMedian": 0.03753284123608157, "gcPauseMsTotal": 1}