{"runInfo": {"sut": "PGBOUNCER", "workload": "W5_HTAP", "loadMode": "open-loop", "targetRps": 8, "concurrency": 0, "poolSize": 20, "instanceId": 0, "totalInstances": 4, "configuredDbConnectionBudget": 100, "configuredReplicas": 4, "seed": 42, "durationSeconds": 900, "timestamp": "2026-07-02T05:17:44Z", "openLoopAttemptedOps": 7201, "openLoopMissedOpportunities": 0, "openLoopSchedulingDelayMs": 0.0, "clientPooling": "hikari"}, "attemptedRps": 6.825540659407322, "achievedThroughputRps": 4.0786420576905575, "successfulThroughputRps": 4.0786420576905575, "errorThroughputRps": 2.9772286086930144, "totalThroughputRps": 7.055870666383572, "errorRate": 0.4219505642127888, "totalRequests": 7444, "successfulRequests": 4303, "failedRequests": 3141, "latencyMs": {"p50": 29458.431, "p95": 37978.111, "p99": 43941.887, "p999": 61898.751, "max": 69599.231, "mean": 29622.58317621158, "meanSuccessful": 29346.924750174294, "meanFailed": 30000.239414352116, "meanTotal": 29622.58317621158}, "errorsByType": {"SQLTransientConnectionException": 3141}, "firstErrorMessageByType": {"SQLTransientConnectionException": "HikariPool-1 - Connection is not available, request timed out after 30000ms (total=11, active=11, idle=0, waiting=240)"}, "appCpuMedian": 0.1503006012024048, "gcPauseMsTotal": 10}