{"runInfo": {"sut": "HIKARI_DISCIPLINED", "workload": "W5_HTAP", "loadMode": "open-loop", "targetRps": 2, "concurrency": 0, "poolSize": 19, "instanceId": 14, "totalInstances": 16, "configuredDbConnectionBudget": 300, "configuredReplicas": 16, "seed": 42, "durationSeconds": 900, "timestamp": "2026-07-15T02:44:17Z", "openLoopAttemptedOps": 1800, "openLoopMissedOpportunities": 0, "openLoopSchedulingDelayMs": 0.0, "clientPooling": "hikari"}, "attemptedRps": 1.9261887878914277, "achievedThroughputRps": 1.0876923916077634, "successfulThroughputRps": 1.0876923916077634, "errorThroughputRps": 0.8342183534454822, "totalThroughputRps": 1.9219107450532458, "errorRate": 0.4340567612687813, "totalRequests": 1797, "successfulRequests": 1017, "failedRequests": 780, "latencyMs": {"p50": 2138.111, "p95": 146931.711, "p99": 387973.119, "p999": 538443.775, "max": 591396.863, "mean": 25231.50881557429, "meanSuccessful": 21573.6010806293, "meanFailed": 30000.290453033336, "meanTotal": 25231.50881557429}, "errorsByType": {"SQLTransientConnectionException": 780}, "firstErrorMessageByType": {"SQLTransientConnectionException": "HikariPool-1 - Connection is not available, request timed out after 30001ms (total=19, active=19, idle=0, waiting=46)"}, "appCpuMedian": 0.02501876407305479, "gcPauseMsTotal": 0}