{"runInfo": {"sut": "PGBOUNCER", "workload": "W5_HTAP", "loadMode": "open-loop", "targetRps": 3, "concurrency": 0, "poolSize": 20, "instanceId": 2, "totalInstances": 16, "configuredDbConnectionBudget": 100, "configuredReplicas": 16, "seed": 42, "durationSeconds": 900, "timestamp": "2026-07-15T09:52:51Z", "openLoopAttemptedOps": 2700, "openLoopMissedOpportunities": 0, "openLoopSchedulingDelayMs": 0.0, "clientPooling": "hikari"}, "attemptedRps": 2.8887515160330524, "achievedThroughputRps": 1.5582787704036125, "successfulThroughputRps": 1.5582787704036125, "errorThroughputRps": 1.4331458835558275, "totalThroughputRps": 2.99142465395944, "errorRate": 0.47908473364318915, "totalRequests": 2797, "successfulRequests": 1457, "failedRequests": 1340, "latencyMs": {"p50": 31440.895, "p95": 44859.391, "p99": 76546.047, "p999": 100663.295, "max": 107151.359, "mean": 31758.278881253842, "meanSuccessful": 33375.23366918325, "meanFailed": 30000.313319832836, "meanTotal": 31758.278881253842}, "errorsByType": {"SQLTransientConnectionException": 1340}, "firstErrorMessageByType": {"SQLTransientConnectionException": "HikariPool-1 - Connection is not available, request timed out after 30000ms (total=10, active=10, idle=0, waiting=89)"}, "appCpuMedian": 0.02502815667626079, "gcPauseMsTotal": 1}