{"runInfo": {"sut": "PGBOUNCER", "workload": "W5_HTAP", "loadMode": "open-loop", "targetRps": 12, "concurrency": 0, "poolSize": 20, "instanceId": 1, "totalInstances": 4, "configuredDbConnectionBudget": 100, "configuredReplicas": 4, "seed": 42, "durationSeconds": 900, "timestamp": "2026-07-12T11:41:20Z", "openLoopAttemptedOps": 10801, "openLoopMissedOpportunities": 0, "openLoopSchedulingDelayMs": 0.0, "clientPooling": "hikari"}, "attemptedRps": 11.551772819056094, "achievedThroughputRps": 4.469480475033368, "successfulThroughputRps": 4.469480475033368, "errorThroughputRps": 7.471593825935179, "totalThroughputRps": 11.941074300968546, "errorRate": 0.625705329153605, "totalRequests": 11165, "successfulRequests": 4179, "failedRequests": 6986, "latencyMs": {"p50": 30015.487, "p95": 39157.759, "p99": 46104.575, "p999": 62750.719, "max": 67633.151, "mean": 30616.918361548054, "meanSuccessful": 31648.040737018426, "meanFailed": 30000.157966096907, "meanTotal": 30616.918361548054}, "errorsByType": {"SQLTransientConnectionException": 6986}, "firstErrorMessageByType": {"SQLTransientConnectionException": "HikariPool-1 - Connection is not available, request timed out after 30000ms (total=7, active=7, idle=0, waiting=360)"}, "appCpuMedian": 0.1502253380070105, "gcPauseMsTotal": 9}