{"runInfo": {"sut": "HIKARI_DISCIPLINED", "workload": "W5_HTAP", "loadMode": "open-loop", "targetRps": 2, "concurrency": 0, "poolSize": 19, "instanceId": 9, "totalInstances": 16, "configuredDbConnectionBudget": 300, "configuredReplicas": 16, "seed": 42, "durationSeconds": 900, "timestamp": "2026-07-15T07:40:39Z", "openLoopAttemptedOps": 1801, "openLoopMissedOpportunities": 0, "openLoopSchedulingDelayMs": 0.0, "clientPooling": "hikari"}, "attemptedRps": 1.9261908479731682, "achievedThroughputRps": 1.5433056044560143, "successfulThroughputRps": 1.5433056044560143, "errorThroughputRps": 0.3711206131297553, "totalThroughputRps": 1.9144262175857696, "errorRate": 0.19385474860335195, "totalRequests": 1790, "successfulRequests": 1443, "failedRequests": 347, "latencyMs": {"p50": 71.359, "p95": 61472.767, "p99": 229375.999, "p999": 406061.055, "max": 412614.655, "mean": 18239.586698997206, "meanSuccessful": 15411.312503811505, "meanFailed": 30000.4305360317, "meanTotal": 18239.586698997206}, "errorsByType": {"SQLTransientConnectionException": 347}, "firstErrorMessageByType": {"SQLTransientConnectionException": "HikariPool-1 - Connection is not available, request timed out after 30001ms (total=19, active=19, idle=0, waiting=17)"}, "appCpuMedian": 0.025025025025025023, "gcPauseMsTotal": 0}