{"runInfo": {"sut": "PGBOUNCER", "workload": "W5_HTAP", "loadMode": "open-loop", "targetRps": 3, "concurrency": 0, "poolSize": 20, "instanceId": 10, "totalInstances": 16, "configuredDbConnectionBudget": 100, "configuredReplicas": 16, "seed": 42, "durationSeconds": 900, "timestamp": "2026-07-15T16:32:17Z", "openLoopAttemptedOps": 2701, "openLoopMissedOpportunities": 0, "openLoopSchedulingDelayMs": 0.0, "clientPooling": "hikari"}, "attemptedRps": 2.8887515160330524, "achievedThroughputRps": 1.5668348652308115, "successfulThroughputRps": 1.5668348652308115, "errorThroughputRps": 1.4192422294616291, "totalThroughputRps": 2.9860770946924404, "errorRate": 0.4752865329512894, "totalRequests": 2792, "successfulRequests": 1465, "failedRequests": 1327, "latencyMs": {"p50": 30081.023, "p95": 46563.327, "p99": 77463.551, "p999": 106102.783, "max": 113442.815, "mean": 31187.064644040835, "meanSuccessful": 32261.91193993174, "meanFailed": 30000.28584613188, "meanTotal": 31187.064644040835}, "errorsByType": {"SQLTransientConnectionException": 1327}, "firstErrorMessageByType": {"SQLTransientConnectionException": "HikariPool-1 - Connection is not available, request timed out after 30000ms (total=11, active=11, idle=0, waiting=88)"}, "appCpuMedian": 0.025021894157387717, "gcPauseMsTotal": 1}