{"runInfo": {"sut": "HIKARI_DISCIPLINED", "workload": "W5_HTAP", "loadMode": "open-loop", "targetRps": 2, "concurrency": 0, "poolSize": 19, "instanceId": 8, "totalInstances": 16, "configuredDbConnectionBudget": 300, "configuredReplicas": 16, "seed": 42, "durationSeconds": 900, "timestamp": "2026-07-15T01:05:24Z", "openLoopAttemptedOps": 1801, "openLoopMissedOpportunities": 0, "openLoopSchedulingDelayMs": 0.0, "clientPooling": "hikari"}, "attemptedRps": 1.9261908479731682, "achievedThroughputRps": 1.063094782279472, "successfulThroughputRps": 1.063094782279472, "errorThroughputRps": 0.8577485064266968, "totalThroughputRps": 1.9208432887061688, "errorRate": 0.4465478841870824, "totalRequests": 1796, "successfulRequests": 994, "failedRequests": 802, "latencyMs": {"p50": 3405.823, "p95": 146538.495, "p99": 435945.471, "p999": 623902.719, "max": 623902.719, "mean": 25811.51121071993, "meanSuccessful": 22431.577195171023, "meanFailed": 30000.294363534915, "meanTotal": 25811.51121071993}, "errorsByType": {"SQLTransientConnectionException": 802}, "firstErrorMessageByType": {"SQLTransientConnectionException": "HikariPool-1 - Connection is not available, request timed out after 30000ms (total=19, active=19, idle=0, waiting=46)"}, "appCpuMedian": 0.025015634771732333, "gcPauseMsTotal": 0}