{"runInfo": {"sut": "PGBOUNCER", "workload": "W5_HTAP", "loadMode": "open-loop", "targetRps": 4, "concurrency": 0, "poolSize": 20, "instanceId": 3, "totalInstances": 16, "configuredDbConnectionBudget": 100, "configuredReplicas": 16, "seed": 42, "durationSeconds": 900, "timestamp": "2026-07-15T23:10:48Z", "openLoopAttemptedOps": 3601, "openLoopMissedOpportunities": 0, "openLoopSchedulingDelayMs": 0.0, "clientPooling": "hikari"}, "attemptedRps": 3.8513121840929365, "achievedThroughputRps": 1.6331446001416035, "successfulThroughputRps": 1.6331446001416035, "errorThroughputRps": 2.3400919352389185, "totalThroughputRps": 3.9732365353805217, "errorRate": 0.588963660834455, "totalRequests": 3715, "successfulRequests": 1527, "failedRequests": 2188, "latencyMs": {"p50": 31719.423, "p95": 48168.959, "p99": 72089.599, "p999": 100270.079, "max": 108920.831, "mean": 31491.630512699598, "meanSuccessful": 33628.588678454485, "meanFailed": 30000.27818382084, "meanTotal": 31491.630512699598}, "errorsByType": {"SQLTransientConnectionException": 2188}, "firstErrorMessageByType": {"SQLTransientConnectionException": "HikariPool-1 - Connection is not available, request timed out after 30000ms (total=8, active=8, idle=0, waiting=120)"}, "appCpuMedian": 0.025025025025025023, "gcPauseMsTotal": 2}