{"runInfo": {"sut": "PGBOUNCER", "workload": "W5_HTAP", "loadMode": "open-loop", "targetRps": 3, "concurrency": 0, "poolSize": 20, "instanceId": 2, "totalInstances": 16, "configuredDbConnectionBudget": 100, "configuredReplicas": 16, "seed": 42, "durationSeconds": 900, "timestamp": "2026-07-15T13:11:36Z", "openLoopAttemptedOps": 2701, "openLoopMissedOpportunities": 0, "openLoopSchedulingDelayMs": 0.0, "clientPooling": "hikari"}, "attemptedRps": 2.8887484264823686, "achievedThroughputRps": 1.5582771038077792, "successfulThroughputRps": 1.5582771038077792, "errorThroughputRps": 1.4192407115668653, "totalThroughputRps": 2.9775178153746444, "errorRate": 0.4766522988505747, "totalRequests": 2784, "successfulRequests": 1457, "failedRequests": 1327, "latencyMs": {"p50": 30457.855, "p95": 49414.143, "p99": 75431.935, "p999": 100532.223, "max": 112918.527, "mean": 31359.74593840661, "meanSuccessful": 32598.091684282772, "meanFailed": 30000.300737752827, "meanTotal": 31359.74593840661}, "errorsByType": {"SQLTransientConnectionException": 1327}, "firstErrorMessageByType": {"SQLTransientConnectionException": "HikariPool-1 - Connection is not available, request timed out after 30000ms (total=12, active=12, idle=0, waiting=70)"}, "appCpuMedian": 0.025025025025025023, "gcPauseMsTotal": 1}