{"runInfo": {"sut": "PGBOUNCER", "workload": "W5_HTAP", "loadMode": "open-loop", "targetRps": 3, "concurrency": 0, "poolSize": 20, "instanceId": 13, "totalInstances": 16, "configuredDbConnectionBudget": 100, "configuredReplicas": 16, "seed": 42, "durationSeconds": 900, "timestamp": "2026-07-15T14:51:25Z", "openLoopAttemptedOps": 2701, "openLoopMissedOpportunities": 0, "openLoopSchedulingDelayMs": 0.0, "clientPooling": "hikari"}, "attemptedRps": 2.8908874479014597, "achievedThroughputRps": 1.7090781138536932, "successfulThroughputRps": 1.7090781138536932, "errorThroughputRps": 1.2844823621641337, "totalThroughputRps": 2.993560476017827, "errorRate": 0.42908181493390496, "totalRequests": 2799, "successfulRequests": 1598, "failedRequests": 1201, "latencyMs": {"p50": 29736.959, "p95": 43646.975, "p99": 67960.831, "p999": 100335.615, "max": 100532.223, "mean": 30423.767442470526, "meanSuccessful": 30742.12482603254, "meanFailed": 30000.356601998334, "meanTotal": 30423.767442470526}, "errorsByType": {"SQLTransientConnectionException": 1201}, "firstErrorMessageByType": {"SQLTransientConnectionException": "HikariPool-1 - Connection is not available, request timed out after 30000ms (total=12, active=12, idle=0, waiting=87)"}, "appCpuMedian": 0.025025025025025023, "gcPauseMsTotal": 2}