{"runInfo": {"sut": "HIKARI_DISCIPLINED", "workload": "W5_HTAP", "loadMode": "open-loop", "targetRps": 4, "concurrency": 0, "poolSize": 20, "instanceId": 1, "totalInstances": 4, "configuredDbConnectionBudget": 80, "configuredReplicas": 4, "seed": 42, "durationSeconds": 900, "timestamp": "2026-07-11T21:00:32Z", "openLoopAttemptedOps": 3601, "openLoopMissedOpportunities": 0, "openLoopSchedulingDelayMs": 0.0, "clientPooling": "hikari"}, "attemptedRps": 3.85130806507331, "achievedThroughputRps": 3.494091488085116, "successfulThroughputRps": 3.494091488085116, "errorThroughputRps": 0.34224342705455685, "totalThroughputRps": 3.836334915139673, "errorRate": 0.08921103986618344, "totalRequests": 3587, "successfulRequests": 3267, "failedRequests": 320, "latencyMs": {"p50": 11608.063, "p95": 38633.471, "p99": 109838.335, "p999": 230948.863, "max": 236453.887, "mean": 17036.766152773627, "meanSuccessful": 15767.032081114174, "meanFailed": 30000.47145166875, "meanTotal": 17036.766152773627}, "errorsByType": {"SQLTransientConnectionException": 320}, "firstErrorMessageByType": {"SQLTransientConnectionException": "HikariPool-1 - Connection is not available, request timed out after 30001ms (total=20, active=20, idle=0, waiting=47)"}, "appCpuMedian": 0.19990004997501248, "gcPauseMsTotal": 21}