{"runInfo": {"sut": "HIKARI_DISCIPLINED", "workload": "W5_HTAP", "loadMode": "open-loop", "targetRps": 12, "concurrency": 0, "poolSize": 20, "instanceId": 0, "totalInstances": 4, "configuredDbConnectionBudget": 80, "configuredReplicas": 4, "seed": 42, "durationSeconds": 900, "timestamp": "2026-07-12T14:18:20Z", "openLoopAttemptedOps": 10800, "openLoopMissedOpportunities": 0, "openLoopSchedulingDelayMs": 0.0, "clientPooling": "hikari"}, "attemptedRps": 11.55178517380084, "achievedThroughputRps": 4.331518373659235, "successfulThroughputRps": 4.331518373659235, "errorThroughputRps": 7.6063601662875255, "totalThroughputRps": 11.93787853994676, "errorRate": 0.6371617989607598, "totalRequests": 11162, "successfulRequests": 4050, "failedRequests": 7112, "latencyMs": {"p50": 29310.975, "p95": 78381.055, "p99": 121765.887, "p999": 198180.863, "max": 201326.591, "mean": 31153.712389401542, "meanSuccessful": 33179.40147234568, "meanFailed": 30000.175549304837, "meanTotal": 31153.712389401542}, "errorsByType": {"SQLTransientConnectionException": 7112}, "firstErrorMessageByType": {"SQLTransientConnectionException": "HikariPool-1 - Connection is not available, request timed out after 30000ms (total=20, active=20, idle=0, waiting=360)"}, "appCpuMedian": 0.2004008016032064, "gcPauseMsTotal": 17}