{"runInfo": {"sut": "HIKARI_DISCIPLINED", "workload": "W5_HTAP", "loadMode": "open-loop", "targetRps": 2, "concurrency": 0, "poolSize": 19, "instanceId": 4, "totalInstances": 16, "configuredDbConnectionBudget": 300, "configuredReplicas": 16, "seed": 42, "durationSeconds": 900, "timestamp": "2026-07-15T01:05:21Z", "openLoopAttemptedOps": 1801, "openLoopMissedOpportunities": 0, "openLoopSchedulingDelayMs": 0.0, "clientPooling": "hikari"}, "attemptedRps": 1.9261908479731682, "achievedThroughputRps": 1.072720388960071, "successfulThroughputRps": 1.072720388960071, "errorThroughputRps": 0.8481228997460979, "totalThroughputRps": 1.9208432887061688, "errorRate": 0.44153674832962136, "totalRequests": 1796, "successfulRequests": 1003, "failedRequests": 793, "latencyMs": {"p50": 301.567, "p95": 131530.751, "p99": 406061.055, "p999": 559415.295, "max": 581959.679, "mean": 25363.339413205456, "meanSuccessful": 21697.421415752742, "meanFailed": 30000.29980389155, "meanTotal": 25363.339413205456}, "errorsByType": {"SQLTransientConnectionException": 793}, "firstErrorMessageByType": {"SQLTransientConnectionException": "HikariPool-1 - Connection is not available, request timed out after 30001ms (total=19, active=19, idle=0, waiting=46)"}, "appCpuMedian": 0.025015634771732333, "gcPauseMsTotal": 0}