{"runInfo": {"sut": "HIKARI_DISCIPLINED", "workload": "W5_HTAP", "loadMode": "open-loop", "targetRps": 8, "concurrency": 0, "poolSize": 20, "instanceId": 2, "totalInstances": 4, "configuredDbConnectionBudget": 80, "configuredReplicas": 4, "seed": 42, "durationSeconds": 900, "timestamp": "2026-07-02T03:12:44Z", "openLoopAttemptedOps": 7201, "openLoopMissedOpportunities": 0, "openLoopSchedulingDelayMs": 0.0, "clientPooling": "hikari"}, "attemptedRps": 6.825540659407322, "achievedThroughputRps": 3.0862325214595527, "successfulThroughputRps": 3.0862325214595527, "errorThroughputRps": 3.9696381449240192, "totalThroughputRps": 7.055870666383572, "errorRate": 0.5626007522837184, "totalRequests": 7444, "successfulRequests": 3256, "failedRequests": 4188, "latencyMs": {"p50": 28590.079, "p95": 88997.887, "p99": 211550.207, "p999": 221642.751, "max": 229638.143, "mean": 31482.530042233608, "meanSuccessful": 33389.117047911546, "meanFailed": 30000.204120135626, "meanTotal": 31482.530042233608}, "errorsByType": {"SQLTransientConnectionException": 4188}, "firstErrorMessageByType": {"SQLTransientConnectionException": "HikariPool-1 - Connection is not available, request timed out after 30001ms (total=20, active=20, idle=0, waiting=232)"}, "appCpuMedian": 0.15037593984962408, "gcPauseMsTotal": 11}