{"runInfo": {"sut": "HIKARI_DISCIPLINED", "workload": "W5_HTAP", "loadMode": "open-loop", "targetRps": 2, "concurrency": 0, "poolSize": 19, "instanceId": 5, "totalInstances": 16, "configuredDbConnectionBudget": 300, "configuredReplicas": 16, "seed": 42, "durationSeconds": 900, "timestamp": "2026-07-15T06:01:54Z", "openLoopAttemptedOps": 1800, "openLoopMissedOpportunities": 0, "openLoopSchedulingDelayMs": 0.0, "clientPooling": "hikari"}, "attemptedRps": 1.9261887878914277, "achievedThroughputRps": 0.9839498527818509, "successfulThroughputRps": 0.9839498527818509, "errorThroughputRps": 0.9390304029809403, "totalThroughputRps": 1.922980255762791, "errorRate": 0.4883203559510567, "totalRequests": 1798, "successfulRequests": 920, "failedRequests": 878, "latencyMs": {"p50": 193.407, "p95": 148242.431, "p99": 417333.247, "p999": 585105.407, "max": 585105.407, "mean": 26760.96641217909, "meanSuccessful": 23669.67697826087, "meanFailed": 30000.35597785763, "meanTotal": 26760.96641217909}, "errorsByType": {"SQLTransientConnectionException": 878}, "firstErrorMessageByType": {"SQLTransientConnectionException": "HikariPool-1 - Connection is not available, request timed out after 30001ms (total=19, active=19, idle=0, waiting=46)"}, "appCpuMedian": 0.02501876407305479, "gcPauseMsTotal": 0}