{"runInfo": {"sut": "PGBOUNCER", "workload": "W5_HTAP", "loadMode": "open-loop", "targetRps": 8, "concurrency": 0, "poolSize": 20, "instanceId": 2, "totalInstances": 4, "configuredDbConnectionBudget": 100, "configuredReplicas": 4, "seed": 42, "durationSeconds": 900, "timestamp": "2026-07-05T04:28:19Z", "openLoopAttemptedOps": 7201, "openLoopMissedOpportunities": 0, "openLoopSchedulingDelayMs": 0.0, "clientPooling": "hikari"}, "attemptedRps": 7.721283227734429, "achievedThroughputRps": 4.412315023208884, "successfulThroughputRps": 4.412315023208884, "errorThroughputRps": 3.571669828021578, "totalThroughputRps": 7.9839848512304625, "errorRate": 0.4473542841794252, "totalRequests": 7446, "successfulRequests": 4115, "failedRequests": 3331, "latencyMs": {"p50": 29360.127, "p95": 38404.095, "p99": 45613.055, "p999": 60424.191, "max": 63143.935, "mean": 29605.771204928686, "meanSuccessful": 29286.334190036454, "meanFailed": 30000.222734206844, "meanTotal": 29605.771204928686}, "errorsByType": {"SQLTransientConnectionException": 3331}, "firstErrorMessageByType": {"SQLTransientConnectionException": "HikariPool-1 - Connection is not available, request timed out after 30000ms (total=8, active=8, idle=0, waiting=239)"}, "appCpuMedian": 0.15007503751875936, "gcPauseMsTotal": 11}