{"runInfo": {"sut": "PGBOUNCER", "workload": "W5_HTAP", "loadMode": "open-loop", "targetRps": 5, "concurrency": 0, "poolSize": 20, "instanceId": 2, "totalInstances": 4, "configuredDbConnectionBudget": 100, "configuredReplicas": 4, "seed": 42, "durationSeconds": 1800, "timestamp": "2026-05-22T14:36:15Z", "openLoopAttemptedOps": 10501, "openLoopMissedOpportunities": 0, "openLoopSchedulingDelayMs": 0.116796, "clientPooling": "hikari"}, "attemptedRps": 3.991549498140588, "achievedThroughputRps": 0.844340655978189, "successfulThroughputRps": 0.844340655978189, "errorThroughputRps": 3.215501101101811, "totalThroughputRps": 4.05984175708, "errorRate": 0.7920262151829601, "totalRequests": 9155, "successfulRequests": 1904, "failedRequests": 7251, "latencyMs": {"p50": 28934.143, "p95": 60030.975, "p99": 60030.975, "p999": 65994.751, "max": 66650.111, "mean": 30888.574434439106, "meanSuccessful": 31548.72472531513, "meanFailed": 30000.300792988968, "meanTotal": 30888.574434439106}, "errorsByType": {"SQLTransientConnectionException": 7251}, "firstErrorMessageByType": {"SQLTransientConnectionException": "HikariPool-1 - Connection is not available, request timed out after 30000ms (total=9, active=9, idle=0, waiting=150)"}, "appCpuMedian": 0.15007503751875936, "gcPauseMsTotal": 4181}