{"runInfo": {"sut": "PGBOUNCER", "workload": "W5_HTAP", "loadMode": "open-loop", "targetRps": 8, "concurrency": 0, "poolSize": 20, "instanceId": 2, "totalInstances": 4, "configuredDbConnectionBudget": 100, "configuredReplicas": 4, "seed": 42, "durationSeconds": 900, "timestamp": "2026-07-12T08:32:43Z", "openLoopAttemptedOps": 7201, "openLoopMissedOpportunities": 0, "openLoopSchedulingDelayMs": 0.0, "clientPooling": "hikari"}, "attemptedRps": 7.706178533782084, "achievedThroughputRps": 4.760044732434761, "successfulThroughputRps": 4.760044732434761, "errorThroughputRps": 3.209391670991872, "totalThroughputRps": 7.9694364034266325, "errorRate": 0.4027125016785283, "totalRequests": 7447, "successfulRequests": 4448, "failedRequests": 2999, "latencyMs": {"p50": 29310.975, "p95": 38043.647, "p99": 44957.695, "p999": 61833.215, "max": 65372.159, "mean": 29705.31607096079, "meanSuccessful": 29506.544805755395, "meanFailed": 30000.20544293498, "meanTotal": 29705.31607096079}, "errorsByType": {"SQLTransientConnectionException": 2999}, "firstErrorMessageByType": {"SQLTransientConnectionException": "HikariPool-1 - Connection is not available, request timed out after 30000ms (total=12, active=12, idle=0, waiting=236)"}, "appCpuMedian": 0.15015015015015015, "gcPauseMsTotal": 11}