{"runInfo": {"sut": "PGBOUNCER", "workload": "W5_HTAP", "loadMode": "open-loop", "targetRps": 8, "concurrency": 0, "poolSize": 20, "instanceId": 0, "totalInstances": 2, "configuredDbConnectionBudget": 100, "configuredReplicas": 2, "seed": 42, "durationSeconds": 900, "timestamp": "2026-05-31T04:42:40Z", "openLoopAttemptedOps": 9601, "openLoopMissedOpportunities": 0, "openLoopSchedulingDelayMs": 0.161402, "clientPooling": "hikari"}, "attemptedRps": 5.314348001602939, "achievedThroughputRps": 1.2413183361611086, "successfulThroughputRps": 1.2413183361611086, "errorThroughputRps": 4.246459991837705, "totalThroughputRps": 5.4877783279988135, "errorRate": 0.7738031199569662, "totalRequests": 7436, "successfulRequests": 1682, "failedRequests": 5754, "latencyMs": {"p50": 28491.775, "p95": 60030.975, "p99": 60030.975, "p999": 65175.551, "max": 65306.623, "mean": 30609.496686336202, "meanSuccessful": 29963.19459690844, "meanFailed": 30000.25813855892, "meanTotal": 30609.496686336202}, "errorsByType": {"SQLTransientConnectionException": 5754}, "firstErrorMessageByType": {"SQLTransientConnectionException": "HikariPool-1 - Connection is not available, request timed out after 30000ms (total=9, active=9, idle=0, waiting=240)"}, "appCpuMedian": 0.15022533800701052, "gcPauseMsTotal": 8}