{"runInfo": {"sut": "HIKARI_DISCIPLINED", "workload": "W5_HTAP", "loadMode": "open-loop", "targetRps": 8, "concurrency": 0, "poolSize": 20, "instanceId": 2, "totalInstances": 4, "configuredDbConnectionBudget": 80, "configuredReplicas": 4, "seed": 42, "durationSeconds": 900, "timestamp": "2026-07-05T08:37:15Z", "openLoopAttemptedOps": 7201, "openLoopMissedOpportunities": 0, "openLoopSchedulingDelayMs": 0.0, "clientPooling": "hikari"}, "attemptedRps": 7.701538382559293, "achievedThroughputRps": 3.914405010438413, "successfulThroughputRps": 3.914405010438413, "errorThroughputRps": 4.034190081796091, "totalThroughputRps": 7.9485950922345046, "errorRate": 0.5075349838536061, "totalRequests": 7432, "successfulRequests": 3660, "failedRequests": 3772, "latencyMs": {"p50": 28639.231, "p95": 77070.335, "p99": 185073.663, "p999": 193069.055, "max": 195166.207, "mean": 31331.36233600242, "meanSuccessful": 32703.250491530052, "meanFailed": 30000.23849481893, "meanTotal": 31331.36233600242}, "errorsByType": {"SQLTransientConnectionException": 3772}, "firstErrorMessageByType": {"SQLTransientConnectionException": "HikariPool-1 - Connection is not available, request timed out after 30000ms (total=20, active=20, idle=0, waiting=227)"}, "appCpuMedian": 0.20020020020020018, "gcPauseMsTotal": 14}