{"runInfo": {"sut": "HIKARI_DISCIPLINED", "workload": "W5_HTAP", "loadMode": "open-loop", "targetRps": 12, "concurrency": 0, "poolSize": 20, "instanceId": 3, "totalInstances": 4, "configuredDbConnectionBudget": 80, "configuredReplicas": 4, "seed": 42, "durationSeconds": 900, "timestamp": "2026-07-02T09:27:05Z", "openLoopAttemptedOps": 10801, "openLoopMissedOpportunities": 0, "openLoopSchedulingDelayMs": 0.0, "clientPooling": "hikari"}, "attemptedRps": 10.237827355027303, "achievedThroughputRps": 3.2208256043313375, "successfulThroughputRps": 3.2208256043313375, "errorThroughputRps": 7.376240392262057, "totalThroughputRps": 10.597065996593393, "errorRate": 0.6960644007155635, "totalRequests": 11180, "successfulRequests": 3398, "failedRequests": 7782, "latencyMs": {"p50": 29523.967, "p95": 90111.999, "p99": 210239.487, "p999": 220200.959, "max": 223477.759, "mean": 31499.44947195671, "meanSuccessful": 34933.0724520306, "meanFailed": 30000.209477601773, "meanTotal": 31499.44947195671}, "errorsByType": {"SQLTransientConnectionException": 7782}, "firstErrorMessageByType": {"SQLTransientConnectionException": "HikariPool-1 - Connection is not available, request timed out after 30000ms (total=20, active=20, idle=0, waiting=359)"}, "appCpuMedian": 0.20050125313283207, "gcPauseMsTotal": 14}