{"runInfo": {"sut": "HIKARI_DISCIPLINED", "workload": "W5_HTAP", "loadMode": "open-loop", "targetRps": 12, "concurrency": 0, "poolSize": 20, "instanceId": 2, "totalInstances": 4, "configuredDbConnectionBudget": 80, "configuredReplicas": 4, "seed": 42, "durationSeconds": 900, "timestamp": "2026-07-02T11:01:02Z", "openLoopAttemptedOps": 10800, "openLoopMissedOpportunities": 0, "openLoopSchedulingDelayMs": 0.0, "clientPooling": "hikari"}, "attemptedRps": 10.237837059055476, "achievedThroughputRps": 3.0104037125784826, "successfulThroughputRps": 3.0104037125784826, "errorThroughputRps": 7.587620188662076, "totalThroughputRps": 10.598023901240559, "errorRate": 0.715946695286647, "totalRequests": 11181, "successfulRequests": 3176, "failedRequests": 8005, "latencyMs": {"p50": 29556.735, "p95": 90636.287, "p99": 205389.823, "p999": 214958.079, "max": 216399.871, "mean": 31495.745648409265, "meanSuccessful": 35264.988143576826, "meanFailed": 30000.217340398623, "meanTotal": 31495.745648409265}, "errorsByType": {"SQLTransientConnectionException": 8005}, "firstErrorMessageByType": {"SQLTransientConnectionException": "HikariPool-1 - Connection is not available, request timed out after 30000ms (total=20, active=20, idle=0, waiting=360)"}, "appCpuMedian": 0.20060180541624875, "gcPauseMsTotal": 15}