{"runInfo": {"sut": "HIKARI_DISCIPLINED", "workload": "W5_HTAP", "loadMode": "open-loop", "targetRps": 2, "concurrency": 0, "poolSize": 19, "instanceId": 5, "totalInstances": 16, "configuredDbConnectionBudget": 300, "configuredReplicas": 16, "seed": 42, "durationSeconds": 900, "timestamp": "2026-07-15T01:05:22Z", "openLoopAttemptedOps": 1801, "openLoopMissedOpportunities": 0, "openLoopSchedulingDelayMs": 0.0, "clientPooling": "hikari"}, "attemptedRps": 1.9261887878914277, "achievedThroughputRps": 0.9796718099436689, "successfulThroughputRps": 0.9796718099436689, "errorThroughputRps": 0.9433084458191222, "totalThroughputRps": 1.922980255762791, "errorRate": 0.4905450500556173, "totalRequests": 1798, "successfulRequests": 916, "failedRequests": 882, "latencyMs": {"p50": 166.911, "p95": 156499.967, "p99": 433061.887, "p999": 605028.351, "max": 605028.351, "mean": 26603.335787521133, "meanSuccessful": 23331.547786026204, "meanFailed": 30000.33721394331, "meanTotal": 26603.335787521133}, "errorsByType": {"SQLTransientConnectionException": 882}, "firstErrorMessageByType": {"SQLTransientConnectionException": "HikariPool-1 - Connection is not available, request timed out after 30001ms (total=19, active=19, idle=0, waiting=46)"}, "appCpuMedian": 0.02501876407305479, "gcPauseMsTotal": 0}