{"runInfo": {"sut": "HIKARI_DISCIPLINED", "workload": "W5_HTAP", "loadMode": "open-loop", "targetRps": 2, "concurrency": 0, "poolSize": 19, "instanceId": 9, "totalInstances": 16, "configuredDbConnectionBudget": 300, "configuredReplicas": 16, "seed": 42, "durationSeconds": 900, "timestamp": "2026-07-15T04:23:14Z", "openLoopAttemptedOps": 1800, "openLoopMissedOpportunities": 0, "openLoopSchedulingDelayMs": 0.0, "clientPooling": "hikari"}, "attemptedRps": 1.9261887878914277, "achievedThroughputRps": 1.088761902317309, "successfulThroughputRps": 1.088761902317309, "errorThroughputRps": 0.8342183534454822, "totalThroughputRps": 1.922980255762791, "errorRate": 0.43381535038932145, "totalRequests": 1798, "successfulRequests": 1018, "failedRequests": 780, "latencyMs": {"p50": 535.039, "p95": 136052.735, "p99": 408420.351, "p999": 574095.359, "max": 580911.103, "mean": 25608.43033994883, "meanSuccessful": 22243.28137426326, "meanFailed": 30000.341162882054, "meanTotal": 25608.43033994883}, "errorsByType": {"SQLTransientConnectionException": 780}, "firstErrorMessageByType": {"SQLTransientConnectionException": "HikariPool-1 - Connection is not available, request timed out after 30000ms (total=19, active=19, idle=0, waiting=46)"}, "appCpuMedian": 0.025025025025025023, "gcPauseMsTotal": 0}