{"runInfo": {"sut": "HIKARI_DISCIPLINED", "workload": "W5_HTAP", "loadMode": "open-loop", "targetRps": 2, "concurrency": 0, "poolSize": 19, "instanceId": 3, "totalInstances": 16, "configuredDbConnectionBudget": 300, "configuredReplicas": 16, "seed": 42, "durationSeconds": 900, "timestamp": "2026-07-15T06:01:52Z", "openLoopAttemptedOps": 1801, "openLoopMissedOpportunities": 0, "openLoopSchedulingDelayMs": 0.0, "clientPooling": "hikari"}, "attemptedRps": 1.9261887878914277, "achievedThroughputRps": 1.0812753273504905, "successfulThroughputRps": 1.0812753273504905, "errorThroughputRps": 0.8384963962836642, "totalThroughputRps": 1.9197717236341547, "errorRate": 0.43676880222841225, "totalRequests": 1795, "successfulRequests": 1011, "failedRequests": 784, "latencyMs": {"p50": 4110.335, "p95": 139460.607, "p99": 402391.039, "p999": 575668.223, "max": 583008.255, "mean": 25696.14410973872, "meanSuccessful": 22358.29661523244, "meanFailed": 30000.38916411097, "meanTotal": 25696.14410973872}, "errorsByType": {"SQLTransientConnectionException": 784}, "firstErrorMessageByType": {"SQLTransientConnectionException": "HikariPool-1 - Connection is not available, request timed out after 30001ms (total=19, active=19, idle=0, waiting=46)"}, "appCpuMedian": 0.02501876407305479, "gcPauseMsTotal": 0}