{"runInfo": {"sut": "PGBOUNCER", "workload": "W5_HTAP", "loadMode": "open-loop", "targetRps": 3, "concurrency": 0, "poolSize": 20, "instanceId": 8, "totalInstances": 16, "configuredDbConnectionBudget": 100, "configuredReplicas": 16, "seed": 42, "durationSeconds": 900, "timestamp": "2026-07-15T11:32:07Z", "openLoopAttemptedOps": 2701, "openLoopMissedOpportunities": 0, "openLoopSchedulingDelayMs": 0.0, "clientPooling": "hikari"}, "attemptedRps": 2.8887484264823686, "achievedThroughputRps": 1.5176356968450504, "successfulThroughputRps": 1.5176356968450504, "errorThroughputRps": 1.470577225625049, "totalThroughputRps": 2.9882129224700993, "errorRate": 0.4921259842519685, "totalRequests": 2794, "successfulRequests": 1419, "failedRequests": 1375, "latencyMs": {"p50": 30719.999, "p95": 46432.255, "p99": 76939.263, "p999": 107937.791, "max": 112852.991, "mean": 31472.67379547065, "meanSuccessful": 32899.55574348132, "meanFailed": 30000.30150364509, "meanTotal": 31472.67379547065}, "errorsByType": {"SQLTransientConnectionException": 1375}, "firstErrorMessageByType": {"SQLTransientConnectionException": "HikariPool-1 - Connection is not available, request timed out after 30000ms (total=8, active=8, idle=0, waiting=90)"}, "appCpuMedian": 0.025025025025025023, "gcPauseMsTotal": 1}