{"runInfo": {"sut": "PGBOUNCER", "workload": "W5_HTAP", "loadMode": "open-loop", "targetRps": 4, "concurrency": 0, "poolSize": 20, "instanceId": 3, "totalInstances": 4, "configuredDbConnectionBudget": 100, "configuredReplicas": 4, "seed": 42, "durationSeconds": 900, "timestamp": "2026-07-11T23:06:50Z", "openLoopAttemptedOps": 3601, "openLoopMissedOpportunities": 0, "openLoopSchedulingDelayMs": 0.0, "clientPooling": "hikari"}, "attemptedRps": 3.88368571588806, "achievedThroughputRps": 3.7650504954638206, "successfulThroughputRps": 3.7650504954638206, "errorThroughputRps": 0.13157724447052022, "totalThroughputRps": 3.896627739934341, "errorRate": 0.0337669526709106, "totalRequests": 3613, "successfulRequests": 3491, "failedRequests": 122, "latencyMs": {"p50": 14360.575, "p95": 29851.647, "p99": 36044.799, "p999": 52854.783, "max": 65568.767, "mean": 14384.794043120122, "meanSuccessful": 13839.190892867373, "meanFailed": 30000.76442751639, "meanTotal": 14384.794043120122}, "errorsByType": {"SQLTransientConnectionException": 122}, "firstErrorMessageByType": {"SQLTransientConnectionException": "HikariPool-1 - Connection is not available, request timed out after 30000ms (total=8, active=8, idle=0, waiting=63)"}, "appCpuMedian": 0.15022533800701052, "gcPauseMsTotal": 6}