{"runInfo": {"sut": "HIKARI_DISCIPLINED", "workload": "W5_HTAP", "loadMode": "open-loop", "targetRps": 12, "concurrency": 0, "poolSize": 20, "instanceId": 1, "totalInstances": 4, "configuredDbConnectionBudget": 80, "configuredReplicas": 4, "seed": 42, "durationSeconds": 900, "timestamp": "2026-07-12T11:09:37Z", "openLoopAttemptedOps": 10801, "openLoopMissedOpportunities": 0, "openLoopSchedulingDelayMs": 0.0, "clientPooling": "hikari"}, "attemptedRps": 11.55179752857201, "achievedThroughputRps": 4.280186437306285, "successfulThroughputRps": 4.280186437306285, "errorThroughputRps": 7.658774382196478, "totalThroughputRps": 11.938960819502762, "errorRate": 0.6414942219833378, "totalRequests": 11163, "successfulRequests": 4002, "failedRequests": 7161, "latencyMs": {"p50": 29261.823, "p95": 81199.103, "p99": 99352.575, "p999": 195952.639, "max": 199360.511, "mean": 31160.73844379898, "meanSuccessful": 33237.39786156922, "meanFailed": 30000.176574723642, "meanTotal": 31160.73844379898}, "errorsByType": {"SQLTransientConnectionException": 7161}, "firstErrorMessageByType": {"SQLTransientConnectionException": "HikariPool-1 - Connection is not available, request timed out after 30000ms (total=20, active=20, idle=0, waiting=360)"}, "appCpuMedian": 0.20030045067601399, "gcPauseMsTotal": 18}