{"runInfo": {"sut": "HIKARI_DISCIPLINED", "workload": "W5_HTAP", "loadMode": "open-loop", "targetRps": 2, "concurrency": 0, "poolSize": 19, "instanceId": 0, "totalInstances": 16, "configuredDbConnectionBudget": 300, "configuredReplicas": 16, "seed": 42, "durationSeconds": 900, "timestamp": "2026-07-15T06:01:49Z", "openLoopAttemptedOps": 1801, "openLoopMissedOpportunities": 0, "openLoopSchedulingDelayMs": 0.0, "clientPooling": "hikari"}, "attemptedRps": 1.9261908479731682, "achievedThroughputRps": 1.1326130527504636, "successfulThroughputRps": 1.1326130527504636, "errorThroughputRps": 0.7860912122489053, "totalThroughputRps": 1.918704264999369, "errorRate": 0.4096989966555184, "totalRequests": 1794, "successfulRequests": 1059, "failedRequests": 735, "latencyMs": {"p50": 263.679, "p95": 123404.287, "p99": 337379.327, "p999": 557318.143, "max": 559415.295, "mean": 23479.07219577425, "meanSuccessful": 18953.870864022665, "meanFailed": 30000.267954408166, "meanTotal": 23479.07219577425}, "errorsByType": {"SQLTransientConnectionException": 735}, "firstErrorMessageByType": {"SQLTransientConnectionException": "HikariPool-1 - Connection is not available, request timed out after 30000ms (total=19, active=19, idle=0, waiting=46)"}, "appCpuMedian": 0.025015634771732333, "gcPauseMsTotal": 0}