{"runInfo": {"sut": "PGBOUNCER", "workload": "W5_HTAP", "loadMode": "open-loop", "targetRps": 2, "concurrency": 0, "poolSize": 20, "instanceId": 9, "totalInstances": 16, "configuredDbConnectionBudget": 100, "configuredReplicas": 16, "seed": 42, "durationSeconds": 900, "timestamp": "2026-07-15T04:56:25Z", "openLoopAttemptedOps": 1801, "openLoopMissedOpportunities": 0, "openLoopSchedulingDelayMs": 0.0, "clientPooling": "hikari"}, "attemptedRps": 1.9261887878914277, "achievedThroughputRps": 1.3657651760895908, "successfulThroughputRps": 1.3657651760895908, "errorThroughputRps": 0.5967869759263835, "totalThroughputRps": 1.9625521520159743, "errorRate": 0.30408719346049046, "totalRequests": 1835, "successfulRequests": 1277, "failedRequests": 558, "latencyMs": {"p50": 25182.207, "p95": 48005.119, "p99": 80216.063, "p999": 119341.055, "max": 125763.583, "mean": 26236.35175280763, "meanSuccessful": 24591.588420516837, "meanFailed": 30000.4402263172, "meanTotal": 26236.35175280763}, "errorsByType": {"SQLTransientConnectionException": 558}, "firstErrorMessageByType": {"SQLTransientConnectionException": "HikariPool-1 - Connection is not available, request timed out after 30000ms (total=10, active=10, idle=0, waiting=31)"}, "appCpuMedian": 0.025021894157387717, "gcPauseMsTotal": 1}