{"runInfo": {"sut": "HIKARI_DISCIPLINED", "workload": "W5_HTAP", "loadMode": "open-loop", "targetRps": 5, "concurrency": 0, "poolSize": 19, "instanceId": 0, "totalInstances": 4, "configuredDbConnectionBudget": 75, "configuredReplicas": 4, "seed": 42, "durationSeconds": 1800, "timestamp": "2026-05-22T13:33:37Z", "openLoopAttemptedOps": 10501, "openLoopMissedOpportunities": 0, "openLoopSchedulingDelayMs": 0.067852, "clientPooling": "hikari"}, "attemptedRps": 3.9999751664512946, "achievedThroughputRps": 0.3450089445120961, "successfulThroughputRps": 0.3450089445120961, "errorThroughputRps": 3.7232584808786107, "totalThroughputRps": 4.068267425390707, "errorRate": 0.9151951166339656, "totalRequests": 9174, "successfulRequests": 778, "failedRequests": 8396, "latencyMs": {"p50": 27738.111, "p95": 60030.975, "p99": 60030.975, "p999": 60555.263, "max": 60555.263, "mean": 32940.01799160562, "meanSuccessful": 22522.988485861184, "meanFailed": 30000.287706895902, "meanTotal": 32940.01799160562}, "errorsByType": {"SQLTransientConnectionException": 8396}, "firstErrorMessageByType": {"SQLTransientConnectionException": "HikariPool-1 - Connection is not available, request timed out after 30000ms (total=19, active=19, idle=0, waiting=145)"}, "appCpuMedian": 0.1506024096385542, "gcPauseMsTotal": 1504}