{"runInfo": {"sut": "PGBOUNCER", "workload": "W5_HTAP", "loadMode": "open-loop", "targetRps": 2, "concurrency": 0, "poolSize": 20, "instanceId": 4, "totalInstances": 16, "configuredDbConnectionBudget": 100, "configuredReplicas": 16, "seed": 42, "durationSeconds": 900, "timestamp": "2026-07-15T03:17:25Z", "openLoopAttemptedOps": 1800, "openLoopMissedOpportunities": 0, "openLoopSchedulingDelayMs": 0.0, "clientPooling": "hikari"}, "attemptedRps": 1.9261908479731682, "achievedThroughputRps": 1.2160349773156536, "successfulThroughputRps": 1.2160349773156536, "errorThroughputRps": 0.74758878552651, "totalThroughputRps": 1.9636237628421636, "errorRate": 0.380718954248366, "totalRequests": 1836, "successfulRequests": 1137, "failedRequests": 699, "latencyMs": {"p50": 29065.215, "p95": 49512.447, "p99": 103481.343, "p999": 114229.247, "max": 118226.943, "mean": 29427.456110383988, "meanSuccessful": 29075.08377308707, "meanFailed": 30000.359371188842, "meanTotal": 29427.456110383988}, "errorsByType": {"SQLTransientConnectionException": 699}, "firstErrorMessageByType": {"SQLTransientConnectionException": "HikariPool-1 - Connection is not available, request timed out after 30001ms (total=6, active=6, idle=0, waiting=56)"}, "appCpuMedian": 0.025015634771732333, "gcPauseMsTotal": 1}