{"runInfo": {"sut": "HIKARI_DISCIPLINED", "workload": "W5_HTAP", "loadMode": "open-loop", "targetRps": 3, "concurrency": 0, "poolSize": 19, "instanceId": 1, "totalInstances": 16, "configuredDbConnectionBudget": 300, "configuredReplicas": 16, "seed": 42, "durationSeconds": 900, "timestamp": "2026-07-15T15:57:01Z", "openLoopAttemptedOps": 2701, "openLoopMissedOpportunities": 0, "openLoopSchedulingDelayMs": 0.0, "clientPooling": "hikari"}, "attemptedRps": 2.898374022868278, "achievedThroughputRps": 1.2769957871973152, "successfulThroughputRps": 1.2769957871973152, "errorThroughputRps": 1.7090781138536932, "totalThroughputRps": 2.9860739010510082, "errorRate": 0.5723495702005731, "totalRequests": 2792, "successfulRequests": 1194, "failedRequests": 1598, "latencyMs": {"p50": 20578.303, "p95": 141033.471, "p99": 396886.015, "p999": 435159.039, "max": 451936.255, "mean": 30369.377726504656, "meanSuccessful": 30863.189402010048, "meanFailed": 30000.3083597791, "meanTotal": 30369.377726504656}, "errorsByType": {"SQLTransientConnectionException": 1598}, "firstErrorMessageByType": {"SQLTransientConnectionException": "HikariPool-1 - Connection is not available, request timed out after 30000ms (total=19, active=19, idle=0, waiting=80)"}, "appCpuMedian": 0.025025025025025023, "gcPauseMsTotal": 0}