{"runInfo": {"sut": "PGBOUNCER", "workload": "W5_HTAP", "loadMode": "open-loop", "targetRps": 5, "concurrency": 0, "poolSize": 20, "instanceId": 3, "totalInstances": 4, "configuredDbConnectionBudget": 100, "configuredReplicas": 4, "seed": 42, "durationSeconds": 1800, "timestamp": "2026-05-23T06:53:05Z", "openLoopAttemptedOps": 10501, "openLoopMissedOpportunities": 0, "openLoopSchedulingDelayMs": 0.1337, "clientPooling": "hikari"}, "attemptedRps": 3.991551268218853, "achievedThroughputRps": 0.8252724041945656, "successfulThroughputRps": 0.8252724041945656, "errorThroughputRps": 3.235901522518939, "totalThroughputRps": 4.061173926713504, "errorRate": 0.7967896920725049, "totalRequests": 9158, "successfulRequests": 1861, "failedRequests": 7297, "latencyMs": {"p50": 29163.519, "p95": 60030.975, "p99": 60620.799, "p999": 66519.039, "max": 66650.111, "mean": 30961.731184903907, "meanSuccessful": 31779.98141214401, "meanFailed": 30000.242915065643, "meanTotal": 30961.731184903907}, "errorsByType": {"SQLTransientConnectionException": 7297}, "firstErrorMessageByType": {"SQLTransientConnectionException": "HikariPool-1 - Connection is not available, request timed out after 30000ms (total=7, active=7, idle=0, waiting=150)"}, "appCpuMedian": 0.10025062656641603, "gcPauseMsTotal": 3465}