{"runInfo": {"sut": "PGBOUNCER", "workload": "W5_HTAP", "loadMode": "open-loop", "targetRps": 3, "concurrency": 0, "poolSize": 20, "instanceId": 1, "totalInstances": 16, "configuredDbConnectionBudget": 100, "configuredReplicas": 16, "seed": 42, "durationSeconds": 900, "timestamp": "2026-07-15T14:51:15Z", "openLoopAttemptedOps": 2701, "openLoopMissedOpportunities": 0, "openLoopSchedulingDelayMs": 0.0, "clientPooling": "hikari"}, "attemptedRps": 2.8887484264823686, "achievedThroughputRps": 1.5486515074218696, "successfulThroughputRps": 1.5486515074218696, "errorThroughputRps": 1.4384919043386841, "totalThroughputRps": 2.9871434117605538, "errorRate": 0.4815610454708199, "totalRequests": 2793, "successfulRequests": 1448, "failedRequests": 1345, "latencyMs": {"p50": 30162.943, "p95": 48365.567, "p99": 86441.983, "p999": 105447.423, "max": 111607.807, "mean": 31194.203694285, "meanSuccessful": 32303.090430939228, "meanFailed": 30000.35155917472, "meanTotal": 31194.203694285}, "errorsByType": {"SQLTransientConnectionException": 1345}, "firstErrorMessageByType": {"SQLTransientConnectionException": "HikariPool-1 - Connection is not available, request timed out after 30000ms (total=11, active=11, idle=0, waiting=86)"}, "appCpuMedian": 0.025025025025025023, "gcPauseMsTotal": 1}