{"runInfo": {"sut": "PGBOUNCER", "workload": "W5_HTAP", "loadMode": "open-loop", "targetRps": 2, "concurrency": 0, "poolSize": 20, "instanceId": 1, "totalInstances": 16, "configuredDbConnectionBudget": 100, "configuredReplicas": 16, "seed": 42, "durationSeconds": 900, "timestamp": "2026-07-15T03:17:22Z", "openLoopAttemptedOps": 1801, "openLoopMissedOpportunities": 0, "openLoopSchedulingDelayMs": 0.0, "clientPooling": "hikari"}, "attemptedRps": 1.9261908479731682, "achievedThroughputRps": 1.3753922434722345, "successfulThroughputRps": 1.3753922434722345, "errorThroughputRps": 0.5839534719563297, "totalThroughputRps": 1.959345715428564, "errorRate": 0.2980349344978166, "totalRequests": 1832, "successfulRequests": 1286, "failedRequests": 546, "latencyMs": {"p50": 25853.951, "p95": 42532.863, "p99": 75235.327, "p999": 114753.535, "max": 121634.815, "mean": 26932.062918622814, "meanSuccessful": 25629.64993468118, "meanFailed": 30000.425783749084, "meanTotal": 26932.062918622814}, "errorsByType": {"SQLTransientConnectionException": 546}, "firstErrorMessageByType": {"SQLTransientConnectionException": "HikariPool-1 - Connection is not available, request timed out after 30000ms (total=8, active=8, idle=0, waiting=30)"}, "appCpuMedian": 0.025025025025025023, "gcPauseMsTotal": 2}