{"runInfo": {"sut": "PGBOUNCER", "workload": "W5_HTAP", "loadMode": "open-loop", "targetRps": 3, "concurrency": 0, "poolSize": 20, "instanceId": 8, "totalInstances": 16, "configuredDbConnectionBudget": 100, "configuredReplicas": 16, "seed": 42, "durationSeconds": 900, "timestamp": "2026-07-15T13:11:42Z", "openLoopAttemptedOps": 2701, "openLoopMissedOpportunities": 0, "openLoopSchedulingDelayMs": 0.0, "clientPooling": "hikari"}, "attemptedRps": 2.8887484264823686, "achievedThroughputRps": 1.7090781138536932, "successfulThroughputRps": 1.7090781138536932, "errorThroughputRps": 1.2695092122304967, "totalThroughputRps": 2.97858732608419, "errorRate": 0.42621184919210053, "totalRequests": 2785, "successfulRequests": 1598, "failedRequests": 1187, "latencyMs": {"p50": 30048.255, "p95": 46006.271, "p99": 92995.583, "p999": 106299.391, "max": 110821.375, "mean": 30547.701322096585, "meanSuccessful": 30954.23214017522, "meanFailed": 30000.311983517273, "meanTotal": 30547.701322096585}, "errorsByType": {"SQLTransientConnectionException": 1187}, "firstErrorMessageByType": {"SQLTransientConnectionException": "HikariPool-1 - Connection is not available, request timed out after 30000ms (total=12, active=12, idle=0, waiting=78)"}, "appCpuMedian": 0.025025025025025023, "gcPauseMsTotal": 2}