{"runInfo": {"sut": "HIKARI_DISCIPLINED", "workload": "W5_HTAP", "loadMode": "open-loop", "targetRps": 8, "concurrency": 0, "poolSize": 20, "instanceId": 2, "totalInstances": 4, "configuredDbConnectionBudget": 80, "configuredReplicas": 4, "seed": 42, "durationSeconds": 900, "timestamp": "2026-07-12T04:51:57Z", "openLoopAttemptedOps": 7201, "openLoopMissedOpportunities": 0, "openLoopSchedulingDelayMs": 0.0, "clientPooling": "hikari"}, "attemptedRps": 7.701554856332473, "achievedThroughputRps": 3.4170903716125887, "successfulThroughputRps": 3.4170903716125887, "errorThroughputRps": 4.544355865096053, "totalThroughputRps": 7.961446236708642, "errorRate": 0.5707952713594842, "totalRequests": 7444, "successfulRequests": 3195, "failedRequests": 4249, "latencyMs": {"p50": 28770.303, "p95": 83230.719, "p99": 232390.655, "p999": 241958.911, "max": 245366.783, "mean": 31556.96924329836, "meanSuccessful": 33627.300528325504, "meanFailed": 30000.184290915277, "meanTotal": 31556.96924329836}, "errorsByType": {"SQLTransientConnectionException": 4249}, "firstErrorMessageByType": {"SQLTransientConnectionException": "HikariPool-1 - Connection is not available, request timed out after 30000ms (total=20, active=20, idle=0, waiting=240)"}, "appCpuMedian": 0.15030060120240482, "gcPauseMsTotal": 12}