{"runInfo": {"sut": "PGBOUNCER", "workload": "W5_HTAP", "loadMode": "open-loop", "targetRps": 3, "concurrency": 0, "poolSize": 20, "instanceId": 1, "totalInstances": 16, "configuredDbConnectionBudget": 100, "configuredReplicas": 16, "seed": 42, "durationSeconds": 900, "timestamp": "2026-07-15T16:32:10Z", "openLoopAttemptedOps": 2701, "openLoopMissedOpportunities": 0, "openLoopSchedulingDelayMs": 0.0, "clientPooling": "hikari"}, "attemptedRps": 2.8887484264823686, "achievedThroughputRps": 1.5219137396832323, "successfulThroughputRps": 1.5219137396832323, "errorThroughputRps": 1.4310053293718656, "totalThroughputRps": 2.952919069055098, "errorRate": 0.4846070264396958, "totalRequests": 2761, "successfulRequests": 1423, "failedRequests": 1338, "latencyMs": {"p50": 29982.719, "p95": 51445.759, "p99": 85852.159, "p999": 107937.791, "max": 111411.199, "mean": 31175.63249876494, "meanSuccessful": 32280.60534645116, "meanFailed": 30000.33988065471, "meanTotal": 31175.63249876494}, "errorsByType": {"SQLTransientConnectionException": 1338}, "firstErrorMessageByType": {"SQLTransientConnectionException": "HikariPool-1 - Connection is not available, request timed out after 30001ms (total=11, active=11, idle=0, waiting=68)"}, "appCpuMedian": 0.025025025025025023, "gcPauseMsTotal": 2}