{"runInfo": {"sut": "HIKARI_DISCIPLINED", "workload": "W5_HTAP", "loadMode": "open-loop", "targetRps": 4, "concurrency": 0, "poolSize": 19, "instanceId": 12, "totalInstances": 16, "configuredDbConnectionBudget": 300, "configuredReplicas": 16, "seed": 42, "durationSeconds": 900, "timestamp": "2026-07-16T00:17:17Z", "openLoopAttemptedOps": 3601, "openLoopMissedOpportunities": 0, "openLoopSchedulingDelayMs": 0.0, "clientPooling": "hikari"}, "attemptedRps": 3.8513121840929365, "achievedThroughputRps": 1.394643456833432, "successfulThroughputRps": 1.394643456833432, "errorThroughputRps": 2.559341865185892, "totalThroughputRps": 3.953985322019324, "errorRate": 0.6472815796591831, "totalRequests": 3697, "successfulRequests": 1304, "failedRequests": 2393, "latencyMs": {"p50": 25608.191, "p95": 150732.799, "p99": 392953.855, "p999": 436994.047, "max": 453509.119, "mean": 31607.58644229835, "meanSuccessful": 34556.89274693251, "meanFailed": 30000.224245096113, "meanTotal": 31607.58644229835}, "errorsByType": {"SQLTransientConnectionException": 2393}, "firstErrorMessageByType": {"SQLTransientConnectionException": "HikariPool-1 - Connection is not available, request timed out after 30000ms (total=19, active=19, idle=0, waiting=112)"}, "appCpuMedian": 0.02502815667626079, "gcPauseMsTotal": 0}