{"runInfo": {"sut": "PGBOUNCER", "workload": "W5_HTAP", "loadMode": "open-loop", "targetRps": 8, "concurrency": 0, "poolSize": 20, "instanceId": 1, "totalInstances": 4, "configuredDbConnectionBudget": 100, "configuredReplicas": 4, "seed": 42, "durationSeconds": 900, "timestamp": "2026-07-05T04:28:18Z", "openLoopAttemptedOps": 7201, "openLoopMissedOpportunities": 0, "openLoopSchedulingDelayMs": 0.0, "clientPooling": "hikari"}, "attemptedRps": 7.717385712815941, "achievedThroughputRps": 4.470103570081279, "successfulThroughputRps": 4.470103570081279, "errorThroughputRps": 3.511994581432834, "totalThroughputRps": 7.982098151514113, "errorRate": 0.43998388829215895, "totalRequests": 7448, "successfulRequests": 4171, "failedRequests": 3277, "latencyMs": {"p50": 29458.431, "p95": 38436.863, "p99": 44072.959, "p999": 65601.535, "max": 70254.591, "mean": 29957.901871591297, "meanSuccessful": 29924.665889235195, "meanFailed": 30000.300384371985, "meanTotal": 29957.901871591297}, "errorsByType": {"SQLTransientConnectionException": 3277}, "firstErrorMessageByType": {"SQLTransientConnectionException": "HikariPool-1 - Connection is not available, request timed out after 30000ms (total=7, active=7, idle=0, waiting=240)"}, "appCpuMedian": 0.1502253380070105, "gcPauseMsTotal": 12}