{"runInfo": {"sut": "HIKARI_DISCIPLINED", "workload": "W5_HTAP", "loadMode": "open-loop", "targetRps": 12, "concurrency": 0, "poolSize": 20, "instanceId": 0, "totalInstances": 4, "configuredDbConnectionBudget": 80, "configuredReplicas": 4, "seed": 42, "durationSeconds": 900, "timestamp": "2026-07-05T14:52:20Z", "openLoopAttemptedOps": 10800, "openLoopMissedOpportunities": 0, "openLoopSchedulingDelayMs": 0.0, "clientPooling": "hikari"}, "attemptedRps": 11.550715663091292, "achievedThroughputRps": 4.642745990136972, "successfulThroughputRps": 4.642745990136972, "errorThroughputRps": 7.294063039100243, "totalThroughputRps": 11.936809029237216, "errorRate": 0.6110563569572619, "totalRequests": 11161, "successfulRequests": 4341, "failedRequests": 6820, "latencyMs": {"p50": 29196.287, "p95": 69402.623, "p99": 173146.111, "p999": 190316.543, "max": 195035.135, "mean": 31070.45791159878, "meanSuccessful": 32751.91881340705, "meanFailed": 30000.188418090907, "meanTotal": 31070.45791159878}, "errorsByType": {"SQLTransientConnectionException": 6820}, "firstErrorMessageByType": {"SQLTransientConnectionException": "HikariPool-1 - Connection is not available, request timed out after 30000ms (total=20, active=20, idle=0, waiting=360)"}, "appCpuMedian": 0.20050125313283207, "gcPauseMsTotal": 20}