{"runInfo": {"sut": "HIKARI_DISCIPLINED", "workload": "W5_HTAP", "loadMode": "open-loop", "targetRps": 12, "concurrency": 0, "poolSize": 38, "instanceId": 0, "totalInstances": 2, "configuredDbConnectionBudget": 75, "configuredReplicas": 2, "seed": 42, "durationSeconds": 900, "timestamp": "2026-05-31T09:10:00Z", "openLoopAttemptedOps": 14401, "openLoopMissedOpportunities": 0, "openLoopSchedulingDelayMs": 0.093751, "clientPooling": "hikari"}, "attemptedRps": 7.9711412362833425, "achievedThroughputRps": 0.861246349666018, "successfulThroughputRps": 0.861246349666018, "errorThroughputRps": 7.387382999277498, "totalThroughputRps": 8.248629348943517, "errorRate": 0.8955891563031225, "totalRequests": 11177, "successfulRequests": 1167, "failedRequests": 10010, "latencyMs": {"p50": 29802.495, "p95": 60030.975, "p99": 60030.975, "p999": 60030.975, "max": 60030.975, "mean": 33478.554936260625, "meanSuccessful": 31532.826042844903, "meanFailed": 30000.26135482158, "meanTotal": 33478.554936260625}, "errorsByType": {"SQLTransientConnectionException": 10010}, "firstErrorMessageByType": {"SQLTransientConnectionException": "HikariPool-1 - Connection is not available, request timed out after 30000ms (total=38, active=38, idle=0, waiting=358)"}, "appCpuMedian": 0.2004008016032064, "gcPauseMsTotal": 15}