{"runInfo": {"sut": "HIKARI_DISCIPLINED", "workload": "W5_HTAP", "loadMode": "open-loop", "targetRps": 12, "concurrency": 0, "poolSize": 20, "instanceId": 1, "totalInstances": 4, "configuredDbConnectionBudget": 80, "configuredReplicas": 4, "seed": 42, "durationSeconds": 900, "timestamp": "2026-07-12T14:18:22Z", "openLoopAttemptedOps": 10801, "openLoopMissedOpportunities": 0, "openLoopSchedulingDelayMs": 0.0, "clientPooling": "hikari"}, "attemptedRps": 11.55178517380084, "achievedThroughputRps": 3.7079936299942142, "successfulThroughputRps": 3.7079936299942142, "errorThroughputRps": 8.230954420662092, "totalThroughputRps": 11.938948050656306, "errorRate": 0.6894204067007077, "totalRequests": 11163, "successfulRequests": 3467, "failedRequests": 7696, "latencyMs": {"p50": 29409.279, "p95": 84017.151, "p99": 190054.399, "p999": 199622.655, "max": 204079.103, "mean": 31304.35070873421, "meanSuccessful": 34199.39008970291, "meanFailed": 30000.168346394752, "meanTotal": 31304.35070873421}, "errorsByType": {"SQLTransientConnectionException": 7696}, "firstErrorMessageByType": {"SQLTransientConnectionException": "HikariPool-1 - Connection is not available, request timed out after 30000ms (total=20, active=20, idle=0, waiting=360)"}, "appCpuMedian": 0.20020020020020018, "gcPauseMsTotal": 18}