{"runInfo": {"sut": "HIKARI_DISCIPLINED", "workload": "W5_HTAP", "loadMode": "open-loop", "targetRps": 5, "concurrency": 0, "poolSize": 19, "instanceId": 3, "totalInstances": 4, "configuredDbConnectionBudget": 75, "configuredReplicas": 4, "seed": 42, "durationSeconds": 1800, "timestamp": "2026-05-22T21:43:03Z", "openLoopAttemptedOps": 10501, "openLoopMissedOpportunities": 0, "openLoopSchedulingDelayMs": 0.096656, "clientPooling": "hikari"}, "attemptedRps": 3.992883408159247, "achievedThroughputRps": 0.4913499351666421, "successfulThroughputRps": 0.4913499351666421, "errorThroughputRps": 3.571156162361885, "totalThroughputRps": 4.062506097528527, "errorRate": 0.8790525051850234, "totalRequests": 9161, "successfulRequests": 1108, "failedRequests": 8053, "latencyMs": {"p50": 27983.871, "p95": 60030.975, "p99": 60030.975, "p999": 60030.975, "max": 60030.975, "mean": 32919.14885772055, "meanSuccessful": 25351.69319404332, "meanFailed": 30000.270069171365, "meanTotal": 32919.14885772055}, "errorsByType": {"SQLTransientConnectionException": 8053}, "firstErrorMessageByType": {"SQLTransientConnectionException": "HikariPool-1 - Connection is not available, request timed out after 30000ms (total=19, active=19, idle=0, waiting=145)"}, "appCpuMedian": 0.501002004008016, "gcPauseMsTotal": 3213}