{"runInfo": {"sut": "PGBOUNCER", "workload": "W5_HTAP", "loadMode": "open-loop", "targetRps": 3, "concurrency": 0, "poolSize": 20, "instanceId": 3, "totalInstances": 16, "configuredDbConnectionBudget": 100, "configuredReplicas": 16, "seed": 42, "durationSeconds": 900, "timestamp": "2026-07-15T09:52:53Z", "openLoopAttemptedOps": 2701, "openLoopMissedOpportunities": 0, "openLoopSchedulingDelayMs": 0.0, "clientPooling": "hikari"}, "attemptedRps": 2.8887484264823686, "achievedThroughputRps": 1.562555146645961, "successfulThroughputRps": 1.562555146645961, "errorThroughputRps": 1.3935724545377737, "totalThroughputRps": 2.9561276011837347, "errorRate": 0.4714182344428365, "totalRequests": 2764, "successfulRequests": 1461, "failedRequests": 1303, "latencyMs": {"p50": 31260.671, "p95": 50888.703, "p99": 91029.503, "p999": 105447.423, "max": 110952.447, "mean": 31782.82220685094, "meanSuccessful": 33372.63143600274, "meanFailed": 30000.36992147199, "meanTotal": 31782.82220685094}, "errorsByType": {"SQLTransientConnectionException": 1303}, "firstErrorMessageByType": {"SQLTransientConnectionException": "HikariPool-1 - Connection is not available, request timed out after 30000ms (total=11, active=11, idle=0, waiting=71)"}, "appCpuMedian": 0.02502815667626079, "gcPauseMsTotal": 2}