{"runInfo": {"sut": "PGBOUNCER", "workload": "W5_HTAP", "loadMode": "open-loop", "targetRps": 12, "concurrency": 0, "poolSize": 20, "instanceId": 1, "totalInstances": 2, "configuredDbConnectionBudget": 100, "configuredReplicas": 2, "seed": 42, "durationSeconds": 900, "timestamp": "2026-05-31T09:43:58Z", "openLoopAttemptedOps": 14401, "openLoopMissedOpportunities": 0, "openLoopSchedulingDelayMs": 0.117588, "clientPooling": "hikari"}, "attemptedRps": 7.9711412362833425, "achievedThroughputRps": 1.0715764350600328, "successfulThroughputRps": 1.0715764350600328, "errorThroughputRps": 7.172624912085714, "totalThroughputRps": 8.244201347145747, "errorRate": 0.8700205890251544, "totalRequests": 11171, "successfulRequests": 1452, "failedRequests": 9719, "latencyMs": {"p50": 29196.287, "p95": 60030.975, "p99": 60030.975, "p999": 66158.591, "max": 66879.487, "mean": 30627.29567396249, "meanSuccessful": 31379.749377410466, "meanFailed": 30000.181421175123, "meanTotal": 30627.29567396249}, "errorsByType": {"SQLTransientConnectionException": 9719}, "firstErrorMessageByType": {"SQLTransientConnectionException": "HikariPool-1 - Connection is not available, request timed out after 30000ms (total=10, active=10, idle=0, waiting=360)"}, "appCpuMedian": 0.15007503751875936, "gcPauseMsTotal": 8}