{"runInfo": {"sut": "HIKARI_DISCIPLINED", "workload": "W5_HTAP", "loadMode": "open-loop", "targetRps": 12, "concurrency": 0, "poolSize": 20, "instanceId": 1, "totalInstances": 4, "configuredDbConnectionBudget": 80, "configuredReplicas": 4, "seed": 42, "durationSeconds": 900, "timestamp": "2026-07-02T11:01:01Z", "openLoopAttemptedOps": 10801, "openLoopMissedOpportunities": 0, "openLoopSchedulingDelayMs": 0.0, "clientPooling": "hikari"}, "attemptedRps": 10.237817651017526, "achievedThroughputRps": 3.108027412062445, "successfulThroughputRps": 3.108027412062445, "errorThroughputRps": 7.489976398327978, "totalThroughputRps": 10.598003810390423, "errorRate": 0.7067346391199356, "totalRequests": 11181, "successfulRequests": 3279, "failedRequests": 7902, "latencyMs": {"p50": 29507.583, "p95": 90111.999, "p99": 205783.039, "p999": 213909.503, "max": 216662.015, "mean": 31450.10802634961, "meanSuccessful": 34944.51871424214, "meanFailed": 30000.175409028474, "meanTotal": 31450.10802634961}, "errorsByType": {"SQLTransientConnectionException": 7902}, "firstErrorMessageByType": {"SQLTransientConnectionException": "HikariPool-1 - Connection is not available, request timed out after 30000ms (total=20, active=20, idle=0, waiting=359)"}, "appCpuMedian": 0.20030045067601399, "gcPauseMsTotal": 15}