{"runInfo": {"sut": "PGBOUNCER", "workload": "W5_HTAP", "loadMode": "open-loop", "targetRps": 2, "concurrency": 0, "poolSize": 20, "instanceId": 8, "totalInstances": 16, "configuredDbConnectionBudget": 100, "configuredReplicas": 16, "seed": 42, "durationSeconds": 900, "timestamp": "2026-07-15T08:13:56Z", "openLoopAttemptedOps": 1801, "openLoopMissedOpportunities": 0, "openLoopSchedulingDelayMs": 0.0, "clientPooling": "hikari"}, "attemptedRps": 1.9348115680460658, "achievedThroughputRps": 1.5631042928967385, "successfulThroughputRps": 1.5631042928967385, "errorThroughputRps": 0.3749301705985991, "totalThroughputRps": 1.9380344634953375, "errorRate": 0.1934589800443459, "totalRequests": 1804, "successfulRequests": 1455, "failedRequests": 349, "latencyMs": {"p50": 21544.959, "p95": 40009.727, "p99": 70647.807, "p999": 98828.287, "max": 100204.543, "mean": 22806.046576023284, "meanSuccessful": 21080.507531271476, "meanFailed": 30000.419218750718, "meanTotal": 22806.046576023284}, "errorsByType": {"SQLTransientConnectionException": 349}, "firstErrorMessageByType": {"SQLTransientConnectionException": "HikariPool-1 - Connection is not available, request timed out after 30001ms (total=8, active=8, idle=0, waiting=27)"}, "appCpuMedian": 0.02501876407305479, "gcPauseMsTotal": 1}