{"runInfo": {"sut": "HIKARI_DISCIPLINED", "workload": "W5_HTAP", "loadMode": "open-loop", "targetRps": 4, "concurrency": 0, "poolSize": 19, "instanceId": 12, "totalInstances": 16, "configuredDbConnectionBudget": 300, "configuredReplicas": 16, "seed": 42, "durationSeconds": 900, "timestamp": "2026-07-15T20:58:05Z", "openLoopAttemptedOps": 3600, "openLoopMissedOpportunities": 0, "openLoopSchedulingDelayMs": 0.0, "clientPooling": "hikari"}, "attemptedRps": 3.8513121840929365, "achievedThroughputRps": 1.2331471669700516, "successfulThroughputRps": 1.2331471669700516, "errorThroughputRps": 2.716560107635673, "totalThroughputRps": 3.9497072746057245, "errorRate": 0.6877877064717032, "totalRequests": 3693, "successfulRequests": 1153, "failedRequests": 2540, "latencyMs": {"p50": 24936.447, "p95": 162660.351, "p99": 409206.783, "p999": 448790.527, "max": 459014.143, "mean": 31763.105553663147, "meanSuccessful": 35646.19993148309, "meanFailed": 30000.226320263384, "meanTotal": 31763.105553663147}, "errorsByType": {"SQLTransientConnectionException": 2540}, "firstErrorMessageByType": {"SQLTransientConnectionException": "HikariPool-1 - Connection is not available, request timed out after 30000ms (total=19, active=19, idle=0, waiting=92)"}, "appCpuMedian": 0.025025025025025023, "gcPauseMsTotal": 0}