{"runInfo": {"sut": "HIKARI_DISCIPLINED", "workload": "W5_HTAP", "loadMode": "open-loop", "targetRps": 4, "concurrency": 0, "poolSize": 19, "instanceId": 11, "totalInstances": 16, "configuredDbConnectionBudget": 300, "configuredReplicas": 16, "seed": 42, "durationSeconds": 900, "timestamp": "2026-07-15T22:37:26Z", "openLoopAttemptedOps": 3601, "openLoopMissedOpportunities": 0, "openLoopSchedulingDelayMs": 0.0, "clientPooling": "hikari"}, "attemptedRps": 3.8513121840929365, "achievedThroughputRps": 1.255606915891449, "successfulThroughputRps": 1.255606915891449, "errorThroughputRps": 2.701586941688075, "totalThroughputRps": 3.9571938575795236, "errorRate": 0.6827027027027027, "totalRequests": 3700, "successfulRequests": 1174, "failedRequests": 2526, "latencyMs": {"p50": 25460.735, "p95": 161611.775, "p99": 373030.911, "p999": 445120.511, "max": 452198.399, "mean": 31870.955599811892, "meanSuccessful": 35896.10382453152, "meanFailed": 30000.271340425177, "meanTotal": 31870.955599811892}, "errorsByType": {"SQLTransientConnectionException": 2526}, "firstErrorMessageByType": {"SQLTransientConnectionException": "HikariPool-1 - Connection is not available, request timed out after 30000ms (total=19, active=19, idle=0, waiting=99)"}, "appCpuMedian": 0.025025025025025023, "gcPauseMsTotal": 0}