{"runInfo": {"sut": "HIKARI_DISCIPLINED", "workload": "W5_HTAP", "loadMode": "open-loop", "targetRps": 5, "concurrency": 0, "poolSize": 19, "instanceId": 2, "totalInstances": 4, "configuredDbConnectionBudget": 75, "configuredReplicas": 4, "seed": 42, "durationSeconds": 1800, "timestamp": "2026-05-22T21:43:02Z", "openLoopAttemptedOps": 10501, "openLoopMissedOpportunities": 0, "openLoopSchedulingDelayMs": 0.154722, "clientPooling": "hikari"}, "attemptedRps": 3.9919894138223406, "achievedThroughputRps": 0.641237135346268, "successfulThroughputRps": 0.641237135346268, "errorThroughputRps": 3.4194879326798566, "totalThroughputRps": 4.060725068026125, "errorRate": 0.8420880200939173, "totalRequests": 9157, "successfulRequests": 1446, "failedRequests": 7711, "latencyMs": {"p50": 27410.431, "p95": 60030.975, "p99": 60030.975, "p999": 60030.975, "max": 62816.255, "mean": 32776.62607873845, "meanSuccessful": 25682.855127247578, "meanFailed": 30000.303673778366, "meanTotal": 32776.62607873845}, "errorsByType": {"SQLTransientConnectionException": 7711}, "firstErrorMessageByType": {"SQLTransientConnectionException": "HikariPool-1 - Connection is not available, request timed out after 30000ms (total=19, active=19, idle=0, waiting=145)"}, "appCpuMedian": 0.5012531328320802, "gcPauseMsTotal": 3476}