{"runInfo": {"sut": "HIKARI_DISCIPLINED", "workload": "W5_HTAP", "loadMode": "open-loop", "targetRps": 2, "concurrency": 0, "poolSize": 19, "instanceId": 13, "totalInstances": 16, "configuredDbConnectionBudget": 300, "configuredReplicas": 16, "seed": 42, "durationSeconds": 900, "timestamp": "2026-07-15T07:40:42Z", "openLoopAttemptedOps": 1800, "openLoopMissedOpportunities": 0, "openLoopSchedulingDelayMs": 0.0, "clientPooling": "hikari"}, "attemptedRps": 1.9261887878914277, "achievedThroughputRps": 1.5443734645836877, "successfulThroughputRps": 1.5443734645836877, "errorThroughputRps": 0.37005070550273955, "totalThroughputRps": 1.9144241700864273, "errorRate": 0.19329608938547485, "totalRequests": 1790, "successfulRequests": 1444, "failedRequests": 346, "latencyMs": {"p50": 48.127, "p95": 46432.255, "p99": 241041.407, "p999": 424935.423, "max": 426246.143, "mean": 17521.064912023463, "meanSuccessful": 14530.939587257619, "meanFailed": 30000.403463815026, "meanTotal": 17521.064912023463}, "errorsByType": {"SQLTransientConnectionException": 346}, "firstErrorMessageByType": {"SQLTransientConnectionException": "HikariPool-1 - Connection is not available, request timed out after 30001ms (total=19, active=19, idle=0, waiting=44)"}, "appCpuMedian": 0.025025025025025023, "gcPauseMsTotal": 0}