{"runInfo": {"sut": "HIKARI_DISCIPLINED", "workload": "W5_HTAP", "loadMode": "open-loop", "targetRps": 4, "concurrency": 0, "poolSize": 19, "instanceId": 4, "totalInstances": 16, "configuredDbConnectionBudget": 300, "configuredReplicas": 16, "seed": 42, "durationSeconds": 900, "timestamp": "2026-07-15T19:18:34Z", "openLoopAttemptedOps": 3601, "openLoopMissedOpportunities": 0, "openLoopSchedulingDelayMs": 0.0, "clientPooling": "hikari"}, "attemptedRps": 3.8598682789201355, "achievedThroughputRps": 1.3882263857130328, "successfulThroughputRps": 1.3882263857130328, "errorThroughputRps": 2.5924967326412878, "totalThroughputRps": 3.980723118354321, "errorRate": 0.6512627619559377, "totalRequests": 3722, "successfulRequests": 1298, "failedRequests": 2424, "latencyMs": {"p50": 23838.719, "p95": 139722.751, "p99": 404226.047, "p999": 448004.095, "max": 451411.967, "mean": 31095.097371216816, "meanSuccessful": 33140.362211864405, "meanFailed": 30000.232630618815, "meanTotal": 31095.097371216816}, "errorsByType": {"SQLTransientConnectionException": 2424}, "firstErrorMessageByType": {"SQLTransientConnectionException": "HikariPool-1 - Connection is not available, request timed out after 30000ms (total=19, active=19, idle=0, waiting=112)"}, "appCpuMedian": 0.025025025025025023, "gcPauseMsTotal": 0}