{"runInfo": {"sut": "PGBOUNCER", "workload": "W5_HTAP", "loadMode": "open-loop", "targetRps": 8, "concurrency": 0, "poolSize": 20, "instanceId": 2, "totalInstances": 4, "configuredDbConnectionBudget": 100, "configuredReplicas": 4, "seed": 42, "durationSeconds": 900, "timestamp": "2026-07-12T02:15:06Z", "openLoopAttemptedOps": 7201, "openLoopMissedOpportunities": 0, "openLoopSchedulingDelayMs": 0.0, "clientPooling": "hikari"}, "attemptedRps": 7.705106599256346, "achievedThroughputRps": 4.237220126795602, "successfulThroughputRps": 4.237220126795602, "errorThroughputRps": 3.7118476312762483, "totalThroughputRps": 7.94906775807185, "errorRate": 0.46695382958675463, "totalRequests": 7429, "successfulRequests": 3960, "failedRequests": 3469, "latencyMs": {"p50": 29474.815, "p95": 38993.919, "p99": 46989.311, "p999": 65077.247, "max": 70123.519, "mean": 29952.126883777226, "meanSuccessful": 29909.971177777777, "meanFailed": 30000.19346172355, "meanTotal": 29952.126883777226}, "errorsByType": {"SQLTransientConnectionException": 3469}, "firstErrorMessageByType": {"SQLTransientConnectionException": "HikariPool-1 - Connection is not available, request timed out after 30000ms (total=11, active=11, idle=0, waiting=238)"}, "appCpuMedian": 0.1002757646372702, "gcPauseMsTotal": 6}