{"runInfo": {"sut": "HIKARI_DISCIPLINED", "workload": "W5_HTAP", "loadMode": "open-loop", "targetRps": 12, "concurrency": 0, "poolSize": 20, "instanceId": 3, "totalInstances": 4, "configuredDbConnectionBudget": 80, "configuredReplicas": 4, "seed": 42, "durationSeconds": 900, "timestamp": "2026-07-02T14:08:41Z", "openLoopAttemptedOps": 10801, "openLoopMissedOpportunities": 0, "openLoopSchedulingDelayMs": 0.0, "clientPooling": "hikari"}, "attemptedRps": 10.237827355027303, "achievedThroughputRps": 3.3250901177146357, "successfulThroughputRps": 3.3250901177146357, "errorThroughputRps": 7.272923738091333, "totalThroughputRps": 10.59801385580597, "errorRate": 0.6862534657007423, "totalRequests": 11181, "successfulRequests": 3508, "failedRequests": 7673, "latencyMs": {"p50": 29327.359, "p95": 88997.887, "p99": 209715.199, "p999": 219545.599, "max": 220725.247, "mean": 31388.908933329396, "meanSuccessful": 34426.25008580388, "meanFailed": 30000.21185334706, "meanTotal": 31388.908933329396}, "errorsByType": {"SQLTransientConnectionException": 7673}, "firstErrorMessageByType": {"SQLTransientConnectionException": "HikariPool-1 - Connection is not available, request timed out after 30000ms (total=20, active=20, idle=0, waiting=360)"}, "appCpuMedian": 0.2004008016032064, "gcPauseMsTotal": 16}