{"runInfo": {"sut": "HIKARI_DISCIPLINED", "workload": "W5_HTAP", "loadMode": "open-loop", "targetRps": 4, "concurrency": 0, "poolSize": 19, "instanceId": 10, "totalInstances": 16, "configuredDbConnectionBudget": 300, "configuredReplicas": 16, "seed": 42, "durationSeconds": 900, "timestamp": "2026-07-15T20:58:04Z", "openLoopAttemptedOps": 3601, "openLoopMissedOpportunities": 0, "openLoopSchedulingDelayMs": 0.0, "clientPooling": "hikari"}, "attemptedRps": 3.8513163031213735, "achievedThroughputRps": 1.1572130630317485, "successfulThroughputRps": 1.1572130630317485, "errorThroughputRps": 2.794637461831755, "totalThroughputRps": 3.9518505248635036, "errorRate": 0.7071718538565629, "totalRequests": 3695, "successfulRequests": 1082, "failedRequests": 2613, "latencyMs": {"p50": 25657.343, "p95": 163053.567, "p99": 411566.079, "p999": 426770.431, "max": 439091.199, "mean": 31823.005073096618, "meanSuccessful": 36224.90251756007, "meanFailed": 30000.215975964024, "meanTotal": 31823.005073096618}, "errorsByType": {"SQLTransientConnectionException": 2613}, "firstErrorMessageByType": {"SQLTransientConnectionException": "HikariPool-1 - Connection is not available, request timed out after 30000ms (total=19, active=19, idle=0, waiting=112)"}, "appCpuMedian": 0.025025025025025023, "gcPauseMsTotal": 0}