{"runInfo": {"sut": "PGBOUNCER", "workload": "W5_HTAP", "loadMode": "open-loop", "targetRps": 4, "concurrency": 0, "poolSize": 20, "instanceId": 5, "totalInstances": 16, "configuredDbConnectionBudget": 100, "configuredReplicas": 16, "seed": 42, "durationSeconds": 900, "timestamp": "2026-07-15T18:12:21Z", "openLoopAttemptedOps": 3600, "openLoopMissedOpportunities": 0, "openLoopSchedulingDelayMs": 0.0, "clientPooling": "hikari"}, "attemptedRps": 3.85130806507331, "achievedThroughputRps": 1.7582756064927858, "successfulThroughputRps": 1.7582756064927858, "errorThroughputRps": 2.2267212972737105, "totalThroughputRps": 3.984996903766496, "errorRate": 0.5587761674718197, "totalRequests": 3726, "successfulRequests": 1644, "failedRequests": 2082, "latencyMs": {"p50": 30916.607, "p95": 46989.311, "p99": 92733.439, "p999": 105054.207, "max": 106627.071, "mean": 31285.759478080516, "meanSuccessful": 32913.75680778589, "meanFailed": 30000.327614490394, "meanTotal": 31285.759478080516}, "errorsByType": {"SQLTransientConnectionException": 2082}, "firstErrorMessageByType": {"SQLTransientConnectionException": "HikariPool-1 - Connection is not available, request timed out after 30001ms (total=9, active=9, idle=0, waiting=120)"}, "appCpuMedian": 0.02502815667626079, "gcPauseMsTotal": 2}