{"runInfo": {"sut": "HIKARI_DISCIPLINED", "workload": "W5_HTAP", "loadMode": "open-loop", "targetRps": 12, "concurrency": 0, "poolSize": 20, "instanceId": 2, "totalInstances": 4, "configuredDbConnectionBudget": 80, "configuredReplicas": 4, "seed": 42, "durationSeconds": 900, "timestamp": "2026-07-05T14:52:22Z", "openLoopAttemptedOps": 10801, "openLoopMissedOpportunities": 0, "openLoopSchedulingDelayMs": 0.0, "clientPooling": "hikari"}, "attemptedRps": 11.55179752857201, "achievedThroughputRps": 4.264143759505287, "successfulThroughputRps": 4.264143759505287, "errorThroughputRps": 7.675886571850876, "totalThroughputRps": 11.940030331356162, "errorRate": 0.642869939089932, "totalRequests": 11164, "successfulRequests": 3987, "failedRequests": 7177, "latencyMs": {"p50": 29409.279, "p95": 77922.303, "p99": 176160.767, "p999": 187695.103, "max": 191234.047, "mean": 31227.20415339135, "meanSuccessful": 33436.105255079005, "meanFailed": 30000.189793479727, "meanTotal": 31227.20415339135}, "errorsByType": {"SQLTransientConnectionException": 7177}, "firstErrorMessageByType": {"SQLTransientConnectionException": "HikariPool-1 - Connection is not available, request timed out after 30000ms (total=20, active=20, idle=0, waiting=360)"}, "appCpuMedian": 0.20050125313283207, "gcPauseMsTotal": 20}