{"runInfo": {"sut": "PGBOUNCER", "workload": "W5_HTAP", "loadMode": "open-loop", "targetRps": 4, "concurrency": 0, "poolSize": 20, "instanceId": 1, "totalInstances": 2, "configuredDbConnectionBudget": 100, "configuredReplicas": 2, "seed": 42, "durationSeconds": 900, "timestamp": "2026-05-30T15:23:58Z", "openLoopAttemptedOps": 4801, "openLoopMissedOpportunities": 0, "openLoopSchedulingDelayMs": 0.095974, "clientPooling": "hikari"}, "attemptedRps": 2.6575430014959287, "achievedThroughputRps": 1.2058942694930153, "successfulThroughputRps": 1.2058942694930153, "errorThroughputRps": 1.531352882006124, "totalThroughputRps": 2.737247151499139, "errorRate": 0.5594499865192775, "totalRequests": 3709, "successfulRequests": 1634, "failedRequests": 2075, "latencyMs": {"p50": 26509.311, "p95": 60030.975, "p99": 60030.975, "p999": 65535.999, "max": 66125.823, "mean": 29893.791370076033, "meanSuccessful": 27373.213297429622, "meanFailed": 30000.266593013497, "meanTotal": 29893.791370076033}, "errorsByType": {"SQLTransientConnectionException": 2075}, "firstErrorMessageByType": {"SQLTransientConnectionException": "HikariPool-1 - Connection is not available, request timed out after 30000ms (total=7, active=7, idle=0, waiting=120)"}, "appCpuMedian": 0.10010010010010009, "gcPauseMsTotal": 8}