{"runInfo": {"sut": "PGBOUNCER", "workload": "W5_HTAP", "loadMode": "open-loop", "targetRps": 5, "concurrency": 0, "poolSize": 20, "instanceId": 0, "totalInstances": 4, "configuredDbConnectionBudget": 100, "configuredReplicas": 4, "seed": 42, "durationSeconds": 1800, "timestamp": "2026-05-22T18:40:17Z", "openLoopAttemptedOps": 10501, "openLoopMissedOpportunities": 0, "openLoopSchedulingDelayMs": 0.095684, "clientPooling": "hikari"}, "attemptedRps": 3.991551268218853, "achievedThroughputRps": 0.772057633370628, "successfulThroughputRps": 0.772057633370628, "errorThroughputRps": 3.290446662613475, "totalThroughputRps": 4.062504295984103, "errorRate": 0.8099552450605829, "totalRequests": 9161, "successfulRequests": 1741, "failedRequests": 7420, "latencyMs": {"p50": 29409.279, "p95": 60030.975, "p99": 60030.975, "p999": 65535.999, "max": 65765.375, "mean": 31023.827635027836, "meanSuccessful": 32449.444233773695, "meanFailed": 30000.3097670969, "meanTotal": 31023.827635027836}, "errorsByType": {"SQLTransientConnectionException": 7420}, "firstErrorMessageByType": {"SQLTransientConnectionException": "HikariPool-1 - Connection is not available, request timed out after 30000ms (total=10, active=10, idle=0, waiting=150)"}, "appCpuMedian": 0.15022533800701052, "gcPauseMsTotal": 5203}