{"runInfo": {"sut": "PGBOUNCER", "workload": "W5_HTAP", "loadMode": "open-loop", "targetRps": 4, "concurrency": 0, "poolSize": 20, "instanceId": 1, "totalInstances": 2, "configuredDbConnectionBudget": 100, "configuredReplicas": 2, "seed": 42, "durationSeconds": 900, "timestamp": "2026-05-30T20:22:30Z", "openLoopAttemptedOps": 4801, "openLoopMissedOpportunities": 0, "openLoopSchedulingDelayMs": 0.137726, "clientPooling": "hikari"}, "attemptedRps": 2.65754104022695, "achievedThroughputRps": 1.1084772680979949, "successfulThroughputRps": 1.1084772680979949, "errorThroughputRps": 1.6287678633104357, "totalThroughputRps": 2.7372451314084305, "errorRate": 0.5950390940954435, "totalRequests": 3709, "successfulRequests": 1502, "failedRequests": 2207, "latencyMs": {"p50": 26968.063, "p95": 60030.975, "p99": 60030.975, "p999": 65732.607, "max": 66912.255, "mean": 29587.722456513344, "meanSuccessful": 26624.55531225033, "meanFailed": 30000.259669011328, "meanTotal": 29587.722456513344}, "errorsByType": {"SQLTransientConnectionException": 2207}, "firstErrorMessageByType": {"SQLTransientConnectionException": "HikariPool-1 - Connection is not available, request timed out after 30001ms (total=8, active=8, idle=0, waiting=117)"}, "appCpuMedian": 0.10010010010010009, "gcPauseMsTotal": 6}