{"runInfo": {"sut": "PGBOUNCER", "workload": "W5_HTAP", "loadMode": "open-loop", "targetRps": 4, "concurrency": 0, "poolSize": 20, "instanceId": 1, "totalInstances": 4, "configuredDbConnectionBudget": 100, "configuredReplicas": 4, "seed": 42, "durationSeconds": 900, "timestamp": "2026-07-04T20:41:46Z", "openLoopAttemptedOps": 3601, "openLoopMissedOpportunities": 0, "openLoopSchedulingDelayMs": 0.0, "clientPooling": "hikari"}, "attemptedRps": 3.9065763051664226, "achievedThroughputRps": 3.9076611639015426, "successfulThroughputRps": 3.9076611639015426, "errorThroughputRps": 0.009763728616078257, "totalThroughputRps": 3.9174248925176207, "errorRate": 0.0024923843810578787, "totalRequests": 3611, "successfulRequests": 3602, "failedRequests": 9, "latencyMs": {"p50": 1126.399, "p95": 20168.703, "p99": 27000.831, "p999": 44269.567, "max": 56033.279, "mean": 4733.296148707837, "meanSuccessful": 4670.214107440311, "meanFailed": 30001.669876888885, "meanTotal": 4733.296148707837}, "errorsByType": {"SQLTransientConnectionException": 9}, "firstErrorMessageByType": {"SQLTransientConnectionException": "HikariPool-1 - Connection is not available, request timed out after 30001ms (total=7, active=7, idle=0, waiting=75)"}, "appCpuMedian": 0.15007503751875936, "gcPauseMsTotal": 9}