{"runInfo": {"sut": "HIKARI_DISCIPLINED", "workload": "W5_HTAP", "loadMode": "open-loop", "targetRps": 8, "concurrency": 0, "poolSize": 20, "instanceId": 3, "totalInstances": 4, "configuredDbConnectionBudget": 80, "configuredReplicas": 4, "seed": 42, "durationSeconds": 900, "timestamp": "2026-07-12T06:26:02Z", "openLoopAttemptedOps": 7200, "openLoopMissedOpportunities": 0, "openLoopSchedulingDelayMs": 0.0, "clientPooling": "hikari"}, "attemptedRps": 7.7015466194370745, "achievedThroughputRps": 3.1871419144455606, "successfulThroughputRps": 3.1871419144455606, "errorThroughputRps": 4.772156785991977, "totalThroughputRps": 7.959298700437537, "errorRate": 0.5995700080623488, "totalRequests": 7442, "successfulRequests": 2980, "failedRequests": 4462, "latencyMs": {"p50": 28884.991, "p95": 95879.167, "p99": 235667.455, "p999": 241565.695, "max": 243007.487, "mean": 31632.196674160572, "meanSuccessful": 34075.76154765101, "meanFailed": 30000.191293298074, "meanTotal": 31632.196674160572}, "errorsByType": {"SQLTransientConnectionException": 4462}, "firstErrorMessageByType": {"SQLTransientConnectionException": "HikariPool-1 - Connection is not available, request timed out after 30000ms (total=20, active=20, idle=0, waiting=240)"}, "appCpuMedian": 0.15037593984962408, "gcPauseMsTotal": 18}