{"runInfo": {"sut": "PGBOUNCER", "workload": "W5_HTAP", "loadMode": "open-loop", "targetRps": 3, "concurrency": 0, "poolSize": 20, "instanceId": 15, "totalInstances": 16, "configuredDbConnectionBudget": 100, "configuredReplicas": 16, "seed": 42, "durationSeconds": 900, "timestamp": "2026-07-15T14:51:27Z", "openLoopAttemptedOps": 2701, "openLoopMissedOpportunities": 0, "openLoopSchedulingDelayMs": 0.0, "clientPooling": "hikari"}, "attemptedRps": 2.888742247400827, "achievedThroughputRps": 1.5721773801107797, "successfulThroughputRps": 1.5721773801107797, "errorThroughputRps": 1.4138901336778575, "totalThroughputRps": 2.986067513788637, "errorRate": 0.47349570200573066, "totalRequests": 2792, "successfulRequests": 1470, "failedRequests": 1322, "latencyMs": {"p50": 29999.103, "p95": 47710.207, "p99": 94765.055, "p999": 110821.375, "max": 112590.847, "mean": 31189.043148751076, "meanSuccessful": 32257.826808163267, "meanFailed": 30000.328606667168, "meanTotal": 31189.043148751076}, "errorsByType": {"SQLTransientConnectionException": 1322}, "firstErrorMessageByType": {"SQLTransientConnectionException": "HikariPool-1 - Connection is not available, request timed out after 30000ms (total=8, active=8, idle=0, waiting=90)"}, "appCpuMedian": 0.025025025025025023, "gcPauseMsTotal": 1}