{"runInfo": {"sut": "PGBOUNCER", "workload": "W5_HTAP", "loadMode": "open-loop", "targetRps": 4, "concurrency": 0, "poolSize": 20, "instanceId": 14, "totalInstances": 16, "configuredDbConnectionBudget": 100, "configuredReplicas": 16, "seed": 42, "durationSeconds": 900, "timestamp": "2026-07-15T23:10:56Z", "openLoopAttemptedOps": 3601, "openLoopMissedOpportunities": 0, "openLoopSchedulingDelayMs": 0.0, "clientPooling": "hikari"}, "attemptedRps": 3.8523775757828553, "achievedThroughputRps": 1.7048000710155111, "successfulThroughputRps": 1.7048000710155111, "errorThroughputRps": 2.2834053648796213, "totalThroughputRps": 3.9882054358951327, "errorRate": 0.5725395548404398, "totalRequests": 3729, "successfulRequests": 1594, "failedRequests": 2135, "latencyMs": {"p50": 31621.119, "p95": 46497.791, "p99": 74776.575, "p999": 102629.375, "max": 106561.535, "mean": 31544.16374892491, "meanSuccessful": 33611.90931994982, "meanFailed": 30000.251055595316, "meanTotal": 31544.16374892491}, "errorsByType": {"SQLTransientConnectionException": 2135}, "firstErrorMessageByType": {"SQLTransientConnectionException": "HikariPool-1 - Connection is not available, request timed out after 30000ms (total=13, active=13, idle=0, waiting=118)"}, "appCpuMedian": 0.025025025025025023, "gcPauseMsTotal": 1}