{"runInfo": {"sut": "PGBOUNCER", "workload": "W5_HTAP", "loadMode": "open-loop", "targetRps": 2, "concurrency": 0, "poolSize": 20, "instanceId": 0, "totalInstances": 16, "configuredDbConnectionBudget": 100, "configuredReplicas": 16, "seed": 42, "durationSeconds": 900, "timestamp": "2026-07-15T04:56:18Z", "openLoopAttemptedOps": 1801, "openLoopMissedOpportunities": 0, "openLoopSchedulingDelayMs": 0.0, "clientPooling": "hikari"}, "attemptedRps": 1.9261908479731682, "achievedThroughputRps": 1.2930398307604443, "successfulThroughputRps": 1.2930398307604443, "errorThroughputRps": 0.66416686096132, "totalThroughputRps": 1.9572066917217643, "errorRate": 0.33934426229508197, "totalRequests": 1830, "successfulRequests": 1209, "failedRequests": 621, "latencyMs": {"p50": 27525.119, "p95": 46006.271, "p99": 92798.975, "p999": 121634.815, "max": 129957.887, "mean": 28063.491312552458, "meanSuccessful": 27068.448384615385, "meanFailed": 30000.354497233493, "meanTotal": 28063.491312552458}, "errorsByType": {"SQLTransientConnectionException": 621}, "firstErrorMessageByType": {"SQLTransientConnectionException": "HikariPool-1 - Connection is not available, request timed out after 30000ms (total=10, active=10, idle=0, waiting=18)"}, "appCpuMedian": 0.025015634771732333, "gcPauseMsTotal": 2}