{"runInfo": {"sut": "HIKARI_DISCIPLINED", "workload": "W5_HTAP", "loadMode": "open-loop", "targetRps": 5, "concurrency": 0, "poolSize": 19, "instanceId": 2, "totalInstances": 4, "configuredDbConnectionBudget": 75, "configuredReplicas": 4, "seed": 42, "durationSeconds": 1800, "timestamp": "2026-05-23T05:51:18Z", "openLoopAttemptedOps": 10501, "openLoopMissedOpportunities": 0, "openLoopSchedulingDelayMs": 0.079731, "clientPooling": "hikari"}, "attemptedRps": 3.991991184094119, "achievedThroughputRps": 0.6070913053793434, "successfulThroughputRps": 0.6070913053793434, "errorThroughputRps": 3.453192107369574, "totalThroughputRps": 4.060283412748918, "errorRate": 0.8504805591961555, "totalRequests": 9156, "successfulRequests": 1369, "failedRequests": 7787, "latencyMs": {"p50": 27885.567, "p95": 60030.975, "p99": 60030.975, "p999": 66093.055, "max": 66420.735, "mean": 32789.2723227938, "meanSuccessful": 26006.66715485756, "meanFailed": 30000.31555541749, "meanTotal": 32789.2723227938}, "errorsByType": {"SQLTransientConnectionException": 7787}, "firstErrorMessageByType": {"SQLTransientConnectionException": "HikariPool-1 - Connection is not available, request timed out after 30000ms (total=19, active=19, idle=0, waiting=145)"}, "appCpuMedian": 0.7028112449799198, "gcPauseMsTotal": 4445}