{"runInfo": {"sut": "PGBOUNCER", "workload": "W5_HTAP", "loadMode": "open-loop", "targetRps": 4, "concurrency": 0, "poolSize": 20, "instanceId": 11, "totalInstances": 16, "configuredDbConnectionBudget": 100, "configuredReplicas": 16, "seed": 42, "durationSeconds": 900, "timestamp": "2026-07-15T21:31:24Z", "openLoopAttemptedOps": 3601, "openLoopMissedOpportunities": 0, "openLoopSchedulingDelayMs": 0.0, "clientPooling": "hikari"}, "attemptedRps": 3.85130806507331, "achievedThroughputRps": 1.6523940462477822, "successfulThroughputRps": 1.6523940462477822, "errorThroughputRps": 2.3251162825518956, "totalThroughputRps": 3.977510328799678, "errorRate": 0.5845657434794299, "totalRequests": 3719, "successfulRequests": 1545, "failedRequests": 2174, "latencyMs": {"p50": 30507.007, "p95": 47349.759, "p99": 75431.935, "p999": 101580.799, "max": 119078.911, "mean": 30397.06961046975, "meanSuccessful": 30955.41892556634, "meanFailed": 30000.287977413063, "meanTotal": 30397.06961046975}, "errorsByType": {"SQLTransientConnectionException": 2174}, "firstErrorMessageByType": {"SQLTransientConnectionException": "HikariPool-1 - Connection is not available, request timed out after 30000ms (total=4, active=4, idle=0, waiting=120)"}, "appCpuMedian": 0.025031289111389236, "gcPauseMsTotal": 2}