{"runInfo": {"sut": "PGBOUNCER", "workload": "W5_HTAP", "loadMode": "open-loop", "targetRps": 12, "concurrency": 0, "poolSize": 20, "instanceId": 1, "totalInstances": 4, "configuredDbConnectionBudget": 100, "configuredReplicas": 4, "seed": 42, "durationSeconds": 900, "timestamp": "2026-07-05T13:49:57Z", "openLoopAttemptedOps": 10801, "openLoopMissedOpportunities": 0, "openLoopSchedulingDelayMs": 0.0, "clientPooling": "hikari"}, "attemptedRps": 11.551772819056094, "achievedThroughputRps": 4.79781991170129, "successfulThroughputRps": 4.79781991170129, "errorThroughputRps": 7.143254389267257, "totalThroughputRps": 11.941074300968546, "errorRate": 0.5982086878638603, "totalRequests": 11165, "successfulRequests": 4486, "failedRequests": 6679, "latencyMs": {"p50": 29949.951, "p95": 38895.615, "p99": 43679.743, "p999": 60653.567, "max": 64651.263, "mean": 30480.797569422033, "meanSuccessful": 31196.381084262146, "meanFailed": 30000.246174765834, "meanTotal": 30480.797569422033}, "errorsByType": {"SQLTransientConnectionException": 6679}, "firstErrorMessageByType": {"SQLTransientConnectionException": "HikariPool-1 - Connection is not available, request timed out after 30000ms (total=9, active=9, idle=0, waiting=360)"}, "appCpuMedian": 0.2001000500250125, "gcPauseMsTotal": 14}