{"runInfo": {"sut": "PGBOUNCER", "workload": "W5_HTAP", "loadMode": "open-loop", "targetRps": 8, "concurrency": 0, "poolSize": 20, "instanceId": 2, "totalInstances": 4, "configuredDbConnectionBudget": 100, "configuredReplicas": 4, "seed": 42, "durationSeconds": 900, "timestamp": "2026-07-02T03:44:09Z", "openLoopAttemptedOps": 7201, "openLoopMissedOpportunities": 0, "openLoopSchedulingDelayMs": 0.0, "clientPooling": "hikari"}, "attemptedRps": 6.841018752238459, "achievedThroughputRps": 4.104991255162114, "successfulThroughputRps": 4.104991255162114, "errorThroughputRps": 2.9735298839753335, "totalThroughputRps": 7.078521139137448, "errorRate": 0.420077841900416, "totalRequests": 7451, "successfulRequests": 4321, "failedRequests": 3130, "latencyMs": {"p50": 29376.511, "p95": 37814.271, "p99": 45580.287, "p999": 62062.591, "max": 69271.551, "mean": 29842.455312959468, "meanSuccessful": 29728.204930340202, "meanFailed": 30000.228044677955, "meanTotal": 29842.455312959468}, "errorsByType": {"SQLTransientConnectionException": 3130}, "firstErrorMessageByType": {"SQLTransientConnectionException": "HikariPool-1 - Connection is not available, request timed out after 30000ms (total=10, active=10, idle=0, waiting=240)"}, "appCpuMedian": 0.1503006012024048, "gcPauseMsTotal": 10}