{"runInfo": {"sut": "PGBOUNCER", "workload": "W5_HTAP", "loadMode": "open-loop", "targetRps": 12, "concurrency": 0, "poolSize": 20, "instanceId": 3, "totalInstances": 4, "configuredDbConnectionBudget": 100, "configuredReplicas": 4, "seed": 42, "durationSeconds": 900, "timestamp": "2026-07-05T15:23:49Z", "openLoopAttemptedOps": 10801, "openLoopMissedOpportunities": 0, "openLoopSchedulingDelayMs": 0.0, "clientPooling": "hikari"}, "attemptedRps": 11.585972831263783, "achievedThroughputRps": 5.0523036788494045, "successfulThroughputRps": 5.0523036788494045, "errorThroughputRps": 6.931631926268547, "totalThroughputRps": 11.983935605117951, "errorRate": 0.5784103114930182, "totalRequests": 11172, "successfulRequests": 4710, "failedRequests": 6462, "latencyMs": {"p50": 29949.951, "p95": 38010.879, "p99": 44040.191, "p999": 57376.767, "max": 64454.655, "mean": 30479.898176464823, "meanSuccessful": 31137.81426581741, "meanFailed": 30000.262717624417, "meanTotal": 30479.898176464823}, "errorsByType": {"SQLTransientConnectionException": 6462}, "firstErrorMessageByType": {"SQLTransientConnectionException": "HikariPool-1 - Connection is not available, request timed out after 30000ms (total=11, active=11, idle=0, waiting=360)"}, "appCpuMedian": 0.20030045067601399, "gcPauseMsTotal": 13}