{"runInfo": {"sut": "PGBOUNCER", "workload": "W5_HTAP", "loadMode": "open-loop", "targetRps": 12, "concurrency": 0, "poolSize": 20, "instanceId": 3, "totalInstances": 4, "configuredDbConnectionBudget": 100, "configuredReplicas": 4, "seed": 42, "durationSeconds": 900, "timestamp": "2026-07-02T14:41:01Z", "openLoopAttemptedOps": 10801, "openLoopMissedOpportunities": 0, "openLoopSchedulingDelayMs": 0.0, "clientPooling": "hikari"}, "attemptedRps": 10.237817651017526, "achievedThroughputRps": 3.9336120036776903, "successfulThroughputRps": 3.9336120036776903, "errorThroughputRps": 6.654913223571341, "totalThroughputRps": 10.588525227249031, "errorRate": 0.6285023722137678, "totalRequests": 11171, "successfulRequests": 4150, "failedRequests": 7021, "latencyMs": {"p50": 29949.951, "p95": 39649.279, "p99": 46104.575, "p999": 63832.063, "max": 70778.879, "mean": 30525.56010732325, "meanSuccessful": 31414.303344578315, "meanFailed": 30000.219423206952, "meanTotal": 30525.56010732325}, "errorsByType": {"SQLTransientConnectionException": 7021}, "firstErrorMessageByType": {"SQLTransientConnectionException": "HikariPool-1 - Connection is not available, request timed out after 30000ms (total=10, active=10, idle=0, waiting=360)"}, "appCpuMedian": 0.15037593984962408, "gcPauseMsTotal": 11}