{"runInfo": {"sut": "PGBOUNCER", "workload": "W5_HTAP", "loadMode": "open-loop", "targetRps": 3, "concurrency": 0, "poolSize": 20, "instanceId": 15, "totalInstances": 16, "configuredDbConnectionBudget": 100, "configuredReplicas": 16, "seed": 42, "durationSeconds": 900, "timestamp": "2026-07-15T11:32:12Z", "openLoopAttemptedOps": 2700, "openLoopMissedOpportunities": 0, "openLoopSchedulingDelayMs": 0.0, "clientPooling": "hikari"}, "attemptedRps": 2.8887453369382934, "achievedThroughputRps": 1.5625534754782846, "successfulThroughputRps": 1.5625534754782846, "errorThroughputRps": 1.4138916458468804, "totalThroughputRps": 2.976445121325165, "errorRate": 0.47502694933524975, "totalRequests": 2783, "successfulRequests": 1461, "failedRequests": 1322, "latencyMs": {"p50": 30343.167, "p95": 45514.751, "p99": 78053.375, "p999": 106495.999, "max": 107347.967, "mean": 30979.95868726698, "meanSuccessful": 31866.078335386723, "meanFailed": 30000.344025835097, "meanTotal": 30979.95868726698}, "errorsByType": {"SQLTransientConnectionException": 1322}, "firstErrorMessageByType": {"SQLTransientConnectionException": "HikariPool-1 - Connection is not available, request timed out after 30001ms (total=12, active=12, idle=0, waiting=73)"}, "appCpuMedian": 0.02502815667626079, "gcPauseMsTotal": 2}