{"runInfo": {"sut": "HIKARI_DISCIPLINED", "workload": "W5_HTAP", "loadMode": "open-loop", "targetRps": 8, "concurrency": 0, "poolSize": 20, "instanceId": 1, "totalInstances": 4, "configuredDbConnectionBudget": 80, "configuredReplicas": 4, "seed": 42, "durationSeconds": 900, "timestamp": "2026-07-12T03:17:50Z", "openLoopAttemptedOps": 7201, "openLoopMissedOpportunities": 0, "openLoopSchedulingDelayMs": 0.0, "clientPooling": "hikari"}, "attemptedRps": 7.701554856332473, "achievedThroughputRps": 3.145434360849021, "successfulThroughputRps": 3.145434360849021, "errorThroughputRps": 4.799969198058622, "totalThroughputRps": 7.9454035589076435, "errorRate": 0.6041189931350115, "totalRequests": 7429, "successfulRequests": 2941, "failedRequests": 4488, "latencyMs": {"p50": 28721.151, "p95": 97386.495, "p99": 144310.271, "p999": 246284.287, "max": 248119.295, "mean": 31457.724076984116, "meanSuccessful": 33682.01324583475, "meanFailed": 30000.19353039171, "meanTotal": 31457.724076984116}, "errorsByType": {"SQLTransientConnectionException": 4488}, "firstErrorMessageByType": {"SQLTransientConnectionException": "HikariPool-1 - Connection is not available, request timed out after 30000ms (total=20, active=20, idle=0, waiting=240)"}, "appCpuMedian": 0.1502253380070105, "gcPauseMsTotal": 17}