{"runInfo": {"sut": "HIKARI_DISCIPLINED", "workload": "W5_HTAP", "loadMode": "open-loop", "targetRps": 12, "concurrency": 0, "poolSize": 20, "instanceId": 1, "totalInstances": 4, "configuredDbConnectionBudget": 80, "configuredReplicas": 4, "seed": 42, "durationSeconds": 900, "timestamp": "2026-07-02T14:08:40Z", "openLoopAttemptedOps": 10801, "openLoopMissedOpportunities": 0, "openLoopSchedulingDelayMs": 0.0, "clientPooling": "hikari"}, "attemptedRps": 10.237837059055476, "achievedThroughputRps": 3.02367375413267, "successfulThroughputRps": 3.02367375413267, "errorThroughputRps": 7.574350147107889, "totalThroughputRps": 10.598023901240559, "errorRate": 0.7146945711474824, "totalRequests": 11181, "successfulRequests": 3190, "failedRequests": 7991, "latencyMs": {"p50": 29556.735, "p95": 90439.679, "p99": 210894.847, "p999": 217186.303, "max": 219938.815, "mean": 31476.30913198632, "meanSuccessful": 35173.97606332289, "meanFailed": 30000.20180514754, "meanTotal": 31476.30913198632}, "errorsByType": {"SQLTransientConnectionException": 7991}, "firstErrorMessageByType": {"SQLTransientConnectionException": "HikariPool-1 - Connection is not available, request timed out after 30000ms (total=20, active=20, idle=0, waiting=360)"}, "appCpuMedian": 0.2004008016032064, "gcPauseMsTotal": 16}