{"runInfo": {"sut": "HIKARI_DISCIPLINED", "workload": "W5_HTAP", "loadMode": "open-loop", "targetRps": 3, "concurrency": 0, "poolSize": 19, "instanceId": 10, "totalInstances": 16, "configuredDbConnectionBudget": 300, "configuredReplicas": 16, "seed": 42, "durationSeconds": 900, "timestamp": "2026-07-15T09:19:30Z", "openLoopAttemptedOps": 2701, "openLoopMissedOpportunities": 0, "openLoopSchedulingDelayMs": 0.0, "clientPooling": "hikari"}, "attemptedRps": 2.898374022868278, "achievedThroughputRps": 1.3582786011227723, "successfulThroughputRps": 1.3582786011227723, "errorThroughputRps": 1.6267257892186904, "totalThroughputRps": 2.9850043903414627, "errorRate": 0.5449659620207811, "totalRequests": 2791, "successfulRequests": 1270, "failedRequests": 1521, "latencyMs": {"p50": 19644.415, "p95": 137232.383, "p99": 369360.895, "p999": 422313.983, "max": 427294.719, "mean": 29096.86623000215, "meanSuccessful": 28014.788498425198, "meanFailed": 30000.253597117688, "meanTotal": 29096.86623000215}, "errorsByType": {"SQLTransientConnectionException": 1521}, "firstErrorMessageByType": {"SQLTransientConnectionException": "HikariPool-1 - Connection is not available, request timed out after 30000ms (total=19, active=19, idle=0, waiting=80)"}, "appCpuMedian": 0.025025025025025023, "gcPauseMsTotal": 0}