{"runInfo": {"sut": "HIKARI_DISCIPLINED", "workload": "W5_HTAP", "loadMode": "open-loop", "targetRps": 12, "concurrency": 0, "poolSize": 38, "instanceId": 1, "totalInstances": 2, "configuredDbConnectionBudget": 75, "configuredReplicas": 2, "seed": 42, "durationSeconds": 900, "timestamp": "2026-05-31T14:09:56Z", "openLoopAttemptedOps": 14401, "openLoopMissedOpportunities": 0, "openLoopSchedulingDelayMs": 0.136985, "clientPooling": "hikari"}, "attemptedRps": 7.97115300170995, "achievedThroughputRps": 1.0287739361525479, "successfulThroughputRps": 1.0287739361525479, "errorThroughputRps": 7.216177580846208, "totalThroughputRps": 8.244951516998755, "errorRate": 0.8752237737200144, "totalRequests": 11172, "successfulRequests": 1394, "failedRequests": 9778, "latencyMs": {"p50": 29687.807, "p95": 60030.975, "p99": 60030.975, "p999": 60030.975, "max": 60030.975, "mean": 33392.50905984694, "meanSuccessful": 30888.11935868006, "meanFailed": 30000.199343869812, "meanTotal": 33392.50905984694}, "errorsByType": {"SQLTransientConnectionException": 9778}, "firstErrorMessageByType": {"SQLTransientConnectionException": "HikariPool-1 - Connection is not available, request timed out after 30000ms (total=38, active=38, idle=0, waiting=358)"}, "appCpuMedian": 0.1502253380070105, "gcPauseMsTotal": 13}