{"runInfo": {"sut": "PGBOUNCER", "workload": "W5_HTAP", "loadMode": "open-loop", "targetRps": 5, "concurrency": 0, "poolSize": 20, "instanceId": 3, "totalInstances": 4, "configuredDbConnectionBudget": 100, "configuredReplicas": 4, "seed": 42, "durationSeconds": 1800, "timestamp": "2026-05-22T22:45:01Z", "openLoopAttemptedOps": 10501, "openLoopMissedOpportunities": 0, "openLoopSchedulingDelayMs": 0.149415, "clientPooling": "hikari"}, "attemptedRps": 3.991549498140588, "achievedThroughputRps": 0.8305935129449307, "successfulThroughputRps": 0.8305935129449307, "errorThroughputRps": 3.228361331681311, "totalThroughputRps": 4.058954844626242, "errorRate": 0.7953676390254562, "totalRequests": 9153, "successfulRequests": 1873, "failedRequests": 7280, "latencyMs": {"p50": 28966.911, "p95": 60030.975, "p99": 60030.975, "p999": 66879.487, "max": 66977.791, "mean": 30672.745528798976, "meanSuccessful": 31039.13372770956, "meanFailed": 30000.244771359754, "meanTotal": 30672.745528798976}, "errorsByType": {"SQLTransientConnectionException": 7280}, "firstErrorMessageByType": {"SQLTransientConnectionException": "HikariPool-1 - Connection is not available, request timed out after 30000ms (total=2, active=2, idle=0, waiting=150)"}, "appCpuMedian": 0.10015022533800699, "gcPauseMsTotal": 3599}