{"runInfo": {"sut": "PGBOUNCER", "workload": "W5_HTAP", "loadMode": "open-loop", "targetRps": 5, "concurrency": 0, "poolSize": 20, "instanceId": 2, "totalInstances": 4, "configuredDbConnectionBudget": 100, "configuredReplicas": 4, "seed": 42, "durationSeconds": 1800, "timestamp": "2026-05-23T02:48:59Z", "openLoopAttemptedOps": 10501, "openLoopMissedOpportunities": 0, "openLoopSchedulingDelayMs": 0.184658, "clientPooling": "hikari"}, "attemptedRps": 3.991551268218853, "achievedThroughputRps": 0.7791529361471531, "successfulThroughputRps": 0.7791529361471531, "errorThroughputRps": 3.281577534142819, "totalThroughputRps": 4.060730470289972, "errorRate": 0.8081249317462051, "totalRequests": 9157, "successfulRequests": 1757, "failedRequests": 7400, "latencyMs": {"p50": 29278.207, "p95": 60030.975, "p99": 60030.975, "p999": 64978.943, "max": 67108.863, "mean": 30848.50872264388, "meanSuccessful": 32260.100665148064, "meanFailed": 30000.30224423189, "meanTotal": 30848.50872264388}, "errorsByType": {"SQLTransientConnectionException": 7400}, "firstErrorMessageByType": {"SQLTransientConnectionException": "HikariPool-1 - Connection is not available, request timed out after 30000ms (total=9, active=9, idle=0, waiting=150)"}, "appCpuMedian": 0.15015015015015015, "gcPauseMsTotal": 3999}