{"runInfo": {"sut": "PGBOUNCER", "workload": "W5_HTAP", "loadMode": "open-loop", "targetRps": 4, "concurrency": 0, "poolSize": 20, "instanceId": 10, "totalInstances": 16, "configuredDbConnectionBudget": 100, "configuredReplicas": 16, "seed": 42, "durationSeconds": 900, "timestamp": "2026-07-15T23:10:53Z", "openLoopAttemptedOps": 3601, "openLoopMissedOpportunities": 0, "openLoopSchedulingDelayMs": 0.0, "clientPooling": "hikari"}, "attemptedRps": 3.85130806507331, "achievedThroughputRps": 1.629934321347327, "successfulThroughputRps": 1.629934321347327, "errorThroughputRps": 2.3518540502905325, "totalThroughputRps": 3.9817883716378595, "errorRate": 0.5906526994359388, "totalRequests": 3723, "successfulRequests": 1524, "failedRequests": 2199, "latencyMs": {"p50": 31588.351, "p95": 48168.959, "p99": 75825.151, "p999": 102170.623, "max": 110231.551, "mean": 31528.919416451517, "meanSuccessful": 33734.65121259843, "meanFailed": 30000.256043656205, "meanTotal": 31528.919416451517}, "errorsByType": {"SQLTransientConnectionException": 2199}, "firstErrorMessageByType": {"SQLTransientConnectionException": "HikariPool-1 - Connection is not available, request timed out after 30000ms (total=5, active=5, idle=0, waiting=120)"}, "appCpuMedian": 0.025025025025025023, "gcPauseMsTotal": 2}