{"runInfo": {"sut": "HIKARI_DISCIPLINED", "workload": "W5_HTAP", "loadMode": "open-loop", "targetRps": 8, "concurrency": 0, "poolSize": 20, "instanceId": 1, "totalInstances": 4, "configuredDbConnectionBudget": 80, "configuredReplicas": 4, "seed": 42, "durationSeconds": 900, "timestamp": "2026-07-02T04:46:10Z", "openLoopAttemptedOps": 7200, "openLoopMissedOpportunities": 0, "openLoopSchedulingDelayMs": 0.0, "clientPooling": "hikari"}, "attemptedRps": 6.824592799296308, "achievedThroughputRps": 3.629356365070217, "successfulThroughputRps": 3.629356365070217, "errorThroughputRps": 3.4407322029785554, "totalThroughputRps": 7.070088568048773, "errorRate": 0.4866604102426599, "totalRequests": 7459, "successfulRequests": 3829, "failedRequests": 3630, "latencyMs": {"p50": 28426.239, "p95": 81985.535, "p99": 201064.447, "p999": 210894.847, "max": 214564.863, "mean": 31249.508784949056, "meanSuccessful": 32433.900199007574, "meanFailed": 30000.228467971625, "meanTotal": 31249.508784949056}, "errorsByType": {"SQLTransientConnectionException": 3630}, "firstErrorMessageByType": {"SQLTransientConnectionException": "HikariPool-1 - Connection is not available, request timed out after 30000ms (total=20, active=20, idle=0, waiting=240)"}, "appCpuMedian": 0.20050125313283207, "gcPauseMsTotal": 15}