{"runInfo": {"sut": "PGBOUNCER", "workload": "W5_HTAP", "loadMode": "open-loop", "targetRps": 2, "concurrency": 0, "poolSize": 20, "instanceId": 12, "totalInstances": 16, "configuredDbConnectionBudget": 100, "configuredReplicas": 16, "seed": 42, "durationSeconds": 900, "timestamp": "2026-07-15T04:56:28Z", "openLoopAttemptedOps": 1801, "openLoopMissedOpportunities": 0, "openLoopSchedulingDelayMs": 0.0, "clientPooling": "hikari"}, "attemptedRps": 1.9261887878914277, "achievedThroughputRps": 1.2748567657782242, "successfulThroughputRps": 1.2748567657782242, "errorThroughputRps": 0.6866258755282046, "totalThroughputRps": 1.9614826413064288, "errorRate": 0.3500545256270447, "totalRequests": 1834, "successfulRequests": 1192, "failedRequests": 642, "latencyMs": {"p50": 28164.095, "p95": 47841.279, "p99": 100204.543, "p999": 123011.071, "max": 124059.647, "mean": 28553.489327074152, "meanSuccessful": 27774.45828942953, "meanFailed": 30000.37042576324, "meanTotal": 28553.489327074152}, "errorsByType": {"SQLTransientConnectionException": 642}, "firstErrorMessageByType": {"SQLTransientConnectionException": "HikariPool-1 - Connection is not available, request timed out after 30000ms (total=7, active=7, idle=0, waiting=47)"}, "appCpuMedian": 0.02501876407305479, "gcPauseMsTotal": 2}