{"runInfo": {"sut": "HIKARI_DISCIPLINED", "workload": "W5_HTAP", "loadMode": "open-loop", "targetRps": 12, "concurrency": 0, "poolSize": 38, "instanceId": 0, "totalInstances": 2, "configuredDbConnectionBudget": 75, "configuredReplicas": 2, "seed": 42, "durationSeconds": 900, "timestamp": "2026-05-31T14:09:55Z", "openLoopAttemptedOps": 14401, "openLoopMissedOpportunities": 0, "openLoopSchedulingDelayMs": 0.101802, "clientPooling": "hikari"}, "attemptedRps": 7.971147118992304, "achievedThroughputRps": 0.9188110511198425, "successfulThroughputRps": 0.9188110511198425, "errorThroughputRps": 7.327610382786278, "totalThroughputRps": 8.246421433906121, "errorRate": 0.8885806336137462, "totalRequests": 11174, "successfulRequests": 1245, "failedRequests": 9929, "latencyMs": {"p50": 29753.343, "p95": 60030.975, "p99": 60030.975, "p999": 60030.975, "max": 60030.975, "mean": 33398.9786080221, "meanSuccessful": 31372.88921365462, "meanFailed": 30000.257524858695, "meanTotal": 33398.9786080221}, "errorsByType": {"SQLTransientConnectionException": 9929}, "firstErrorMessageByType": {"SQLTransientConnectionException": "HikariPool-1 - Connection is not available, request timed out after 30000ms (total=38, active=38, idle=0, waiting=358)"}, "appCpuMedian": 0.20030045067601399, "gcPauseMsTotal": 12}