{"runInfo": {"sut": "PGBOUNCER", "workload": "W5_HTAP", "loadMode": "open-loop", "targetRps": 12, "concurrency": 0, "poolSize": 20, "instanceId": 2, "totalInstances": 4, "configuredDbConnectionBudget": 100, "configuredReplicas": 4, "seed": 42, "durationSeconds": 900, "timestamp": "2026-07-05T16:58:09Z", "openLoopAttemptedOps": 10801, "openLoopMissedOpportunities": 0, "openLoopSchedulingDelayMs": 0.0, "clientPooling": "hikari"}, "attemptedRps": 11.563373194728445, "achievedThroughputRps": 5.1826950870919735, "successfulThroughputRps": 5.1826950870919735, "errorThroughputRps": 6.772511696125558, "totalThroughputRps": 11.95520678321753, "errorRate": 0.5664905525208203, "totalRequests": 11167, "successfulRequests": 4841, "failedRequests": 6326, "latencyMs": {"p50": 29949.951, "p95": 38109.183, "p99": 43188.223, "p999": 61243.391, "max": 64323.583, "mean": 30459.15195094896, "meanSuccessful": 31058.811200165255, "meanFailed": 30000.242375093738, "meanTotal": 30459.15195094896}, "errorsByType": {"SQLTransientConnectionException": 6326}, "firstErrorMessageByType": {"SQLTransientConnectionException": "HikariPool-1 - Connection is not available, request timed out after 30000ms (total=9, active=9, idle=0, waiting=360)"}, "appCpuMedian": 0.17532577713119338, "gcPauseMsTotal": 12}