{"runInfo": {"sut": "PGBOUNCER", "workload": "W5_HTAP", "loadMode": "open-loop", "targetRps": 12, "concurrency": 0, "poolSize": 20, "instanceId": 2, "totalInstances": 4, "configuredDbConnectionBudget": 100, "configuredReplicas": 4, "seed": 42, "durationSeconds": 900, "timestamp": "2026-07-05T18:32:06Z", "openLoopAttemptedOps": 10801, "openLoopMissedOpportunities": 0, "openLoopSchedulingDelayMs": 0.0, "clientPooling": "hikari"}, "attemptedRps": 11.57273972103708, "achievedThroughputRps": 4.67152533873916, "successfulThroughputRps": 4.67152533873916, "errorThroughputRps": 7.3030084194601175, "totalThroughputRps": 11.974533758199277, "errorRate": 0.6098783106657122, "totalRequests": 11176, "successfulRequests": 4360, "failedRequests": 6816, "latencyMs": {"p50": 29949.951, "p95": 38764.543, "p99": 46399.487, "p999": 63569.919, "max": 67436.543, "mean": 30480.878869280423, "meanSuccessful": 31232.210403669727, "meanFailed": 30000.228491863847, "meanTotal": 30480.878869280423}, "errorsByType": {"SQLTransientConnectionException": 6816}, "firstErrorMessageByType": {"SQLTransientConnectionException": "HikariPool-1 - Connection is not available, request timed out after 30000ms (total=15, active=15, idle=0, waiting=360)"}, "appCpuMedian": 0.1503006012024048, "gcPauseMsTotal": 10}