{"runInfo": {"sut": "HIKARI_DISCIPLINED", "workload": "W5_HTAP", "loadMode": "open-loop", "targetRps": 4, "concurrency": 0, "poolSize": 19, "instanceId": 15, "totalInstances": 16, "configuredDbConnectionBudget": 300, "configuredReplicas": 16, "seed": 42, "durationSeconds": 900, "timestamp": "2026-07-15T17:39:19Z", "openLoopAttemptedOps": 3601, "openLoopMissedOpportunities": 0, "openLoopSchedulingDelayMs": 0.0, "clientPooling": "hikari"}, "attemptedRps": 3.85130806507331, "achievedThroughputRps": 1.2277982945582226, "successfulThroughputRps": 1.2277982945582226, "errorThroughputRps": 2.727252309341, "totalThroughputRps": 3.9550506038992226, "errorRate": 0.6895619253650622, "totalRequests": 3698, "successfulRequests": 1148, "failedRequests": 2550, "latencyMs": {"p50": 25395.199, "p95": 164626.431, "p99": 394788.863, "p999": 450625.535, "max": 454557.695, "mean": 31833.976015123582, "meanSuccessful": 35907.13703832752, "meanFailed": 30000.269014289017, "meanTotal": 31833.976015123582}, "errorsByType": {"SQLTransientConnectionException": 2550}, "firstErrorMessageByType": {"SQLTransientConnectionException": "HikariPool-1 - Connection is not available, request timed out after 30000ms (total=19, active=19, idle=0, waiting=112)"}, "appCpuMedian": 0.025025025025025023, "gcPauseMsTotal": 0}