{"runInfo": {"sut": "PGBOUNCER", "workload": "W5_HTAP", "loadMode": "open-loop", "targetRps": 8, "concurrency": 0, "poolSize": 20, "instanceId": 3, "totalInstances": 4, "configuredDbConnectionBudget": 100, "configuredReplicas": 4, "seed": 42, "durationSeconds": 900, "timestamp": "2026-07-05T04:28:20Z", "openLoopAttemptedOps": 7201, "openLoopMissedOpportunities": 0, "openLoopSchedulingDelayMs": 0.0, "clientPooling": "hikari"}, "attemptedRps": 7.711980397154675, "achievedThroughputRps": 4.425205249415792, "successfulThroughputRps": 4.425205249415792, "errorThroughputRps": 3.5480893008989636, "totalThroughputRps": 7.973294550314756, "errorRate": 0.4449966420416387, "totalRequests": 7445, "successfulRequests": 4132, "failedRequests": 3313, "latencyMs": {"p50": 29327.359, "p95": 38699.007, "p99": 45645.823, "p999": 63864.831, "max": 66781.183, "mean": 29829.41729419973, "meanSuccessful": 29692.353053242983, "meanFailed": 30000.284738908238, "meanTotal": 29829.41729419973}, "errorsByType": {"SQLTransientConnectionException": 3313}, "firstErrorMessageByType": {"SQLTransientConnectionException": "HikariPool-1 - Connection is not available, request timed out after 30000ms (total=11, active=11, idle=0, waiting=229)"}, "appCpuMedian": 0.1502253380070105, "gcPauseMsTotal": 10}