{"runInfo": {"sut": "HIKARI_DISCIPLINED", "workload": "W5_HTAP", "loadMode": "open-loop", "targetRps": 8, "concurrency": 0, "poolSize": 20, "instanceId": 2, "totalInstances": 4, "configuredDbConnectionBudget": 80, "configuredReplicas": 4, "seed": 42, "durationSeconds": 900, "timestamp": "2026-07-05T05:30:27Z", "openLoopAttemptedOps": 7200, "openLoopMissedOpportunities": 0, "openLoopSchedulingDelayMs": 0.0, "clientPooling": "hikari"}, "attemptedRps": 7.7015466194370745, "achievedThroughputRps": 3.574304791301028, "successfulThroughputRps": 3.574304791301028, "errorThroughputRps": 4.38499390913651, "totalThroughputRps": 7.959298700437537, "errorRate": 0.5509271701155604, "totalRequests": 7442, "successfulRequests": 3342, "failedRequests": 4100, "latencyMs": {"p50": 28606.463, "p95": 81526.783, "p99": 196083.711, "p999": 211156.991, "max": 217841.663, "mean": 31381.077687986024, "meanSuccessful": 33075.06815559545, "meanFailed": 30000.20226958756, "meanTotal": 31381.077687986024}, "errorsByType": {"SQLTransientConnectionException": 4100}, "firstErrorMessageByType": {"SQLTransientConnectionException": "HikariPool-1 - Connection is not available, request timed out after 30000ms (total=20, active=20, idle=0, waiting=240)"}, "appCpuMedian": 0.15037593984962408, "gcPauseMsTotal": 15}