{"runInfo": {"sut": "PGBOUNCER", "workload": "W5_HTAP", "loadMode": "open-loop", "targetRps": 3, "concurrency": 0, "poolSize": 20, "instanceId": 6, "totalInstances": 16, "configuredDbConnectionBudget": 100, "configuredReplicas": 16, "seed": 42, "durationSeconds": 900, "timestamp": "2026-07-15T14:51:19Z", "openLoopAttemptedOps": 2701, "openLoopMissedOpportunities": 0, "openLoopSchedulingDelayMs": 0.0, "clientPooling": "hikari"}, "attemptedRps": 2.8887484264823686, "achievedThroughputRps": 1.6181697035423266, "successfulThroughputRps": 1.6181697035423266, "errorThroughputRps": 1.3668346867991363, "totalThroughputRps": 2.9850043903414627, "errorRate": 0.4579003941239699, "totalRequests": 2791, "successfulRequests": 1513, "failedRequests": 1278, "latencyMs": {"p50": 29851.647, "p95": 43909.119, "p99": 73007.103, "p999": 110428.159, "max": 119013.375, "mean": 30267.828997894303, "meanSuccessful": 30493.759619299406, "meanFailed": 30000.297828019564, "meanTotal": 30267.828997894303}, "errorsByType": {"SQLTransientConnectionException": 1278}, "firstErrorMessageByType": {"SQLTransientConnectionException": "HikariPool-1 - Connection is not available, request timed out after 30000ms (total=7, active=7, idle=0, waiting=86)"}, "appCpuMedian": 0.02501876407305479, "gcPauseMsTotal": 2}