{"runInfo": {"sut": "PGBOUNCER", "workload": "W5_HTAP", "loadMode": "open-loop", "targetRps": 2, "concurrency": 0, "poolSize": 20, "instanceId": 10, "totalInstances": 16, "configuredDbConnectionBudget": 100, "configuredReplicas": 16, "seed": 42, "durationSeconds": 900, "timestamp": "2026-07-15T04:56:26Z", "openLoopAttemptedOps": 1801, "openLoopMissedOpportunities": 0, "openLoopSchedulingDelayMs": 0.0, "clientPooling": "hikari"}, "attemptedRps": 1.9261908479731682, "achievedThroughputRps": 1.2502593566244495, "successfulThroughputRps": 1.2502593566244495, "errorThroughputRps": 0.7165729417779138, "totalThroughputRps": 1.9668322984023632, "errorRate": 0.3643284393692224, "totalRequests": 1839, "successfulRequests": 1169, "failedRequests": 670, "latencyMs": {"p50": 27623.423, "p95": 46989.311, "p99": 86507.519, "p999": 115605.503, "max": 117702.655, "mean": 27740.250953526916, "meanSuccessful": 26444.669595380667, "meanFailed": 30000.339042132837, "meanTotal": 27740.250953526916}, "errorsByType": {"SQLTransientConnectionException": 670}, "firstErrorMessageByType": {"SQLTransientConnectionException": "HikariPool-1 - Connection is not available, request timed out after 30000ms (total=7, active=7, idle=0, waiting=42)"}, "appCpuMedian": 0.02501876407305479, "gcPauseMsTotal": 1}