{"runInfo": {"sut": "HIKARI_DISCIPLINED", "workload": "W5_HTAP", "loadMode": "open-loop", "targetRps": 4, "concurrency": 0, "poolSize": 19, "instanceId": 2, "totalInstances": 16, "configuredDbConnectionBudget": 300, "configuredReplicas": 16, "seed": 42, "durationSeconds": 900, "timestamp": "2026-07-15T17:39:08Z", "openLoopAttemptedOps": 3600, "openLoopMissedOpportunities": 0, "openLoopSchedulingDelayMs": 0.0, "clientPooling": "hikari"}, "attemptedRps": 3.858794640040128, "achievedThroughputRps": 1.4021285402141375, "successfulThroughputRps": 1.4021285402141375, "errorThroughputRps": 2.577520810004631, "totalThroughputRps": 3.9796493502187684, "errorRate": 0.6476753560870734, "totalRequests": 3721, "successfulRequests": 1311, "failedRequests": 2410, "latencyMs": {"p50": 24346.623, "p95": 153747.455, "p99": 378798.079, "p999": 440401.919, "max": 444071.935, "mean": 31435.694054394517, "meanSuccessful": 34075.047398169336, "meanFailed": 30000.232348785477, "meanTotal": 31435.694054394517}, "errorsByType": {"SQLTransientConnectionException": 2410}, "firstErrorMessageByType": {"SQLTransientConnectionException": "HikariPool-1 - Connection is not available, request timed out after 30000ms (total=19, active=19, idle=0, waiting=112)"}, "appCpuMedian": 0.02501876407305479, "gcPauseMsTotal": 0}