{"runInfo": {"sut": "PGBOUNCER", "workload": "W5_HTAP", "loadMode": "open-loop", "targetRps": 4, "concurrency": 0, "poolSize": 20, "instanceId": 7, "totalInstances": 16, "configuredDbConnectionBudget": 100, "configuredReplicas": 16, "seed": 42, "durationSeconds": 900, "timestamp": "2026-07-15T23:10:51Z", "openLoopAttemptedOps": 3601, "openLoopMissedOpportunities": 0, "openLoopSchedulingDelayMs": 0.0, "clientPooling": "hikari"}, "attemptedRps": 3.8513121840929365, "achievedThroughputRps": 1.7518604158689892, "successfulThroughputRps": 1.7518604158689892, "errorThroughputRps": 2.233140749898931, "totalThroughputRps": 3.9850011657679203, "errorRate": 0.5603864734299517, "totalRequests": 3726, "successfulRequests": 1638, "failedRequests": 2088, "latencyMs": {"p50": 31145.983, "p95": 48791.551, "p99": 77660.159, "p999": 107610.111, "max": 109576.191, "mean": 31225.697787296296, "meanSuccessful": 32787.5412942613, "meanFailed": 30000.29915078592, "meanTotal": 31225.697787296296}, "errorsByType": {"SQLTransientConnectionException": 2088}, "firstErrorMessageByType": {"SQLTransientConnectionException": "HikariPool-1 - Connection is not available, request timed out after 30000ms (total=7, active=7, idle=0, waiting=120)"}, "appCpuMedian": 0.02502815667626079, "gcPauseMsTotal": 2}