{"runInfo": {"sut": "HIKARI_DISCIPLINED", "workload": "W5_HTAP", "loadMode": "open-loop", "targetRps": 4, "concurrency": 0, "poolSize": 19, "instanceId": 5, "totalInstances": 16, "configuredDbConnectionBudget": 300, "configuredReplicas": 16, "seed": 42, "durationSeconds": 900, "timestamp": "2026-07-16T00:17:12Z", "openLoopAttemptedOps": 3600, "openLoopMissedOpportunities": 0, "openLoopSchedulingDelayMs": 0.0, "clientPooling": "hikari"}, "attemptedRps": 3.85130806507331, "achievedThroughputRps": 1.3240542584173167, "successfulThroughputRps": 1.3240542584173167, "errorThroughputRps": 2.625648791934178, "totalThroughputRps": 3.949703050351495, "errorRate": 0.6647711887354454, "totalRequests": 3693, "successfulRequests": 1238, "failedRequests": 2455, "latencyMs": {"p50": 25460.735, "p95": 147587.071, "p99": 408158.207, "p999": 437780.479, "max": 439877.631, "mean": 31747.640511161386, "meanSuccessful": 35213.10887802908, "meanFailed": 30000.278996039106, "meanTotal": 31747.640511161386}, "errorsByType": {"SQLTransientConnectionException": 2455}, "firstErrorMessageByType": {"SQLTransientConnectionException": "HikariPool-1 - Connection is not available, request timed out after 30000ms (total=19, active=19, idle=0, waiting=110)"}, "appCpuMedian": 0.02502815667626079, "gcPauseMsTotal": 0}