{"runInfo": {"sut": "HIKARI_DISCIPLINED", "workload": "W5_HTAP", "loadMode": "open-loop", "targetRps": 4, "concurrency": 0, "poolSize": 19, "instanceId": 2, "totalInstances": 16, "configuredDbConnectionBudget": 300, "configuredReplicas": 16, "seed": 42, "durationSeconds": 900, "timestamp": "2026-07-15T19:18:32Z", "openLoopAttemptedOps": 3601, "openLoopMissedOpportunities": 0, "openLoopSchedulingDelayMs": 0.0, "clientPooling": "hikari"}, "attemptedRps": 3.8513121840929365, "achievedThroughputRps": 1.529401950361816, "successfulThroughputRps": 1.529401950361816, "errorThroughputRps": 2.4449040968721056, "totalThroughputRps": 3.9743060472339216, "errorRate": 0.6151776103336921, "totalRequests": 3716, "successfulRequests": 1430, "failedRequests": 2286, "latencyMs": {"p50": 23625.727, "p95": 137232.383, "p99": 375390.207, "p999": 446169.087, "max": 451411.967, "mean": 30908.185499099567, "meanSuccessful": 32359.77796923077, "meanFailed": 30000.21702467454, "meanTotal": 30908.185499099567}, "errorsByType": {"SQLTransientConnectionException": 2286}, "firstErrorMessageByType": {"SQLTransientConnectionException": "HikariPool-1 - Connection is not available, request timed out after 30000ms (total=19, active=19, idle=0, waiting=112)"}, "appCpuMedian": 0.025025025025025023, "gcPauseMsTotal": 0}