{"runInfo": {"sut": "PGBOUNCER", "workload": "W5_HTAP", "loadMode": "open-loop", "targetRps": 8, "concurrency": 0, "poolSize": 20, "instanceId": 3, "totalInstances": 4, "configuredDbConnectionBudget": 100, "configuredReplicas": 4, "seed": 42, "durationSeconds": 900, "timestamp": "2026-07-02T02:10:22Z", "openLoopAttemptedOps": 7201, "openLoopMissedOpportunities": 0, "openLoopSchedulingDelayMs": 0.0, "clientPooling": "hikari"}, "attemptedRps": 6.825534189755727, "achievedThroughputRps": 3.882431334708993, "successfulThroughputRps": 3.882431334708993, "errorThroughputRps": 3.1601626147265094, "totalThroughputRps": 7.042593949435503, "errorRate": 0.448721399730821, "totalRequests": 7430, "successfulRequests": 4096, "failedRequests": 3334, "latencyMs": {"p50": 29704.191, "p95": 38830.079, "p99": 47120.383, "p999": 60817.407, "max": 66322.431, "mean": 30259.450675670254, "meanSuccessful": 30470.407126953123, "meanFailed": 30000.268584831134, "meanTotal": 30259.450675670254}, "errorsByType": {"SQLTransientConnectionException": 3334}, "firstErrorMessageByType": {"SQLTransientConnectionException": "HikariPool-1 - Connection is not available, request timed out after 30001ms (total=10, active=10, idle=0, waiting=222)"}, "appCpuMedian": 0.1502253380070105, "gcPauseMsTotal": 11}