{"runInfo": {"sut": "HIKARI_DISCIPLINED", "workload": "W5_HTAP", "loadMode": "open-loop", "targetRps": 2, "concurrency": 0, "poolSize": 19, "instanceId": 13, "totalInstances": 16, "configuredDbConnectionBudget": 300, "configuredReplicas": 16, "seed": 42, "durationSeconds": 900, "timestamp": "2026-07-15T06:02:00Z", "openLoopAttemptedOps": 1801, "openLoopMissedOpportunities": 0, "openLoopSchedulingDelayMs": 0.0, "clientPooling": "hikari"}, "attemptedRps": 1.9261887878914277, "achievedThroughputRps": 1.1614886305664023, "successfulThroughputRps": 1.1614886305664023, "errorThroughputRps": 0.7614916251963889, "totalThroughputRps": 1.922980255762791, "errorRate": 0.39599555061179087, "totalRequests": 1798, "successfulRequests": 1086, "failedRequests": 712, "latencyMs": {"p50": 327.679, "p95": 121372.671, "p99": 391118.847, "p999": 569376.767, "max": 630194.175, "mean": 24765.19584992714, "meanSuccessful": 21333.163889502765, "meanFailed": 30000.33928142697, "meanTotal": 24765.19584992714}, "errorsByType": {"SQLTransientConnectionException": 712}, "firstErrorMessageByType": {"SQLTransientConnectionException": "HikariPool-1 - Connection is not available, request timed out after 30001ms (total=19, active=19, idle=0, waiting=39)"}, "appCpuMedian": 0.025015634771732333, "gcPauseMsTotal": 0}