{"runInfo": {"sut": "PGBOUNCER", "workload": "W5_HTAP", "loadMode": "open-loop", "targetRps": 4, "concurrency": 0, "poolSize": 20, "instanceId": 15, "totalInstances": 16, "configuredDbConnectionBudget": 100, "configuredReplicas": 16, "seed": 42, "durationSeconds": 900, "timestamp": "2026-07-15T19:51:56Z", "openLoopAttemptedOps": 3601, "openLoopMissedOpportunities": 0, "openLoopSchedulingDelayMs": 0.0, "clientPooling": "hikari"}, "attemptedRps": 3.8513121840929365, "achievedThroughputRps": 1.511220248854018, "successfulThroughputRps": 1.511220248854018, "errorThroughputRps": 2.466294333940103, "totalThroughputRps": 3.977514582794121, "errorRate": 0.6200591556870126, "totalRequests": 3719, "successfulRequests": 1413, "failedRequests": 2306, "latencyMs": {"p50": 32096.255, "p95": 48136.191, "p99": 77266.943, "p999": 109903.871, "max": 113246.207, "mean": 31646.647038834362, "meanSuccessful": 34333.60432554848, "meanFailed": 30000.31375325412, "meanTotal": 31646.647038834362}, "errorsByType": {"SQLTransientConnectionException": 2306}, "firstErrorMessageByType": {"SQLTransientConnectionException": "HikariPool-1 - Connection is not available, request timed out after 30000ms (total=7, active=7, idle=0, waiting=120)"}, "appCpuMedian": 0.025025025025025023, "gcPauseMsTotal": 2}