{"runInfo": {"sut": "HIKARI_DISCIPLINED", "workload": "W5_HTAP", "loadMode": "open-loop", "targetRps": 2, "concurrency": 0, "poolSize": 19, "instanceId": 9, "totalInstances": 16, "configuredDbConnectionBudget": 300, "configuredReplicas": 16, "seed": 42, "durationSeconds": 900, "timestamp": "2026-07-15T01:05:25Z", "openLoopAttemptedOps": 1801, "openLoopMissedOpportunities": 0, "openLoopSchedulingDelayMs": 0.0, "clientPooling": "hikari"}, "attemptedRps": 1.9261887878914277, "achievedThroughputRps": 1.0470509846450349, "successfulThroughputRps": 1.0470509846450349, "errorThroughputRps": 0.8737902496986654, "totalThroughputRps": 1.9208412343437002, "errorRate": 0.4548997772828508, "totalRequests": 1796, "successfulRequests": 979, "failedRequests": 817, "latencyMs": {"p50": 542.719, "p95": 128909.311, "p99": 423886.847, "p999": 586678.271, "max": 586678.271, "mean": 25629.42497155902, "meanSuccessful": 21981.464964249233, "meanFailed": 30000.328827074663, "meanTotal": 25629.42497155902}, "errorsByType": {"SQLTransientConnectionException": 817}, "firstErrorMessageByType": {"SQLTransientConnectionException": "HikariPool-1 - Connection is not available, request timed out after 30000ms (total=19, active=19, idle=0, waiting=43)"}, "appCpuMedian": 0.025015634771732333, "gcPauseMsTotal": 0}