{"runInfo": {"sut": "HIKARI_DISCIPLINED", "workload": "W5_HTAP", "loadMode": "open-loop", "targetRps": 2, "concurrency": 0, "poolSize": 19, "instanceId": 8, "totalInstances": 16, "configuredDbConnectionBudget": 300, "configuredReplicas": 16, "seed": 42, "durationSeconds": 900, "timestamp": "2026-07-15T06:01:56Z", "openLoopAttemptedOps": 1801, "openLoopMissedOpportunities": 0, "openLoopSchedulingDelayMs": 0.0, "clientPooling": "hikari"}, "attemptedRps": 1.9261908479731682, "achievedThroughputRps": 1.2053398587816548, "successfulThroughputRps": 1.2053398587816548, "errorThroughputRps": 0.7208509891915132, "totalThroughputRps": 1.9261908479731682, "errorRate": 0.3742365352581899, "totalRequests": 1801, "successfulRequests": 1127, "failedRequests": 674, "latencyMs": {"p50": 10231.807, "p95": 152436.735, "p99": 351010.815, "p999": 566755.327, "max": 605028.351, "mean": 25963.746825878956, "meanSuccessful": 23549.872913930787, "meanFailed": 30000.301246870924, "meanTotal": 25963.746825878956}, "errorsByType": {"SQLTransientConnectionException": 674}, "firstErrorMessageByType": {"SQLTransientConnectionException": "HikariPool-1 - Connection is not available, request timed out after 30000ms (total=19, active=19, idle=0, waiting=46)"}, "appCpuMedian": 0.02501876407305479, "gcPauseMsTotal": 0}