{"runInfo": {"sut": "HIKARI_DISCIPLINED", "workload": "W5_HTAP", "loadMode": "open-loop", "targetRps": 4, "concurrency": 0, "poolSize": 19, "instanceId": 9, "totalInstances": 16, "configuredDbConnectionBudget": 300, "configuredReplicas": 16, "seed": 42, "durationSeconds": 900, "timestamp": "2026-07-15T20:58:03Z", "openLoopAttemptedOps": 3601, "openLoopMissedOpportunities": 0, "openLoopSchedulingDelayMs": 0.0, "clientPooling": "hikari"}, "attemptedRps": 3.85130806507331, "achievedThroughputRps": 1.348653004736863, "successfulThroughputRps": 1.348653004736863, "errorThroughputRps": 2.6074671098719047, "totalThroughputRps": 3.9561201146087677, "errorRate": 0.6590970532576372, "totalRequests": 3699, "successfulRequests": 1261, "failedRequests": 2438, "latencyMs": {"p50": 24575.999, "p95": 150601.727, "p99": 380108.799, "p999": 444071.935, "max": 448528.383, "mean": 31428.192612949984, "meanSuccessful": 34189.37109516257, "meanFailed": 30000.268248707544, "meanTotal": 31428.192612949984}, "errorsByType": {"SQLTransientConnectionException": 2438}, "firstErrorMessageByType": {"SQLTransientConnectionException": "HikariPool-1 - Connection is not available, request timed out after 30001ms (total=19, active=19, idle=0, waiting=112)"}, "appCpuMedian": 0.025025025025025023, "gcPauseMsTotal": 0}