{"runInfo": {"sut": "HIKARI_DISCIPLINED", "workload": "W5_HTAP", "loadMode": "open-loop", "targetRps": 4, "concurrency": 0, "poolSize": 38, "instanceId": 1, "totalInstances": 2, "configuredDbConnectionBudget": 75, "configuredReplicas": 2, "seed": 42, "durationSeconds": 900, "timestamp": "2026-05-30T16:29:36Z", "openLoopAttemptedOps": 4801, "openLoopMissedOpportunities": 0, "openLoopSchedulingDelayMs": 0.084417, "clientPooling": "hikari"}, "attemptedRps": 2.663447012607278, "achievedThroughputRps": 1.2058942694930153, "successfulThroughputRps": 1.2058942694930153, "errorThroughputRps": 1.5394708972842288, "totalThroughputRps": 2.745365166777244, "errorRate": 0.560752688172043, "totalRequests": 3720, "successfulRequests": 1634, "failedRequests": 2086, "latencyMs": {"p50": 14032.895, "p95": 60030.975, "p99": 60030.975, "p999": 60030.975, "max": 65306.623, "mean": 32149.659232473387, "meanSuccessful": 15253.606636474908, "meanFailed": 30000.27748474209, "meanTotal": 32149.659232473387}, "errorsByType": {"SQLTransientConnectionException": 2086}, "firstErrorMessageByType": {"SQLTransientConnectionException": "HikariPool-1 - Connection is not available, request timed out after 30000ms (total=38, active=38, idle=0, waiting=93)"}, "appCpuMedian": 0.10010010010010009, "gcPauseMsTotal": 7}