{"runInfo": {"sut": "PGBOUNCER", "workload": "W5_HTAP", "loadMode": "open-loop", "targetRps": 3, "concurrency": 0, "poolSize": 20, "instanceId": 3, "totalInstances": 16, "configuredDbConnectionBudget": 100, "configuredReplicas": 16, "seed": 42, "durationSeconds": 900, "timestamp": "2026-07-15T13:11:38Z", "openLoopAttemptedOps": 2701, "openLoopMissedOpportunities": 0, "openLoopSchedulingDelayMs": 0.0, "clientPooling": "hikari"}, "attemptedRps": 2.8887515160330524, "achievedThroughputRps": 1.4962470829064198, "successfulThroughputRps": 1.4962470829064198, "errorThroughputRps": 1.4908995236394205, "totalThroughputRps": 2.9871466065458403, "errorRate": 0.4991049051199427, "totalRequests": 2793, "successfulRequests": 1399, "failedRequests": 1394, "latencyMs": {"p50": 30539.775, "p95": 48496.639, "p99": 74252.287, "p999": 99483.647, "max": 100597.759, "mean": 31170.355866087004, "meanSuccessful": 32336.46158684775, "meanFailed": 30000.33841593544, "meanTotal": 31170.355866087004}, "errorsByType": {"SQLTransientConnectionException": 1394}, "firstErrorMessageByType": {"SQLTransientConnectionException": "HikariPool-1 - Connection is not available, request timed out after 30000ms (total=7, active=7, idle=0, waiting=90)"}, "appCpuMedian": 0.025021894157387717, "gcPauseMsTotal": 3}