{"runInfo": {"sut": "HIKARI_DISCIPLINED", "workload": "W5_HTAP", "loadMode": "open-loop", "targetRps": 2, "concurrency": 0, "poolSize": 19, "instanceId": 4, "totalInstances": 16, "configuredDbConnectionBudget": 300, "configuredReplicas": 16, "seed": 42, "durationSeconds": 900, "timestamp": "2026-07-15T06:01:53Z", "openLoopAttemptedOps": 1801, "openLoopMissedOpportunities": 0, "openLoopSchedulingDelayMs": 0.0, "clientPooling": "hikari"}, "attemptedRps": 1.9261887878914277, "achievedThroughputRps": 0.9871583849104874, "successfulThroughputRps": 0.9871583849104874, "errorThroughputRps": 0.9315438280141218, "totalThroughputRps": 1.9187022129246092, "errorRate": 0.4855072463768116, "totalRequests": 1794, "successfulRequests": 923, "failedRequests": 871, "latencyMs": {"p50": 219.391, "p95": 154664.959, "p99": 428081.151, "p999": 646447.103, "max": 646447.103, "mean": 26587.870713729804, "meanSuccessful": 23364.31463813651, "meanFailed": 29999.723854501146, "meanTotal": 26587.870713729804}, "errorsByType": {"SQLTransientConnectionException": 871}, "firstErrorMessageByType": {"SQLTransientConnectionException": "HikariPool-1 - Connection is not available, request timed out after 30000ms (total=19, active=19, idle=0, waiting=46)"}, "appCpuMedian": 0.025015634771732333, "gcPauseMsTotal": 0}