{"runInfo": {"sut": "PGBOUNCER", "workload": "W5_HTAP", "loadMode": "open-loop", "targetRps": 3, "concurrency": 0, "poolSize": 20, "instanceId": 8, "totalInstances": 16, "configuredDbConnectionBudget": 100, "configuredReplicas": 16, "seed": 42, "durationSeconds": 900, "timestamp": "2026-07-15T16:32:15Z", "openLoopAttemptedOps": 2701, "openLoopMissedOpportunities": 0, "openLoopSchedulingDelayMs": 0.0, "clientPooling": "hikari"}, "attemptedRps": 2.8887515160330524, "achievedThroughputRps": 1.554000722990013, "successfulThroughputRps": 1.554000722990013, "errorThroughputRps": 1.4342153954092274, "totalThroughputRps": 2.98821611839924, "errorRate": 0.47995705082319257, "totalRequests": 2794, "successfulRequests": 1453, "failedRequests": 1341, "latencyMs": {"p50": 30310.399, "p95": 49971.199, "p99": 76152.831, "p999": 104660.991, "max": 110755.839, "mean": 31251.094194146743, "meanSuccessful": 32405.490455609084, "meanFailed": 30000.297552463086, "meanTotal": 31251.094194146743}, "errorsByType": {"SQLTransientConnectionException": 1341}, "firstErrorMessageByType": {"SQLTransientConnectionException": "HikariPool-1 - Connection is not available, request timed out after 30000ms (total=8, active=8, idle=0, waiting=90)"}, "appCpuMedian": 0.025021894157387717, "gcPauseMsTotal": 2}