{"runInfo": {"sut": "HIKARI_DISCIPLINED", "workload": "W5_HTAP", "loadMode": "open-loop", "targetRps": 3, "concurrency": 0, "poolSize": 19, "instanceId": 8, "totalInstances": 16, "configuredDbConnectionBudget": 300, "configuredReplicas": 16, "seed": 42, "durationSeconds": 900, "timestamp": "2026-07-15T12:38:01Z", "openLoopAttemptedOps": 2701, "openLoopMissedOpportunities": 0, "openLoopSchedulingDelayMs": 0.0, "clientPooling": "hikari"}, "attemptedRps": 2.8973076108602513, "achievedThroughputRps": 1.2427727736506504, "successfulThroughputRps": 1.2427727736506504, "errorThroughputRps": 1.7411652973349905, "totalThroughputRps": 2.9839380709856407, "errorRate": 0.5835125448028674, "totalRequests": 2790, "successfulRequests": 1162, "failedRequests": 1628, "latencyMs": {"p50": 22298.623, "p95": 150339.583, "p99": 387973.119, "p999": 430440.447, "max": 435945.471, "mean": 30959.814913351256, "meanSuccessful": 32304.33065748709, "meanFailed": 30000.252372070638, "meanTotal": 30959.814913351256}, "errorsByType": {"SQLTransientConnectionException": 1628}, "firstErrorMessageByType": {"SQLTransientConnectionException": "HikariPool-1 - Connection is not available, request timed out after 30000ms (total=19, active=19, idle=0, waiting=68)"}, "appCpuMedian": 0.02501876407305479, "gcPauseMsTotal": 0}