{"runInfo": {"sut": "HIKARI_DISCIPLINED", "workload": "W5_HTAP", "loadMode": "open-loop", "targetRps": 3, "concurrency": 0, "poolSize": 19, "instanceId": 5, "totalInstances": 16, "configuredDbConnectionBudget": 300, "configuredReplicas": 16, "seed": 42, "durationSeconds": 900, "timestamp": "2026-07-15T12:37:59Z", "openLoopAttemptedOps": 2701, "openLoopMissedOpportunities": 0, "openLoopSchedulingDelayMs": 0.0, "clientPooling": "hikari"}, "attemptedRps": 2.8887515160330524, "achievedThroughputRps": 1.263093498865248, "successfulThroughputRps": 1.263093498865248, "errorThroughputRps": 1.711218965439794, "totalThroughputRps": 2.974312464305042, "errorRate": 0.5753326141675656, "totalRequests": 2781, "successfulRequests": 1181, "failedRequests": 1600, "latencyMs": {"p50": 22036.479, "p95": 146931.711, "p99": 387448.831, "p999": 429391.871, "max": 433586.175, "mean": 31000.764229768432, "meanSuccessful": 32356.383680779003, "meanFailed": 30000.326217298127, "meanTotal": 31000.764229768432}, "errorsByType": {"SQLTransientConnectionException": 1600}, "firstErrorMessageByType": {"SQLTransientConnectionException": "HikariPool-1 - Connection is not available, request timed out after 30000ms (total=19, active=19, idle=0, waiting=68)"}, "appCpuMedian": 0.025025025025025023, "gcPauseMsTotal": 0}