{"runInfo": {"sut": "HIKARI_DISCIPLINED", "workload": "W5_HTAP", "loadMode": "open-loop", "targetRps": 3, "concurrency": 0, "poolSize": 19, "instanceId": 13, "totalInstances": 16, "configuredDbConnectionBudget": 300, "configuredReplicas": 16, "seed": 42, "durationSeconds": 900, "timestamp": "2026-07-15T12:38:05Z", "openLoopAttemptedOps": 2701, "openLoopMissedOpportunities": 0, "openLoopSchedulingDelayMs": 0.0, "clientPooling": "hikari"}, "attemptedRps": 2.8951685871534516, "achievedThroughputRps": 1.3400983523100387, "successfulThroughputRps": 1.3400983523100387, "errorThroughputRps": 1.6417006949688024, "totalThroughputRps": 2.981799047278841, "errorRate": 0.5505738880918221, "totalRequests": 2788, "successfulRequests": 1253, "failedRequests": 1535, "latencyMs": {"p50": 21004.287, "p95": 138543.103, "p99": 373555.199, "p999": 441188.351, "max": 445120.511, "mean": 30026.84889066822, "meanSuccessful": 30059.2243264166, "meanFailed": 30000.306791250816, "meanTotal": 30026.84889066822}, "errorsByType": {"SQLTransientConnectionException": 1535}, "firstErrorMessageByType": {"SQLTransientConnectionException": "HikariPool-1 - Connection is not available, request timed out after 30000ms (total=19, active=19, idle=0, waiting=80)"}, "appCpuMedian": 0.025021894157387717, "gcPauseMsTotal": 0}