{"runInfo": {"sut": "HIKARI_DISCIPLINED", "workload": "W5_HTAP", "loadMode": "open-loop", "targetRps": 12, "concurrency": 0, "poolSize": 20, "instanceId": 3, "totalInstances": 4, "configuredDbConnectionBudget": 80, "configuredReplicas": 4, "seed": 42, "durationSeconds": 900, "timestamp": "2026-07-12T11:09:39Z", "openLoopAttemptedOps": 10801, "openLoopMissedOpportunities": 0, "openLoopSchedulingDelayMs": 0.0, "clientPooling": "hikari"}, "attemptedRps": 11.551772819056094, "achievedThroughputRps": 3.894084328690236, "successfulThroughputRps": 3.894084328690236, "errorThroughputRps": 8.044850953146925, "totalThroughputRps": 11.93893528183716, "errorRate": 0.6738331989608528, "totalRequests": 11163, "successfulRequests": 3641, "failedRequests": 7522, "latencyMs": {"p50": 29425.663, "p95": 81133.567, "p99": 184811.519, "p999": 194772.991, "max": 198311.935, "mean": 31213.893208030102, "meanSuccessful": 33721.41204778907, "meanFailed": 30000.17825973026, "meanTotal": 31213.893208030102}, "errorsByType": {"SQLTransientConnectionException": 7522}, "firstErrorMessageByType": {"SQLTransientConnectionException": "HikariPool-1 - Connection is not available, request timed out after 30000ms (total=20, active=20, idle=0, waiting=360)"}, "appCpuMedian": 0.20030045067601399, "gcPauseMsTotal": 20}