{"runInfo": {"sut": "HIKARI_DISCIPLINED", "workload": "W5_HTAP", "loadMode": "open-loop", "targetRps": 3, "concurrency": 0, "poolSize": 19, "instanceId": 3, "totalInstances": 16, "configuredDbConnectionBudget": 300, "configuredReplicas": 16, "seed": 42, "durationSeconds": 900, "timestamp": "2026-07-15T10:59:12Z", "openLoopAttemptedOps": 2701, "openLoopMissedOpportunities": 0, "openLoopSchedulingDelayMs": 0.0, "clientPooling": "hikari"}, "attemptedRps": 2.898374022868278, "achievedThroughputRps": 1.3208457262886804, "successfulThroughputRps": 1.3208457262886804, "errorThroughputRps": 1.665228174762328, "totalThroughputRps": 2.9860739010510082, "errorRate": 0.5576647564469914, "totalRequests": 2792, "successfulRequests": 1235, "failedRequests": 1557, "latencyMs": {"p50": 22036.479, "p95": 146014.207, "p99": 390070.271, "p999": 440926.207, "max": 446955.519, "mean": 30780.227598896134, "meanSuccessful": 31763.420301214577, "meanFailed": 30000.315494530507, "meanTotal": 30780.227598896134}, "errorsByType": {"SQLTransientConnectionException": 1557}, "firstErrorMessageByType": {"SQLTransientConnectionException": "HikariPool-1 - Connection is not available, request timed out after 30000ms (total=19, active=19, idle=0, waiting=80)"}, "appCpuMedian": 0.025021894157387717, "gcPauseMsTotal": 0}