{"runInfo": {"sut": "HIKARI_DISCIPLINED", "workload": "W5_HTAP", "loadMode": "open-loop", "targetRps": 3, "concurrency": 0, "poolSize": 19, "instanceId": 8, "totalInstances": 16, "configuredDbConnectionBudget": 300, "configuredReplicas": 16, "seed": 42, "durationSeconds": 900, "timestamp": "2026-07-15T14:17:55Z", "openLoopAttemptedOps": 2701, "openLoopMissedOpportunities": 0, "openLoopSchedulingDelayMs": 0.0, "clientPooling": "hikari"}, "attemptedRps": 2.898377122713651, "achievedThroughputRps": 1.2598849633050484, "successfulThroughputRps": 1.2598849633050484, "errorThroughputRps": 1.7251226195339924, "totalThroughputRps": 2.9850075828390406, "errorRate": 0.5779290576854174, "totalRequests": 2791, "successfulRequests": 1178, "failedRequests": 1613, "latencyMs": {"p50": 21479.423, "p95": 141557.759, "p99": 376963.071, "p999": 421265.407, "max": 429916.159, "mean": 30456.1052866804, "meanSuccessful": 31079.903827674025, "meanFailed": 30000.259808704897, "meanTotal": 30456.1052866804}, "errorsByType": {"SQLTransientConnectionException": 1613}, "firstErrorMessageByType": {"SQLTransientConnectionException": "HikariPool-1 - Connection is not available, request timed out after 30000ms (total=19, active=19, idle=0, waiting=80)"}, "appCpuMedian": 0.025015634771732333, "gcPauseMsTotal": 0}