{"runInfo": {"sut": "HIKARI_DISCIPLINED", "workload": "W5_HTAP", "loadMode": "open-loop", "targetRps": 3, "concurrency": 0, "poolSize": 19, "instanceId": 15, "totalInstances": 16, "configuredDbConnectionBudget": 300, "configuredReplicas": 16, "seed": 42, "durationSeconds": 900, "timestamp": "2026-07-15T10:59:19Z", "openLoopAttemptedOps": 2701, "openLoopMissedOpportunities": 0, "openLoopSchedulingDelayMs": 0.0, "clientPooling": "hikari"}, "attemptedRps": 2.8887484264823686, "achievedThroughputRps": 1.398920008085501, "successfulThroughputRps": 1.398920008085501, "errorThroughputRps": 1.5614856359364155, "totalThroughputRps": 2.9604056440219164, "errorRate": 0.5274566473988439, "totalRequests": 2768, "successfulRequests": 1308, "failedRequests": 1460, "latencyMs": {"p50": 20234.239, "p95": 138805.247, "p99": 374079.487, "p999": 440926.207, "max": 442499.071, "mean": 29950.88592348555, "meanSuccessful": 29895.451441896024, "meanFailed": 30000.337520306166, "meanTotal": 29950.88592348555}, "errorsByType": {"SQLTransientConnectionException": 1460}, "firstErrorMessageByType": {"SQLTransientConnectionException": "HikariPool-1 - Connection is not available, request timed out after 30001ms (total=19, active=19, idle=0, waiting=80)"}, "appCpuMedian": 0.025021894157387717, "gcPauseMsTotal": 0}