{"runInfo": {"sut": "PGBOUNCER", "workload": "W5_HTAP", "loadMode": "open-loop", "targetRps": 5, "concurrency": 0, "poolSize": 20, "instanceId": 3, "totalInstances": 4, "configuredDbConnectionBudget": 100, "configuredReplicas": 4, "seed": 42, "durationSeconds": 1800, "timestamp": "2026-05-23T02:49:00Z", "openLoopAttemptedOps": 10501, "openLoopMissedOpportunities": 0, "openLoopSchedulingDelayMs": 0.149064, "clientPooling": "hikari"}, "attemptedRps": 3.991549498140588, "achievedThroughputRps": 0.8536532367426544, "successfulThroughputRps": 0.8536532367426544, "errorThroughputRps": 3.2075188890179835, "totalThroughputRps": 4.061172125760638, "errorRate": 0.7898012666521075, "totalRequests": 9158, "successfulRequests": 1925, "failedRequests": 7233, "latencyMs": {"p50": 29016.063, "p95": 60030.975, "p99": 60030.975, "p999": 64978.943, "max": 65437.695, "mean": 30832.651197124156, "meanSuccessful": 31428.748434285717, "meanFailed": 30000.241381970412, "meanTotal": 30832.651197124156}, "errorsByType": {"SQLTransientConnectionException": 7233}, "firstErrorMessageByType": {"SQLTransientConnectionException": "HikariPool-1 - Connection is not available, request timed out after 30000ms (total=9, active=9, idle=0, waiting=150)"}, "appCpuMedian": 0.10025062656641603, "gcPauseMsTotal": 3015}