{"runInfo": {"sut": "HIKARI_DISCIPLINED", "workload": "W5_HTAP", "loadMode": "open-loop", "targetRps": 12, "concurrency": 0, "poolSize": 20, "instanceId": 3, "totalInstances": 4, "configuredDbConnectionBudget": 80, "configuredReplicas": 4, "seed": 42, "durationSeconds": 900, "timestamp": "2026-07-02T11:01:02Z", "openLoopAttemptedOps": 10800, "openLoopMissedOpportunities": 0, "openLoopSchedulingDelayMs": 0.0, "clientPooling": "hikari"}, "attemptedRps": 10.237837059055476, "achievedThroughputRps": 3.5250917528587458, "successfulThroughputRps": 3.5250917528587458, "errorThroughputRps": 7.072932148381813, "totalThroughputRps": 10.598023901240559, "errorRate": 0.6673821661747608, "totalRequests": 11181, "successfulRequests": 3719, "failedRequests": 7462, "latencyMs": {"p50": 29491.199, "p95": 88080.383, "p99": 196870.143, "p999": 215744.511, "max": 220725.247, "mean": 31469.124660804846, "meanSuccessful": 34416.64127991396, "meanFailed": 30000.22874269874, "meanTotal": 31469.124660804846}, "errorsByType": {"SQLTransientConnectionException": 7462}, "firstErrorMessageByType": {"SQLTransientConnectionException": "HikariPool-1 - Connection is not available, request timed out after 30000ms (total=20, active=20, idle=0, waiting=360)"}, "appCpuMedian": 0.2503755633450175, "gcPauseMsTotal": 18}