{"runInfo": {"sut": "PGBOUNCER", "workload": "W5_HTAP", "loadMode": "open-loop", "targetRps": 8, "concurrency": 0, "poolSize": 20, "instanceId": 0, "totalInstances": 4, "configuredDbConnectionBudget": 100, "configuredReplicas": 4, "seed": 42, "durationSeconds": 900, "timestamp": "2026-07-12T05:23:36Z", "openLoopAttemptedOps": 7201, "openLoopMissedOpportunities": 0, "openLoopSchedulingDelayMs": 0.0, "clientPooling": "hikari"}, "attemptedRps": 7.7015466194370745, "achievedThroughputRps": 4.203177088513776, "successfulThroughputRps": 4.203177088513776, "errorThroughputRps": 3.7603996547619434, "totalThroughputRps": 7.963576743275719, "errorRate": 0.47219983883964545, "totalRequests": 7446, "successfulRequests": 3930, "failedRequests": 3516, "latencyMs": {"p50": 29442.047, "p95": 40206.335, "p99": 47972.351, "p999": 66682.879, "max": 69009.407, "mean": 29919.96233450403, "meanSuccessful": 29847.982786768447, "meanFailed": 30000.204682955347, "meanTotal": 29919.96233450403}, "errorsByType": {"SQLTransientConnectionException": 3516}, "firstErrorMessageByType": {"SQLTransientConnectionException": "HikariPool-1 - Connection is not available, request timed out after 30000ms (total=7, active=7, idle=0, waiting=240)"}, "appCpuMedian": 0.15007503751875936, "gcPauseMsTotal": 10}