{"runInfo": {"sut": "HIKARI_DISCIPLINED", "workload": "W5_HTAP", "loadMode": "open-loop", "targetRps": 3, "concurrency": 0, "poolSize": 19, "instanceId": 5, "totalInstances": 16, "configuredDbConnectionBudget": 300, "configuredReplicas": 16, "seed": 42, "durationSeconds": 900, "timestamp": "2026-07-15T14:17:53Z", "openLoopAttemptedOps": 2701, "openLoopMissedOpportunities": 0, "openLoopSchedulingDelayMs": 0.0, "clientPooling": "hikari"}, "attemptedRps": 2.898374022868278, "achievedThroughputRps": 1.2898299157118611, "successfulThroughputRps": 1.2898299157118611, "errorThroughputRps": 1.6951744746296018, "totalThroughputRps": 2.9850043903414627, "errorRate": 0.567896811178789, "totalRequests": 2791, "successfulRequests": 1206, "failedRequests": 1585, "latencyMs": {"p50": 21954.559, "p95": 142606.335, "p99": 360185.855, "p999": 435159.039, "max": 442761.215, "mean": 30523.320890981726, "meanSuccessful": 31210.76858789386, "meanFailed": 30000.30198430284, "meanTotal": 30523.320890981726}, "errorsByType": {"SQLTransientConnectionException": 1585}, "firstErrorMessageByType": {"SQLTransientConnectionException": "HikariPool-1 - Connection is not available, request timed out after 30000ms (total=19, active=19, idle=0, waiting=80)"}, "appCpuMedian": 0.025021894157387717, "gcPauseMsTotal": 0}