{"runInfo": {"sut": "HIKARI_DISCIPLINED", "workload": "W5_HTAP", "loadMode": "open-loop", "targetRps": 4, "concurrency": 0, "poolSize": 19, "instanceId": 7, "totalInstances": 16, "configuredDbConnectionBudget": 300, "configuredReplicas": 16, "seed": 42, "durationSeconds": 900, "timestamp": "2026-07-15T17:39:12Z", "openLoopAttemptedOps": 3601, "openLoopMissedOpportunities": 0, "openLoopSchedulingDelayMs": 0.0, "clientPooling": "hikari"}, "attemptedRps": 3.85130806507331, "achievedThroughputRps": 1.3197762155791348, "successfulThroughputRps": 1.3197762155791348, "errorThroughputRps": 2.625648791934178, "totalThroughputRps": 3.945425007513313, "errorRate": 0.665492003252914, "totalRequests": 3689, "successfulRequests": 1234, "failedRequests": 2455, "latencyMs": {"p50": 24723.455, "p95": 146669.567, "p99": 409993.215, "p999": 440664.063, "max": 447479.807, "mean": 31532.40852948577, "meanSuccessful": 34580.71358833063, "meanFailed": 30000.260811363747, "meanTotal": 31532.40852948577}, "errorsByType": {"SQLTransientConnectionException": 2455}, "firstErrorMessageByType": {"SQLTransientConnectionException": "HikariPool-1 - Connection is not available, request timed out after 30000ms (total=19, active=19, idle=0, waiting=112)"}, "appCpuMedian": 0.02501876407305479, "gcPauseMsTotal": 0}