{"runInfo": {"sut": "PGBOUNCER", "workload": "W5_HTAP", "loadMode": "open-loop", "targetRps": 8, "concurrency": 0, "poolSize": 20, "instanceId": 0, "totalInstances": 4, "configuredDbConnectionBudget": 100, "configuredReplicas": 4, "seed": 42, "durationSeconds": 900, "timestamp": "2026-07-05T04:28:17Z", "openLoopAttemptedOps": 7201, "openLoopMissedOpportunities": 0, "openLoopSchedulingDelayMs": 0.0, "clientPooling": "hikari"}, "attemptedRps": 7.701530145699132, "achievedThroughputRps": 4.615998348678996, "successfulThroughputRps": 4.615998348678996, "errorThroughputRps": 3.314406599294766, "totalThroughputRps": 7.930404947973763, "errorRate": 0.4179366149696561, "totalRequests": 7415, "successfulRequests": 4316, "failedRequests": 3099, "latencyMs": {"p50": 29425.663, "p95": 38174.719, "p99": 44072.959, "p999": 65273.855, "max": 67239.935, "mean": 29666.122877683614, "meanSuccessful": 29426.177312326225, "meanFailed": 30000.230315484994, "meanTotal": 29666.122877683614}, "errorsByType": {"SQLTransientConnectionException": 3099}, "firstErrorMessageByType": {"SQLTransientConnectionException": "HikariPool-1 - Connection is not available, request timed out after 30000ms (total=10, active=10, idle=0, waiting=222)"}, "appCpuMedian": 0.1500750375187594, "gcPauseMsTotal": 11}