{"runInfo": {"sut": "HIKARI_DISCIPLINED", "workload": "W5_HTAP", "loadMode": "open-loop", "targetRps": 12, "concurrency": 0, "poolSize": 38, "instanceId": 0, "totalInstances": 2, "configuredDbConnectionBudget": 75, "configuredReplicas": 2, "seed": 42, "durationSeconds": 900, "timestamp": "2026-05-31T10:49:59Z", "openLoopAttemptedOps": 14401, "openLoopMissedOpportunities": 0, "openLoopSchedulingDelayMs": 0.088744, "clientPooling": "hikari"}, "attemptedRps": 7.97115300170995, "achievedThroughputRps": 0.9047897028142207, "successfulThroughputRps": 0.9047897028142207, "errorThroughputRps": 7.345327823906965, "totalThroughputRps": 8.250117526721185, "errorRate": 0.8903300831916987, "totalRequests": 11179, "successfulRequests": 1226, "failedRequests": 9953, "latencyMs": {"p50": 29736.959, "p95": 60030.975, "p99": 60030.975, "p999": 60030.975, "max": 60030.975, "mean": 33486.93294670078, "meanSuccessful": 31390.73182137031, "meanFailed": 30000.259094588466, "meanTotal": 33486.93294670078}, "errorsByType": {"SQLTransientConnectionException": 9953}, "firstErrorMessageByType": {"SQLTransientConnectionException": "HikariPool-1 - Connection is not available, request timed out after 30000ms (total=38, active=38, idle=0, waiting=358)"}, "appCpuMedian": 0.2004008016032064, "gcPauseMsTotal": 12}