{"runInfo": {"sut": "HIKARI_DISCIPLINED", "workload": "W5_HTAP", "loadMode": "open-loop", "targetRps": 4, "concurrency": 0, "poolSize": 20, "instanceId": 3, "totalInstances": 4, "configuredDbConnectionBudget": 80, "configuredReplicas": 4, "seed": 42, "durationSeconds": 900, "timestamp": "2026-07-01T19:24:38Z", "openLoopAttemptedOps": 3600, "openLoopMissedOpportunities": 0, "openLoopSchedulingDelayMs": 0.0, "clientPooling": "hikari"}, "attemptedRps": 3.4132442597591677, "achievedThroughputRps": 3.4075570990930872, "successfulThroughputRps": 3.4075570990930872, "errorThroughputRps": 0.010426461221147139, "totalThroughputRps": 3.4179835603142346, "errorRate": 0.003050471436494731, "totalRequests": 3606, "successfulRequests": 3595, "failedRequests": 11, "latencyMs": {"p50": 21.503, "p95": 29114.367, "p99": 101842.943, "p999": 170131.455, "max": 177864.703, "mean": 5719.987668553799, "meanSuccessful": 5645.638832545202, "meanFailed": 30001.416671181818, "meanTotal": 5719.987668553799}, "errorsByType": {"SQLTransientConnectionException": 11}, "firstErrorMessageByType": {"SQLTransientConnectionException": "HikariPool-1 - Connection is not available, request timed out after 30000ms (total=20, active=20, idle=0, waiting=56)"}, "appCpuMedian": 0.1502253380070105, "gcPauseMsTotal": 17}