{"runInfo": {"sut": "PGBOUNCER", "workload": "W5_HTAP", "loadMode": "open-loop", "targetRps": 8, "concurrency": 0, "poolSize": 20, "instanceId": 1, "totalInstances": 4, "configuredDbConnectionBudget": 100, "configuredReplicas": 4, "seed": 42, "durationSeconds": 900, "timestamp": "2026-07-02T02:10:21Z", "openLoopAttemptedOps": 7201, "openLoopMissedOpportunities": 0, "openLoopSchedulingDelayMs": 0.0, "clientPooling": "hikari"}, "attemptedRps": 6.825527720116397, "achievedThroughputRps": 4.1326622496469225, "successfulThroughputRps": 4.1326622496469225, "errorThroughputRps": 2.929830049004275, "totalThroughputRps": 7.062492298651198, "errorRate": 0.41484364514830224, "totalRequests": 7451, "successfulRequests": 4360, "failedRequests": 3091, "latencyMs": {"p50": 29589.503, "p95": 38666.239, "p99": 44466.175, "p999": 61472.767, "max": 68616.191, "mean": 29926.68263835767, "meanSuccessful": 29874.424873394495, "meanFailed": 30000.283223922677, "meanTotal": 29926.68263835767}, "errorsByType": {"SQLTransientConnectionException": 3091}, "firstErrorMessageByType": {"SQLTransientConnectionException": "HikariPool-1 - Connection is not available, request timed out after 30000ms (total=10, active=10, idle=0, waiting=240)"}, "appCpuMedian": 0.15015015015015015, "gcPauseMsTotal": 10}