{"runInfo": {"sut": "PGBOUNCER", "workload": "W5_HTAP", "loadMode": "open-loop", "targetRps": 12, "concurrency": 0, "poolSize": 20, "instanceId": 0, "totalInstances": 4, "configuredDbConnectionBudget": 100, "configuredReplicas": 4, "seed": 42, "durationSeconds": 900, "timestamp": "2026-07-02T13:06:24Z", "openLoopAttemptedOps": 10800, "openLoopMissedOpportunities": 0, "openLoopSchedulingDelayMs": 0.0, "clientPooling": "hikari"}, "attemptedRps": 10.237827355027303, "achievedThroughputRps": 4.162997661631323, "successfulThroughputRps": 4.162997661631323, "errorThroughputRps": 6.422694024411166, "totalThroughputRps": 10.58569168604249, "errorRate": 0.6067335243553008, "totalRequests": 11168, "successfulRequests": 4392, "failedRequests": 6776, "latencyMs": {"p50": 29868.031, "p95": 39124.991, "p99": 44367.871, "p999": 60522.495, "max": 66486.271, "mean": 30353.835849350733, "meanSuccessful": 30891.192347984514, "meanFailed": 30000.237608480522, "meanTotal": 30353.835849350733}, "errorsByType": {"SQLTransientConnectionException": 6776}, "firstErrorMessageByType": {"SQLTransientConnectionException": "HikariPool-1 - Connection is not available, request timed out after 30000ms (total=7, active=7, idle=0, waiting=360)"}, "appCpuMedian": 0.15037593984962408, "gcPauseMsTotal": 9}