{"runInfo": {"sut": "HIKARI_DISCIPLINED", "workload": "W5_HTAP", "loadMode": "open-loop", "targetRps": 3, "concurrency": 0, "poolSize": 19, "instanceId": 12, "totalInstances": 16, "configuredDbConnectionBudget": 300, "configuredReplicas": 16, "seed": 42, "durationSeconds": 900, "timestamp": "2026-07-15T12:38:04Z", "openLoopAttemptedOps": 2701, "openLoopMissedOpportunities": 0, "openLoopSchedulingDelayMs": 0.0, "clientPooling": "hikari"}, "attemptedRps": 2.898377122713651, "achievedThroughputRps": 1.1679069439126595, "successfulThroughputRps": 1.1679069439126595, "errorThroughputRps": 1.8181701507797812, "totalThroughputRps": 2.9860770946924404, "errorRate": 0.6088825214899714, "totalRequests": 2792, "successfulRequests": 1092, "failedRequests": 1700, "latencyMs": {"p50": 22003.711, "p95": 159252.479, "p99": 396886.015, "p999": 428605.439, "max": 436994.047, "mean": 31150.704991637893, "meanSuccessful": 32941.51261080586, "meanFailed": 30000.254349848234, "meanTotal": 31150.704991637893}, "errorsByType": {"SQLTransientConnectionException": 1700}, "firstErrorMessageByType": {"SQLTransientConnectionException": "HikariPool-1 - Connection is not available, request timed out after 30000ms (total=19, active=19, idle=0, waiting=80)"}, "appCpuMedian": 0.025021894157387717, "gcPauseMsTotal": 0}