{"runInfo": {"sut": "PGBOUNCER", "workload": "W5_HTAP", "loadMode": "open-loop", "targetRps": 2, "concurrency": 0, "poolSize": 20, "instanceId": 11, "totalInstances": 16, "configuredDbConnectionBudget": 100, "configuredReplicas": 16, "seed": 42, "durationSeconds": 900, "timestamp": "2026-07-15T04:56:27Z", "openLoopAttemptedOps": 1801, "openLoopMissedOpportunities": 0, "openLoopSchedulingDelayMs": 0.0, "clientPooling": "hikari"}, "attemptedRps": 1.9261908479731682, "achievedThroughputRps": 1.4320763717024276, "successfulThroughputRps": 1.4320763717024276, "errorThroughputRps": 0.5272693437261365, "totalThroughputRps": 1.959345715428564, "errorRate": 0.2691048034934498, "totalRequests": 1832, "successfulRequests": 1339, "failedRequests": 493, "latencyMs": {"p50": 25034.751, "p95": 47906.815, "p99": 100073.471, "p999": 117964.799, "max": 124780.543, "mean": 26546.00099231878, "meanSuccessful": 25274.002831217327, "meanFailed": 30000.411957348882, "meanTotal": 26546.00099231878}, "errorsByType": {"SQLTransientConnectionException": 493}, "firstErrorMessageByType": {"SQLTransientConnectionException": "HikariPool-1 - Connection is not available, request timed out after 30001ms (total=9, active=9, idle=0, waiting=37)"}, "appCpuMedian": 0.025021894157387717, "gcPauseMsTotal": 1}