{"runInfo": {"sut": "HIKARI_DISCIPLINED", "workload": "W5_HTAP", "loadMode": "open-loop", "targetRps": 3, "concurrency": 0, "poolSize": 19, "instanceId": 10, "totalInstances": 16, "configuredDbConnectionBudget": 300, "configuredReplicas": 16, "seed": 42, "durationSeconds": 900, "timestamp": "2026-07-15T10:59:16Z", "openLoopAttemptedOps": 2701, "openLoopMissedOpportunities": 0, "openLoopSchedulingDelayMs": 0.0, "clientPooling": "hikari"}, "attemptedRps": 2.898377122713651, "achievedThroughputRps": 1.2791361766662461, "successfulThroughputRps": 1.2791361766662461, "errorThroughputRps": 1.7058714061727946, "totalThroughputRps": 2.9850075828390406, "errorRate": 0.5714797563597277, "totalRequests": 2791, "successfulRequests": 1196, "failedRequests": 1595, "latencyMs": {"p50": 21430.271, "p95": 152436.735, "p99": 398721.023, "p999": 435159.039, "max": 452460.543, "mean": 30718.118580824077, "meanSuccessful": 31674.940364548493, "meanFailed": 30000.25766631599, "meanTotal": 30718.118580824077}, "errorsByType": {"SQLTransientConnectionException": 1595}, "firstErrorMessageByType": {"SQLTransientConnectionException": "HikariPool-1 - Connection is not available, request timed out after 30000ms (total=19, active=19, idle=0, waiting=80)"}, "appCpuMedian": 0.025025025025025023, "gcPauseMsTotal": 0}