{"runInfo": {"sut": "PGBOUNCER", "workload": "W5_HTAP", "loadMode": "open-loop", "targetRps": 12, "concurrency": 0, "poolSize": 20, "instanceId": 2, "totalInstances": 4, "configuredDbConnectionBudget": 100, "configuredReplicas": 4, "seed": 42, "durationSeconds": 900, "timestamp": "2026-07-02T16:16:05Z", "openLoopAttemptedOps": 10801, "openLoopMissedOpportunities": 0, "openLoopSchedulingDelayMs": 0.0, "clientPooling": "hikari"}, "attemptedRps": 10.237827355027303, "achievedThroughputRps": 3.557315624795618, "successfulThroughputRps": 3.557315624795618, "errorThroughputRps": 7.034063216522323, "totalThroughputRps": 10.59137884131794, "errorRate": 0.6641310184356543, "totalRequests": 11174, "successfulRequests": 3753, "failedRequests": 7421, "latencyMs": {"p50": 29917.183, "p95": 40206.335, "p99": 47054.847, "p999": 67436.543, "max": 72351.743, "mean": 30482.378917036964, "meanSuccessful": 31435.621525179857, "meanFailed": 30000.241346102815, "meanTotal": 30482.378917036964}, "errorsByType": {"SQLTransientConnectionException": 7421}, "firstErrorMessageByType": {"SQLTransientConnectionException": "HikariPool-1 - Connection is not available, request timed out after 30000ms (total=13, active=13, idle=0, waiting=360)"}, "appCpuMedian": 0.15037593984962408, "gcPauseMsTotal": 10}