{"runInfo": {"sut": "PGBOUNCER", "workload": "W5_HTAP", "loadMode": "open-loop", "targetRps": 12, "concurrency": 0, "poolSize": 20, "instanceId": 2, "totalInstances": 4, "configuredDbConnectionBudget": 100, "configuredReplicas": 4, "seed": 42, "durationSeconds": 900, "timestamp": "2026-07-12T11:41:20Z", "openLoopAttemptedOps": 10801, "openLoopMissedOpportunities": 0, "openLoopSchedulingDelayMs": 0.0, "clientPooling": "hikari"}, "attemptedRps": 11.55178517380084, "achievedThroughputRps": 4.711194675547884, "successfulThroughputRps": 4.711194675547884, "errorThroughputRps": 7.235239950075241, "totalThroughputRps": 11.946434625623125, "errorRate": 0.6056401074306177, "totalRequests": 11170, "successfulRequests": 4405, "failedRequests": 6765, "latencyMs": {"p50": 29949.951, "p95": 38699.007, "p99": 43810.815, "p999": 61407.231, "max": 65896.447, "mean": 30437.32334845613, "meanSuccessful": 31108.70627014756, "meanFailed": 30000.15227817147, "meanTotal": 30437.32334845613}, "errorsByType": {"SQLTransientConnectionException": 6765}, "firstErrorMessageByType": {"SQLTransientConnectionException": "HikariPool-1 - Connection is not available, request timed out after 30000ms (total=12, active=12, idle=0, waiting=360)"}, "appCpuMedian": 0.15015015015015015, "gcPauseMsTotal": 10}