{"runInfo": {"sut": "HIKARI_DISCIPLINED", "workload": "W5_HTAP", "loadMode": "open-loop", "targetRps": 12, "concurrency": 0, "poolSize": 20, "instanceId": 0, "totalInstances": 4, "configuredDbConnectionBudget": 80, "configuredReplicas": 4, "seed": 42, "durationSeconds": 900, "timestamp": "2026-07-02T11:01:00Z", "openLoopAttemptedOps": 10801, "openLoopMissedOpportunities": 0, "openLoopSchedulingDelayMs": 0.0, "clientPooling": "hikari"}, "attemptedRps": 10.237827355027303, "achievedThroughputRps": 3.6028128669992388, "successfulThroughputRps": 3.6028128669992388, "errorThroughputRps": 6.99520098880673, "totalThroughputRps": 10.59801385580597, "errorRate": 0.6600482962167964, "totalRequests": 11181, "successfulRequests": 3801, "failedRequests": 7380, "latencyMs": {"p50": 29376.511, "p95": 84672.511, "p99": 202506.239, "p999": 214958.079, "max": 217448.447, "mean": 31421.815692212593, "meanSuccessful": 34181.90141541699, "meanFailed": 30000.225270750812, "meanTotal": 31421.815692212593}, "errorsByType": {"SQLTransientConnectionException": 7380}, "firstErrorMessageByType": {"SQLTransientConnectionException": "HikariPool-1 - Connection is not available, request timed out after 30000ms (total=20, active=20, idle=0, waiting=360)"}, "appCpuMedian": 0.2503755633450175, "gcPauseMsTotal": 15}