{"runInfo": {"sut": "HIKARI_DISCIPLINED", "workload": "W5_HTAP", "loadMode": "open-loop", "targetRps": 2, "concurrency": 0, "poolSize": 19, "instanceId": 3, "totalInstances": 16, "configuredDbConnectionBudget": 300, "configuredReplicas": 16, "seed": 42, "durationSeconds": 900, "timestamp": "2026-07-15T02:44:09Z", "openLoopAttemptedOps": 1800, "openLoopMissedOpportunities": 0, "openLoopSchedulingDelayMs": 0.0, "clientPooling": "hikari"}, "attemptedRps": 1.9261867278140934, "achievedThroughputRps": 0.9796707621752968, "successfulThroughputRps": 0.9796707621752968, "errorThroughputRps": 0.9433074369417159, "totalThroughputRps": 1.9229781991170127, "errorRate": 0.4905450500556173, "totalRequests": 1798, "successfulRequests": 916, "failedRequests": 882, "latencyMs": {"p50": 208.127, "p95": 150732.799, "p99": 411041.791, "p999": 562036.735, "max": 562036.735, "mean": 26662.11828302503, "meanSuccessful": 23448.051712882097, "meanFailed": 30000.345588603173, "meanTotal": 26662.11828302503}, "errorsByType": {"SQLTransientConnectionException": 882}, "firstErrorMessageByType": {"SQLTransientConnectionException": "HikariPool-1 - Connection is not available, request timed out after 30001ms (total=19, active=19, idle=0, waiting=31)"}, "appCpuMedian": 0.025021894157387717, "gcPauseMsTotal": 0}