{"runInfo": {"sut": "PGBOUNCER", "workload": "W5_HTAP", "loadMode": "open-loop", "targetRps": 12, "concurrency": 0, "poolSize": 20, "instanceId": 3, "totalInstances": 4, "configuredDbConnectionBudget": 100, "configuredReplicas": 4, "seed": 42, "durationSeconds": 900, "timestamp": "2026-07-05T13:49:59Z", "openLoopAttemptedOps": 10801, "openLoopMissedOpportunities": 0, "openLoopSchedulingDelayMs": 0.0, "clientPooling": "hikari"}, "attemptedRps": 11.55178517380084, "achievedThroughputRps": 4.973224799386529, "successfulThroughputRps": 4.973224799386529, "errorThroughputRps": 6.9764183583652315, "totalThroughputRps": 11.94964315775176, "errorRate": 0.5838181329991945, "totalRequests": 11173, "successfulRequests": 4650, "failedRequests": 6523, "latencyMs": {"p50": 29933.567, "p95": 38731.775, "p99": 45449.215, "p999": 59703.295, "max": 70516.735, "mean": 30419.161912149735, "meanSuccessful": 31006.776822365595, "meanFailed": 30000.229563255252, "meanTotal": 30419.161912149735}, "errorsByType": {"SQLTransientConnectionException": 6523}, "firstErrorMessageByType": {"SQLTransientConnectionException": "HikariPool-1 - Connection is not available, request timed out after 30000ms (total=14, active=14, idle=0, waiting=360)"}, "appCpuMedian": 0.20020020020020018, "gcPauseMsTotal": 15}