{"runInfo": {"sut": "PGBOUNCER", "workload": "W5_HTAP", "loadMode": "open-loop", "targetRps": 4, "concurrency": 0, "poolSize": 20, "instanceId": 1, "totalInstances": 2, "configuredDbConnectionBudget": 100, "configuredReplicas": 2, "seed": 42, "durationSeconds": 900, "timestamp": "2026-05-30T22:02:30Z", "openLoopAttemptedOps": 4801, "openLoopMissedOpportunities": 0, "openLoopSchedulingDelayMs": 0.189905, "clientPooling": "hikari"}, "attemptedRps": 2.65754104022695, "achievedThroughputRps": 1.1534953195986457, "successfulThroughputRps": 1.1534953195986457, "errorThroughputRps": 1.5837498118097848, "totalThroughputRps": 2.7372451314084305, "errorRate": 0.5785926125640334, "totalRequests": 3709, "successfulRequests": 1563, "failedRequests": 2146, "latencyMs": {"p50": 26525.695, "p95": 60030.975, "p99": 60030.975, "p999": 64618.495, "max": 66191.359, "mean": 30094.490991520088, "meanSuccessful": 27608.257269353806, "meanFailed": 30000.261617165423, "meanTotal": 30094.490991520088}, "errorsByType": {"SQLTransientConnectionException": 2146}, "firstErrorMessageByType": {"SQLTransientConnectionException": "HikariPool-1 - Connection is not available, request timed out after 30000ms (total=9, active=9, idle=0, waiting=120)"}, "appCpuMedian": 0.10010010010010009, "gcPauseMsTotal": 7}