{"runInfo": {"sut": "PGBOUNCER", "workload": "W5_HTAP", "loadMode": "open-loop", "targetRps": 4, "concurrency": 0, "poolSize": 20, "instanceId": 0, "totalInstances": 16, "configuredDbConnectionBudget": 100, "configuredReplicas": 16, "seed": 42, "durationSeconds": 900, "timestamp": "2026-07-15T21:31:14Z", "openLoopAttemptedOps": 3601, "openLoopMissedOpportunities": 0, "openLoopSchedulingDelayMs": 0.0, "clientPooling": "hikari"}, "attemptedRps": 3.85130806507331, "achievedThroughputRps": 1.5283308039405052, "successfulThroughputRps": 1.5283308039405052, "errorThroughputRps": 2.4555965891164453, "totalThroughputRps": 3.9839273930569505, "errorRate": 0.6163758389261745, "totalRequests": 3725, "successfulRequests": 1429, "failedRequests": 2296, "latencyMs": {"p50": 31883.263, "p95": 52854.783, "p99": 97452.031, "p999": 108265.471, "max": 111607.807, "mean": 31765.94524312349, "meanSuccessful": 34603.17353114065, "meanFailed": 30000.246417421167, "meanTotal": 31765.94524312349}, "errorsByType": {"SQLTransientConnectionException": 2296}, "firstErrorMessageByType": {"SQLTransientConnectionException": "HikariPool-1 - Connection is not available, request timed out after 30000ms (total=9, active=9, idle=0, waiting=120)"}, "appCpuMedian": 0.025021894157387717, "gcPauseMsTotal": 2}