{"runInfo": {"sut": "HIKARI_DISCIPLINED", "workload": "W5_HTAP", "loadMode": "open-loop", "targetRps": 8, "concurrency": 0, "poolSize": 20, "instanceId": 2, "totalInstances": 4, "configuredDbConnectionBudget": 80, "configuredReplicas": 4, "seed": 42, "durationSeconds": 900, "timestamp": "2026-07-02T04:46:11Z", "openLoopAttemptedOps": 7201, "openLoopMissedOpportunities": 0, "openLoopSchedulingDelayMs": 0.0, "clientPooling": "hikari"}, "attemptedRps": 6.825534189755727, "achievedThroughputRps": 3.3156115255888814, "successfulThroughputRps": 3.3156115255888814, "errorThroughputRps": 3.742148171247828, "totalThroughputRps": 7.057759696836709, "errorRate": 0.5302175664786463, "totalRequests": 7446, "successfulRequests": 3498, "failedRequests": 3948, "latencyMs": {"p50": 28737.535, "p95": 86573.055, "p99": 195690.495, "p999": 212205.567, "max": 217317.375, "mean": 31611.675339419955, "meanSuccessful": 33430.446825614636, "meanFailed": 30000.207456084347, "meanTotal": 31611.675339419955}, "errorsByType": {"SQLTransientConnectionException": 3948}, "firstErrorMessageByType": {"SQLTransientConnectionException": "HikariPool-1 - Connection is not available, request timed out after 30000ms (total=20, active=20, idle=0, waiting=238)"}, "appCpuMedian": 0.15037593984962408, "gcPauseMsTotal": 15}