{"runInfo": {"sut": "PGBOUNCER", "workload": "W5_HTAP", "loadMode": "open-loop", "targetRps": 4, "concurrency": 0, "poolSize": 20, "instanceId": 10, "totalInstances": 16, "configuredDbConnectionBudget": 100, "configuredReplicas": 16, "seed": 42, "durationSeconds": 900, "timestamp": "2026-07-15T19:51:52Z", "openLoopAttemptedOps": 3601, "openLoopMissedOpportunities": 0, "openLoopSchedulingDelayMs": 0.0, "clientPooling": "hikari"}, "attemptedRps": 3.85130806507331, "achievedThroughputRps": 1.6256562785091448, "successfulThroughputRps": 1.6256562785091448, "errorThroughputRps": 2.35720160383826, "totalThroughputRps": 3.982857882347405, "errorRate": 0.5918367346938775, "totalRequests": 3724, "successfulRequests": 1520, "failedRequests": 2204, "latencyMs": {"p50": 31686.655, "p95": 47841.279, "p99": 74252.287, "p999": 110034.943, "max": 110821.375, "mean": 31666.005381433675, "meanSuccessful": 34081.54936842105, "meanFailed": 30000.3316732441, "meanTotal": 31666.005381433675}, "errorsByType": {"SQLTransientConnectionException": 2204}, "firstErrorMessageByType": {"SQLTransientConnectionException": "HikariPool-1 - Connection is not available, request timed out after 30000ms (total=7, active=7, idle=0, waiting=120)"}, "appCpuMedian": 0.03753753753753754, "gcPauseMsTotal": 2}