{"runInfo": {"sut": "HIKARI_DISCIPLINED", "workload": "W5_HTAP", "loadMode": "open-loop", "targetRps": 2, "concurrency": 0, "poolSize": 19, "instanceId": 13, "totalInstances": 16, "configuredDbConnectionBudget": 300, "configuredReplicas": 16, "seed": 42, "durationSeconds": 900, "timestamp": "2026-07-15T04:23:17Z", "openLoopAttemptedOps": 1801, "openLoopMissedOpportunities": 0, "openLoopSchedulingDelayMs": 0.0, "clientPooling": "hikari"}, "attemptedRps": 1.9261887878914277, "achievedThroughputRps": 0.918709699499576, "successfulThroughputRps": 0.918709699499576, "errorThroughputRps": 1.0010620241345787, "totalThroughputRps": 1.9197717236341547, "errorRate": 0.5214484679665738, "totalRequests": 1795, "successfulRequests": 859, "failedRequests": 936, "latencyMs": {"p50": 55.967, "p95": 145620.991, "p99": 515899.391, "p999": 608698.367, "max": 608698.367, "mean": 27035.000409363787, "meanSuccessful": 23803.333504074508, "meanFailed": 30000.342116891024, "meanTotal": 27035.000409363787}, "errorsByType": {"SQLTransientConnectionException": 936}, "firstErrorMessageByType": {"SQLTransientConnectionException": "HikariPool-1 - Connection is not available, request timed out after 30000ms (total=19, active=19, idle=0, waiting=38)"}, "appCpuMedian": 0.025025025025025023, "gcPauseMsTotal": 0}