{"runInfo": {"sut": "PGBOUNCER", "workload": "W5_HTAP", "loadMode": "open-loop", "targetRps": 3, "concurrency": 0, "poolSize": 20, "instanceId": 3, "totalInstances": 16, "configuredDbConnectionBudget": 100, "configuredReplicas": 16, "seed": 42, "durationSeconds": 900, "timestamp": "2026-07-15T14:51:17Z", "openLoopAttemptedOps": 2701, "openLoopMissedOpportunities": 0, "openLoopSchedulingDelayMs": 0.0, "clientPooling": "hikari"}, "attemptedRps": 2.8887484264823686, "achievedThroughputRps": 1.6919659425009654, "successfulThroughputRps": 1.6919659425009654, "errorThroughputRps": 1.2887604050023156, "totalThroughputRps": 2.980726347503281, "errorRate": 0.43236454969501253, "totalRequests": 2787, "successfulRequests": 1582, "failedRequests": 1205, "latencyMs": {"p50": 29736.959, "p95": 46301.183, "p99": 86179.839, "p999": 100401.151, "max": 106299.391, "mean": 30659.03761583531, "meanSuccessful": 31160.818932996204, "meanFailed": 30000.35427477842, "meanTotal": 30659.03761583531}, "errorsByType": {"SQLTransientConnectionException": 1205}, "firstErrorMessageByType": {"SQLTransientConnectionException": "HikariPool-1 - Connection is not available, request timed out after 30000ms (total=9, active=9, idle=0, waiting=86)"}, "appCpuMedian": 0.02502815667626079, "gcPauseMsTotal": 2}