{"runInfo": {"sut": "PGBOUNCER", "workload": "W5_HTAP", "loadMode": "open-loop", "targetRps": 3, "concurrency": 0, "poolSize": 20, "instanceId": 0, "totalInstances": 16, "configuredDbConnectionBudget": 100, "configuredReplicas": 16, "seed": 42, "durationSeconds": 900, "timestamp": "2026-07-15T16:32:08Z", "openLoopAttemptedOps": 2701, "openLoopMissedOpportunities": 0, "openLoopSchedulingDelayMs": 0.0, "clientPooling": "hikari"}, "attemptedRps": 2.8887515160330524, "achievedThroughputRps": 1.6064068038066066, "successfulThroughputRps": 1.6064068038066066, "errorThroughputRps": 1.3828788264460334, "totalThroughputRps": 2.98928563025264, "errorRate": 0.4626118067978533, "totalRequests": 2795, "successfulRequests": 1502, "failedRequests": 1293, "latencyMs": {"p50": 30130.175, "p95": 47546.367, "p99": 73727.999, "p999": 101187.583, "max": 109576.191, "mean": 31010.29323277173, "meanSuccessful": 31879.803227696404, "meanFailed": 30000.30158348183, "meanTotal": 31010.29323277173}, "errorsByType": {"SQLTransientConnectionException": 1293}, "firstErrorMessageByType": {"SQLTransientConnectionException": "HikariPool-1 - Connection is not available, request timed out after 30000ms (total=11, active=11, idle=0, waiting=88)"}, "appCpuMedian": 0.025021894157387717, "gcPauseMsTotal": 2}