{"runInfo": {"sut": "HIKARI_DISCIPLINED", "workload": "W5_HTAP", "loadMode": "open-loop", "targetRps": 12, "concurrency": 0, "poolSize": 20, "instanceId": 2, "totalInstances": 4, "configuredDbConnectionBudget": 80, "configuredReplicas": 4, "seed": 42, "durationSeconds": 900, "timestamp": "2026-07-12T09:34:59Z", "openLoopAttemptedOps": 10801, "openLoopMissedOpportunities": 0, "openLoopSchedulingDelayMs": 0.0, "clientPooling": "hikari"}, "attemptedRps": 11.55178517380084, "achievedThroughputRps": 3.74221797269967, "successfulThroughputRps": 3.74221797269967, "errorThroughputRps": 8.196730077956635, "totalThroughputRps": 11.938948050656306, "errorRate": 0.6865537937830333, "totalRequests": 11163, "successfulRequests": 3499, "failedRequests": 7664, "latencyMs": {"p50": 29474.815, "p95": 83165.183, "p99": 187301.887, "p999": 197656.575, "max": 200146.943, "mean": 31281.008269956466, "meanSuccessful": 34086.685859102596, "meanFailed": 30000.163900326723, "meanTotal": 31281.008269956466}, "errorsByType": {"SQLTransientConnectionException": 7664}, "firstErrorMessageByType": {"SQLTransientConnectionException": "HikariPool-1 - Connection is not available, request timed out after 30000ms (total=20, active=20, idle=0, waiting=360)"}, "appCpuMedian": 0.2001000500250125, "gcPauseMsTotal": 19}