{"runInfo": {"sut": "PGBOUNCER", "workload": "W5_HTAP", "loadMode": "open-loop", "targetRps": 2, "concurrency": 0, "poolSize": 20, "instanceId": 0, "totalInstances": 16, "configuredDbConnectionBudget": 100, "configuredReplicas": 16, "seed": 42, "durationSeconds": 900, "timestamp": "2026-07-15T01:38:28Z", "openLoopAttemptedOps": 1801, "openLoopMissedOpportunities": 0, "openLoopSchedulingDelayMs": 0.0, "clientPooling": "hikari"}, "attemptedRps": 1.9261887878914277, "achievedThroughputRps": 1.291968937130952, "successfulThroughputRps": 1.291968937130952, "errorThroughputRps": 0.6566795756609309, "totalThroughputRps": 1.948648512791883, "errorRate": 0.33699231613611413, "totalRequests": 1822, "successfulRequests": 1208, "failedRequests": 614, "latencyMs": {"p50": 26836.991, "p95": 48758.783, "p99": 92798.975, "p999": 113704.959, "max": 115605.503, "mean": 27402.756239164104, "meanSuccessful": 26082.27940728477, "meanFailed": 30000.342379965798, "meanTotal": 27402.756239164104}, "errorsByType": {"SQLTransientConnectionException": 614}, "firstErrorMessageByType": {"SQLTransientConnectionException": "HikariPool-1 - Connection is not available, request timed out after 30000ms (total=9, active=9, idle=0, waiting=49)"}, "appCpuMedian": 0.025015634771732333, "gcPauseMsTotal": 1}