{"runInfo": {"sut": "HIKARI_DISCIPLINED", "workload": "W5_HTAP", "loadMode": "open-loop", "targetRps": 2, "concurrency": 0, "poolSize": 19, "instanceId": 13, "totalInstances": 16, "configuredDbConnectionBudget": 300, "configuredReplicas": 16, "seed": 42, "durationSeconds": 900, "timestamp": "2026-07-15T02:44:17Z", "openLoopAttemptedOps": 1801, "openLoopMissedOpportunities": 0, "openLoopSchedulingDelayMs": 0.0, "clientPooling": "hikari"}, "attemptedRps": 1.9261887878914277, "achievedThroughputRps": 1.0470509846450349, "successfulThroughputRps": 1.0470509846450349, "errorThroughputRps": 0.8716512282795744, "totalThroughputRps": 1.9187022129246092, "errorRate": 0.45429208472686733, "totalRequests": 1794, "successfulRequests": 979, "failedRequests": 815, "latencyMs": {"p50": 207.231, "p95": 133758.975, "p99": 360972.287, "p999": 566231.039, "max": 566231.039, "mean": 25181.640957032887, "meanSuccessful": 21169.259257405516, "meanFailed": 30000.339038193866, "meanTotal": 25181.640957032887}, "errorsByType": {"SQLTransientConnectionException": 815}, "firstErrorMessageByType": {"SQLTransientConnectionException": "HikariPool-1 - Connection is not available, request timed out after 30001ms (total=19, active=19, idle=0, waiting=46)"}, "appCpuMedian": 0.02501876407305479, "gcPauseMsTotal": 0}