{"runInfo": {"sut": "HIKARI_DISCIPLINED", "workload": "W5_HTAP", "loadMode": "open-loop", "targetRps": 2, "concurrency": 0, "poolSize": 19, "instanceId": 12, "totalInstances": 16, "configuredDbConnectionBudget": 300, "configuredReplicas": 16, "seed": 42, "durationSeconds": 900, "timestamp": "2026-07-15T01:05:27Z", "openLoopAttemptedOps": 1801, "openLoopMissedOpportunities": 0, "openLoopSchedulingDelayMs": 0.0, "clientPooling": "hikari"}, "attemptedRps": 1.9261908479731682, "achievedThroughputRps": 1.1614898727922602, "successfulThroughputRps": 1.1614898727922602, "errorThroughputRps": 0.7625619514741082, "totalThroughputRps": 1.9240518242663684, "errorRate": 0.39633129516397997, "totalRequests": 1799, "successfulRequests": 1086, "failedRequests": 713, "latencyMs": {"p50": 5963.775, "p95": 141295.615, "p99": 427294.719, "p999": 590872.575, "max": 596115.455, "mean": 25736.084199180656, "meanSuccessful": 22935.94999723757, "meanFailed": 30000.29981331557, "meanTotal": 25736.084199180656}, "errorsByType": {"SQLTransientConnectionException": 713}, "firstErrorMessageByType": {"SQLTransientConnectionException": "HikariPool-1 - Connection is not available, request timed out after 30001ms (total=19, active=19, idle=0, waiting=46)"}, "appCpuMedian": 0.025015634771732333, "gcPauseMsTotal": 0}