{"runInfo": {"sut": "HIKARI_DISCIPLINED", "workload": "W5_HTAP", "loadMode": "open-loop", "targetRps": 8, "concurrency": 0, "poolSize": 20, "instanceId": 0, "totalInstances": 4, "configuredDbConnectionBudget": 80, "configuredReplicas": 4, "seed": 42, "durationSeconds": 900, "timestamp": "2026-07-12T03:17:49Z", "openLoopAttemptedOps": 7201, "openLoopMissedOpportunities": 0, "openLoopSchedulingDelayMs": 0.0, "clientPooling": "hikari"}, "attemptedRps": 7.701554856332473, "achievedThroughputRps": 3.4342025612669866, "successfulThroughputRps": 3.4342025612669866, "errorThroughputRps": 4.526174163588255, "totalThroughputRps": 7.960376724855242, "errorRate": 0.5685879349724573, "totalRequests": 7443, "successfulRequests": 3211, "failedRequests": 4232, "latencyMs": {"p50": 28770.303, "p95": 91029.503, "p99": 144441.343, "p999": 243531.775, "max": 244711.423, "mean": 31556.33978489977, "meanSuccessful": 33607.46442105263, "meanFailed": 30000.168254869564, "meanTotal": 31556.33978489977}, "errorsByType": {"SQLTransientConnectionException": 4232}, "firstErrorMessageByType": {"SQLTransientConnectionException": "HikariPool-1 - Connection is not available, request timed out after 30000ms (total=20, active=20, idle=0, waiting=240)"}, "appCpuMedian": 0.15030060120240482, "gcPauseMsTotal": 11}