{"runInfo": {"sut": "HIKARI_DISCIPLINED", "workload": "W5_HTAP", "loadMode": "open-loop", "targetRps": 4, "concurrency": 0, "poolSize": 19, "instanceId": 0, "totalInstances": 16, "configuredDbConnectionBudget": 300, "configuredReplicas": 16, "seed": 42, "durationSeconds": 900, "timestamp": "2026-07-15T22:37:17Z", "openLoopAttemptedOps": 3601, "openLoopMissedOpportunities": 0, "openLoopSchedulingDelayMs": 0.0, "clientPooling": "hikari"}, "attemptedRps": 3.8587987670667356, "achievedThroughputRps": 1.4342153954092274, "successfulThroughputRps": 1.4342153954092274, "errorThroughputRps": 2.5465077229450936, "totalThroughputRps": 3.980723118354321, "errorRate": 0.6397098334228909, "totalRequests": 3722, "successfulRequests": 1341, "failedRequests": 2381, "latencyMs": {"p50": 25214.975, "p95": 140378.111, "p99": 367263.743, "p999": 440926.207, "max": 441712.639, "mean": 31419.413512255236, "meanSuccessful": 33939.00175689784, "meanFailed": 30000.21555938597, "meanTotal": 31419.413512255236}, "errorsByType": {"SQLTransientConnectionException": 2381}, "firstErrorMessageByType": {"SQLTransientConnectionException": "HikariPool-1 - Connection is not available, request timed out after 30000ms (total=19, active=19, idle=0, waiting=112)"}, "appCpuMedian": 0.02501876407305479, "gcPauseMsTotal": 0}