{"runInfo": {"sut": "PGBOUNCER", "workload": "W5_HTAP", "loadMode": "open-loop", "targetRps": 3, "concurrency": 0, "poolSize": 20, "instanceId": 11, "totalInstances": 16, "configuredDbConnectionBudget": 100, "configuredReplicas": 16, "seed": 42, "durationSeconds": 900, "timestamp": "2026-07-15T16:32:17Z", "openLoopAttemptedOps": 2700, "openLoopMissedOpportunities": 0, "openLoopSchedulingDelayMs": 0.0, "clientPooling": "hikari"}, "attemptedRps": 2.8887515160330524, "achievedThroughputRps": 1.5593482822570124, "successfulThroughputRps": 1.5593482822570124, "errorThroughputRps": 1.4181727176082293, "totalThroughputRps": 2.9775209998652414, "errorRate": 0.47629310344827586, "totalRequests": 2784, "successfulRequests": 1458, "failedRequests": 1326, "latencyMs": {"p50": 29999.103, "p95": 47972.351, "p99": 76414.975, "p999": 107085.823, "max": 108527.615, "mean": 30267.020709260774, "meanSuccessful": 30509.53433196159, "meanFailed": 30000.352058677225, "meanTotal": 30267.020709260774}, "errorsByType": {"SQLTransientConnectionException": 1326}, "firstErrorMessageByType": {"SQLTransientConnectionException": "HikariPool-1 - Connection is not available, request timed out after 30000ms (total=12, active=12, idle=0, waiting=79)"}, "appCpuMedian": 0.025025025025025023, "gcPauseMsTotal": 1}