{"runInfo": {"sut": "PGBOUNCER", "workload": "W5_HTAP", "loadMode": "open-loop", "targetRps": 4, "concurrency": 0, "poolSize": 20, "instanceId": 8, "totalInstances": 16, "configuredDbConnectionBudget": 100, "configuredReplicas": 16, "seed": 42, "durationSeconds": 900, "timestamp": "2026-07-15T18:12:24Z", "openLoopAttemptedOps": 3601, "openLoopMissedOpportunities": 0, "openLoopSchedulingDelayMs": 0.0, "clientPooling": "hikari"}, "attemptedRps": 3.8513121840929365, "achievedThroughputRps": 1.7048018943193948, "successfulThroughputRps": 1.7048018943193948, "errorThroughputRps": 2.2727126884747264, "totalThroughputRps": 3.977514582794121, "errorRate": 0.571390158644797, "totalRequests": 3719, "successfulRequests": 1594, "failedRequests": 2125, "latencyMs": {"p50": 31440.895, "p95": 47546.367, "p99": 95682.559, "p999": 105578.495, "max": 106102.783, "mean": 31681.487888831944, "meanSuccessful": 33922.95518193225, "meanFailed": 30000.26458519106, "meanTotal": 31681.487888831944}, "errorsByType": {"SQLTransientConnectionException": 2125}, "firstErrorMessageByType": {"SQLTransientConnectionException": "HikariPool-1 - Connection is not available, request timed out after 30000ms (total=11, active=11, idle=0, waiting=120)"}, "appCpuMedian": 0.02501876407305479, "gcPauseMsTotal": 2}