{"runInfo": {"sut": "HIKARI_DISCIPLINED", "workload": "W5_HTAP", "loadMode": "open-loop", "targetRps": 8, "concurrency": 0, "poolSize": 38, "instanceId": 0, "totalInstances": 2, "configuredDbConnectionBudget": 75, "configuredReplicas": 2, "seed": 42, "durationSeconds": 900, "timestamp": "2026-05-31T00:48:27Z", "openLoopAttemptedOps": 9601, "openLoopMissedOpportunities": 0, "openLoopSchedulingDelayMs": 0.098869, "clientPooling": "hikari"}, "attemptedRps": 5.31951401132537, "achievedThroughputRps": 0.9136457194812441, "successfulThroughputRps": 0.9136457194812441, "errorThroughputRps": 4.58446462796243, "totalThroughputRps": 5.498110347443674, "errorRate": 0.8338255033557047, "totalRequests": 7450, "successfulRequests": 1238, "failedRequests": 6212, "latencyMs": {"p50": 27836.415, "p95": 60030.975, "p99": 60030.975, "p999": 60030.975, "max": 61865.983, "mean": 33339.67698873879, "meanSuccessful": 22316.498886914374, "meanFailed": 30000.275062805216, "meanTotal": 33339.67698873879}, "errorsByType": {"SQLTransientConnectionException": 6212}, "firstErrorMessageByType": {"SQLTransientConnectionException": "HikariPool-1 - Connection is not available, request timed out after 30000ms (total=38, active=38, idle=0, waiting=225)"}, "appCpuMedian": 0.1502253380070105, "gcPauseMsTotal": 12}