{"runInfo": {"sut": "PGBOUNCER", "workload": "W5_HTAP", "loadMode": "open-loop", "targetRps": 4, "concurrency": 0, "poolSize": 20, "instanceId": 7, "totalInstances": 16, "configuredDbConnectionBudget": 100, "configuredReplicas": 16, "seed": 42, "durationSeconds": 900, "timestamp": "2026-07-15T21:31:20Z", "openLoopAttemptedOps": 3601, "openLoopMissedOpportunities": 0, "openLoopSchedulingDelayMs": 0.0, "clientPooling": "hikari"}, "attemptedRps": 3.8513121840929365, "achievedThroughputRps": 1.5636263296706119, "successfulThroughputRps": 1.5636263296706119, "errorThroughputRps": 2.414957764976909, "totalThroughputRps": 3.978584094647521, "errorRate": 0.6069892473118279, "totalRequests": 3720, "successfulRequests": 1462, "failedRequests": 2258, "latencyMs": {"p50": 31080.447, "p95": 50135.039, "p99": 95223.807, "p999": 109969.407, "max": 110886.911, "mean": 31239.818395519356, "meanSuccessful": 33154.1977127223, "meanFailed": 30000.281625507967, "meanTotal": 31239.818395519356}, "errorsByType": {"SQLTransientConnectionException": 2258}, "firstErrorMessageByType": {"SQLTransientConnectionException": "HikariPool-1 - Connection is not available, request timed out after 30000ms (total=5, active=5, idle=0, waiting=120)"}, "appCpuMedian": 0.025031289111389236, "gcPauseMsTotal": 1}