{"runInfo": {"sut": "PGBOUNCER", "workload": "W5_HTAP", "loadMode": "open-loop", "targetRps": 3, "concurrency": 0, "poolSize": 20, "instanceId": 8, "totalInstances": 16, "configuredDbConnectionBudget": 100, "configuredReplicas": 16, "seed": 42, "durationSeconds": 900, "timestamp": "2026-07-15T09:53:06Z", "openLoopAttemptedOps": 2700, "openLoopMissedOpportunities": 0, "openLoopSchedulingDelayMs": 0.0, "clientPooling": "hikari"}, "attemptedRps": 2.8887484264823686, "achievedThroughputRps": 1.5069405897495955, "successfulThroughputRps": 1.5069405897495955, "errorThroughputRps": 1.4834113541395948, "totalThroughputRps": 2.9903519438891903, "errorRate": 0.49606580829756797, "totalRequests": 2796, "successfulRequests": 1409, "failedRequests": 1387, "latencyMs": {"p50": 31866.879, "p95": 48922.623, "p99": 76349.439, "p999": 102563.839, "max": 104202.239, "mean": 32035.191750134836, "meanSuccessful": 34038.21753867991, "meanFailed": 30000.294325697905, "meanTotal": 32035.191750134836}, "errorsByType": {"SQLTransientConnectionException": 1387}, "firstErrorMessageByType": {"SQLTransientConnectionException": "HikariPool-1 - Connection is not available, request timed out after 30000ms (total=11, active=11, idle=0, waiting=85)"}, "appCpuMedian": 0.025025025025025023, "gcPauseMsTotal": 1}