{"runInfo": {"sut": "PGBOUNCER", "workload": "W5_HTAP", "loadMode": "open-loop", "targetRps": 5, "concurrency": 0, "poolSize": 20, "instanceId": 1, "totalInstances": 4, "configuredDbConnectionBudget": 100, "configuredReplicas": 4, "seed": 42, "durationSeconds": 1800, "timestamp": "2026-05-22T18:40:18Z", "openLoopAttemptedOps": 10501, "openLoopMissedOpportunities": 0, "openLoopSchedulingDelayMs": 0.142204, "clientPooling": "hikari"}, "attemptedRps": 3.991551268218853, "achievedThroughputRps": 0.6607500710638919, "successfulThroughputRps": 0.6607500710638919, "errorThroughputRps": 3.3986500299554816, "totalThroughputRps": 4.059400101019373, "errorRate": 0.8372296263928337, "totalRequests": 9154, "successfulRequests": 1490, "failedRequests": 7664, "latencyMs": {"p50": 29474.815, "p95": 60030.975, "p99": 60030.975, "p999": 64749.567, "max": 66715.647, "mean": 30771.726099847172, "meanSuccessful": 32655.426346308723, "meanFailed": 30000.283430990345, "meanTotal": 30771.726099847172}, "errorsByType": {"SQLTransientConnectionException": 7664}, "firstErrorMessageByType": {"SQLTransientConnectionException": "HikariPool-1 - Connection is not available, request timed out after 30000ms (total=3, active=3, idle=0, waiting=150)"}, "appCpuMedian": 0.14992503748125938, "gcPauseMsTotal": 4040}