{"runInfo": {"sut": "HIKARI_DISCIPLINED", "workload": "W5_HTAP", "loadMode": "open-loop", "targetRps": 8, "concurrency": 0, "poolSize": 20, "instanceId": 0, "totalInstances": 4, "configuredDbConnectionBudget": 80, "configuredReplicas": 4, "seed": 42, "durationSeconds": 900, "timestamp": "2026-07-02T03:12:41Z", "openLoopAttemptedOps": 7200, "openLoopMissedOpportunities": 0, "openLoopSchedulingDelayMs": 0.0, "clientPooling": "hikari"}, "attemptedRps": 6.825534189755727, "achievedThroughputRps": 3.3317251322026635, "successfulThroughputRps": 3.3317251322026635, "errorThroughputRps": 3.7402524528226775, "totalThroughputRps": 7.071977585025341, "errorRate": 0.5288835276772551, "totalRequests": 7461, "successfulRequests": 3515, "failedRequests": 3946, "latencyMs": {"p50": 28590.079, "p95": 86441.983, "p99": 206307.327, "p999": 222035.967, "max": 223870.975, "mean": 31502.437209699503, "meanSuccessful": 33188.79672375533, "meanFailed": 30000.207194520022, "meanTotal": 31502.437209699503}, "errorsByType": {"SQLTransientConnectionException": 3946}, "firstErrorMessageByType": {"SQLTransientConnectionException": "HikariPool-1 - Connection is not available, request timed out after 30000ms (total=20, active=20, idle=0, waiting=240)"}, "appCpuMedian": 0.2001000500250125, "gcPauseMsTotal": 12}