{"runInfo": {"sut": "HIKARI_DISCIPLINED", "workload": "W5_HTAP", "loadMode": "open-loop", "targetRps": 12, "concurrency": 0, "poolSize": 20, "instanceId": 3, "totalInstances": 4, "configuredDbConnectionBudget": 80, "configuredReplicas": 4, "seed": 42, "durationSeconds": 900, "timestamp": "2026-07-02T15:44:18Z", "openLoopAttemptedOps": 10801, "openLoopMissedOpportunities": 0, "openLoopSchedulingDelayMs": 0.0, "clientPooling": "hikari"}, "attemptedRps": 10.237837059055476, "achievedThroughputRps": 3.2454730201098, "successfulThroughputRps": 3.2454730201098, "errorThroughputRps": 7.3525508811307585, "totalThroughputRps": 10.598023901240559, "errorRate": 0.6937662105357303, "totalRequests": 11181, "successfulRequests": 3424, "failedRequests": 7757, "latencyMs": {"p50": 29376.511, "p95": 87949.311, "p99": 208535.551, "p999": 216793.087, "max": 219021.311, "mean": 31388.17664003515, "meanSuccessful": 34532.77543341122, "meanFailed": 30000.19930943277, "meanTotal": 31388.17664003515}, "errorsByType": {"SQLTransientConnectionException": 7757}, "firstErrorMessageByType": {"SQLTransientConnectionException": "HikariPool-1 - Connection is not available, request timed out after 30000ms (total=20, active=20, idle=0, waiting=360)"}, "appCpuMedian": 0.20050125313283207, "gcPauseMsTotal": 17}