{"runInfo": {"sut": "HIKARI_DISCIPLINED", "workload": "W5_HTAP", "loadMode": "open-loop", "targetRps": 4, "concurrency": 0, "poolSize": 19, "instanceId": 15, "totalInstances": 16, "configuredDbConnectionBudget": 300, "configuredReplicas": 16, "seed": 42, "durationSeconds": 900, "timestamp": "2026-07-16T00:17:19Z", "openLoopAttemptedOps": 3600, "openLoopMissedOpportunities": 0, "openLoopSchedulingDelayMs": 0.0, "clientPooling": "hikari"}, "attemptedRps": 3.85130806507331, "achievedThroughputRps": 1.4588126078200485, "successfulThroughputRps": 1.4588126078200485, "errorThroughputRps": 2.496237996079174, "totalThroughputRps": 3.9550506038992226, "errorRate": 0.6311519740400217, "totalRequests": 3698, "successfulRequests": 1364, "failedRequests": 2334, "latencyMs": {"p50": 24854.527, "p95": 139984.895, "p99": 376700.927, "p999": 428343.295, "max": 440401.919, "mean": 31326.689529493513, "meanSuccessful": 33596.77314002933, "meanFailed": 30000.258368643532, "meanTotal": 31326.689529493513}, "errorsByType": {"SQLTransientConnectionException": 2334}, "firstErrorMessageByType": {"SQLTransientConnectionException": "HikariPool-1 - Connection is not available, request timed out after 30000ms (total=19, active=19, idle=0, waiting=99)"}, "appCpuMedian": 0.02502815667626079, "gcPauseMsTotal": 0}