{"runInfo": {"sut": "PGBOUNCER", "workload": "W5_HTAP", "loadMode": "open-loop", "targetRps": 4, "concurrency": 0, "poolSize": 20, "instanceId": 0, "totalInstances": 16, "configuredDbConnectionBudget": 100, "configuredReplicas": 16, "seed": 42, "durationSeconds": 900, "timestamp": "2026-07-15T23:10:44Z", "openLoopAttemptedOps": 3601, "openLoopMissedOpportunities": 0, "openLoopSchedulingDelayMs": 0.0, "clientPooling": "hikari"}, "attemptedRps": 3.8513121840929365, "achievedThroughputRps": 1.502664154026819, "successfulThroughputRps": 1.502664154026819, "errorThroughputRps": 2.466294333940103, "totalThroughputRps": 3.968958487966922, "errorRate": 0.621395850175155, "totalRequests": 3711, "successfulRequests": 1405, "failedRequests": 2306, "latencyMs": {"p50": 31850.495, "p95": 52232.191, "p99": 96010.239, "p999": 106954.751, "max": 108003.327, "mean": 31793.542375325786, "meanSuccessful": 34736.81617081851, "meanFailed": 30000.234468726365, "meanTotal": 31793.542375325786}, "errorsByType": {"SQLTransientConnectionException": 2306}, "firstErrorMessageByType": {"SQLTransientConnectionException": "HikariPool-1 - Connection is not available, request timed out after 30000ms (total=9, active=9, idle=0, waiting=109)"}, "appCpuMedian": 0.025021894157387717, "gcPauseMsTotal": 1}