{"runInfo": {"sut": "HIKARI_DISCIPLINED", "workload": "W5_HTAP", "loadMode": "open-loop", "targetRps": 4, "concurrency": 0, "poolSize": 19, "instanceId": 3, "totalInstances": 16, "configuredDbConnectionBudget": 300, "configuredReplicas": 16, "seed": 42, "durationSeconds": 900, "timestamp": "2026-07-16T00:17:10Z", "openLoopAttemptedOps": 3600, "openLoopMissedOpportunities": 0, "openLoopSchedulingDelayMs": 0.0, "clientPooling": "hikari"}, "attemptedRps": 3.8598641507496736, "achievedThroughputRps": 1.4149626687286834, "successfulThroughputRps": 1.4149626687286834, "errorThroughputRps": 2.5668257029091763, "totalThroughputRps": 3.9817883716378595, "errorRate": 0.6446414182111201, "totalRequests": 3723, "successfulRequests": 1323, "failedRequests": 2400, "latencyMs": {"p50": 25985.023, "p95": 143785.983, "p99": 383778.815, "p999": 440139.775, "max": 445644.799, "mean": 31431.14854289041, "meanSuccessful": 34027.341902494336, "meanFailed": 30000.265948631662, "meanTotal": 31431.14854289041}, "errorsByType": {"SQLTransientConnectionException": 2400}, "firstErrorMessageByType": {"SQLTransientConnectionException": "HikariPool-1 - Connection is not available, request timed out after 30000ms (total=19, active=19, idle=0, waiting=112)"}, "appCpuMedian": 0.02502815667626079, "gcPauseMsTotal": 0}