{"runInfo": {"sut": "HIKARI_DISCIPLINED", "workload": "W5_HTAP", "loadMode": "open-loop", "targetRps": 12, "concurrency": 0, "poolSize": 20, "instanceId": 0, "totalInstances": 4, "configuredDbConnectionBudget": 80, "configuredReplicas": 4, "seed": 42, "durationSeconds": 900, "timestamp": "2026-07-12T15:52:51Z", "openLoopAttemptedOps": 10801, "openLoopMissedOpportunities": 0, "openLoopSchedulingDelayMs": 0.0, "clientPooling": "hikari"}, "attemptedRps": 11.55178517380084, "achievedThroughputRps": 3.9796493502187684, "successfulThroughputRps": 3.9796493502187684, "errorThroughputRps": 7.957159679018447, "totalThroughputRps": 11.936809029237216, "errorRate": 0.6666069348624675, "totalRequests": 11161, "successfulRequests": 3721, "failedRequests": 7440, "latencyMs": {"p50": 29376.511, "p95": 81199.103, "p99": 185073.663, "p999": 194510.847, "max": 196214.783, "mean": 31161.202816587043, "meanSuccessful": 33482.54998253158, "meanFailed": 30000.178014630106, "meanTotal": 31161.202816587043}, "errorsByType": {"SQLTransientConnectionException": 7440}, "firstErrorMessageByType": {"SQLTransientConnectionException": "HikariPool-1 - Connection is not available, request timed out after 30000ms (total=20, active=20, idle=0, waiting=360)"}, "appCpuMedian": 0.20020020020020018, "gcPauseMsTotal": 16}