{"runInfo": {"sut": "HIKARI_DISCIPLINED", "workload": "W5_HTAP", "loadMode": "open-loop", "targetRps": 4, "concurrency": 0, "poolSize": 19, "instanceId": 4, "totalInstances": 16, "configuredDbConnectionBudget": 300, "configuredReplicas": 16, "seed": 42, "durationSeconds": 900, "timestamp": "2026-07-15T17:39:10Z", "openLoopAttemptedOps": 3600, "openLoopMissedOpportunities": 0, "openLoopSchedulingDelayMs": 0.0, "clientPooling": "hikari"}, "attemptedRps": 3.8523775757828553, "achievedThroughputRps": 1.4203102222764108, "successfulThroughputRps": 1.4203102222764108, "errorThroughputRps": 2.5539915743946304, "totalThroughputRps": 3.974301796671041, "errorRate": 0.6426264800861141, "totalRequests": 3716, "successfulRequests": 1328, "failedRequests": 2388, "latencyMs": {"p50": 25903.103, "p95": 149291.007, "p99": 329252.863, "p999": 449314.815, "max": 454295.551, "mean": 31936.457229790634, "meanSuccessful": 35417.664484186746, "meanFailed": 30000.228545718594, "meanTotal": 31936.457229790634}, "errorsByType": {"SQLTransientConnectionException": 2388}, "firstErrorMessageByType": {"SQLTransientConnectionException": "HikariPool-1 - Connection is not available, request timed out after 30000ms (total=19, active=19, idle=0, waiting=112)"}, "appCpuMedian": 0.02501876407305479, "gcPauseMsTotal": 0}