{"runInfo": {"sut": "PGBOUNCER", "workload": "W5_HTAP", "loadMode": "open-loop", "targetRps": 5, "concurrency": 0, "poolSize": 20, "instanceId": 0, "totalInstances": 4, "configuredDbConnectionBudget": 100, "configuredReplicas": 4, "seed": 42, "durationSeconds": 1800, "timestamp": "2026-05-22T22:44:59Z", "openLoopAttemptedOps": 10501, "openLoopMissedOpportunities": 0, "openLoopSchedulingDelayMs": 0.099941, "clientPooling": "hikari"}, "attemptedRps": 3.991549498140588, "achievedThroughputRps": 0.798664664609621, "successfulThroughputRps": 0.798664664609621, "errorThroughputRps": 3.2620640049241376, "totalThroughputRps": 4.060728669533758, "errorRate": 0.8033198645844709, "totalRequests": 9157, "successfulRequests": 1801, "failedRequests": 7356, "latencyMs": {"p50": 29294.591, "p95": 60030.975, "p99": 60030.975, "p999": 66191.359, "max": 67043.327, "mean": 30990.403503655456, "meanSuccessful": 32350.408137701277, "meanFailed": 30000.331888243065, "meanTotal": 30990.403503655456}, "errorsByType": {"SQLTransientConnectionException": 7356}, "firstErrorMessageByType": {"SQLTransientConnectionException": "HikariPool-1 - Connection is not available, request timed out after 30000ms (total=6, active=6, idle=0, waiting=150)"}, "appCpuMedian": 0.15037593984962408, "gcPauseMsTotal": 4848}