{"runInfo": {"sut": "HIKARI_DISCIPLINED", "workload": "W5_HTAP", "loadMode": "open-loop", "targetRps": 8, "concurrency": 0, "poolSize": 20, "instanceId": 3, "totalInstances": 4, "configuredDbConnectionBudget": 80, "configuredReplicas": 4, "seed": 42, "durationSeconds": 900, "timestamp": "2026-07-12T08:01:02Z", "openLoopAttemptedOps": 7200, "openLoopMissedOpportunities": 0, "openLoopSchedulingDelayMs": 0.0, "clientPooling": "hikari"}, "attemptedRps": 7.7015466194370745, "achievedThroughputRps": 3.744356994118761, "successfulThroughputRps": 3.744356994118761, "errorThroughputRps": 4.216011217028322, "totalThroughputRps": 7.960368211147083, "errorRate": 0.5296251511487303, "totalRequests": 7443, "successfulRequests": 3501, "failedRequests": 3942, "latencyMs": {"p50": 28671.999, "p95": 80412.671, "p99": 189005.823, "p999": 196739.071, "max": 199098.367, "mean": 31449.734123363025, "meanSuccessful": 33081.85678349043, "meanFailed": 30000.21050598478, "meanTotal": 31449.734123363025}, "errorsByType": {"SQLTransientConnectionException": 3942}, "firstErrorMessageByType": {"SQLTransientConnectionException": "HikariPool-1 - Connection is not available, request timed out after 30000ms (total=20, active=20, idle=0, waiting=240)"}, "appCpuMedian": 0.20020020020020018, "gcPauseMsTotal": 16}