{"runInfo": {"sut": "PGBOUNCER", "workload": "W5_HTAP", "loadMode": "open-loop", "targetRps": 4, "concurrency": 0, "poolSize": 20, "instanceId": 5, "totalInstances": 16, "configuredDbConnectionBudget": 100, "configuredReplicas": 16, "seed": 42, "durationSeconds": 900, "timestamp": "2026-07-15T19:51:48Z", "openLoopAttemptedOps": 3601, "openLoopMissedOpportunities": 0, "openLoopSchedulingDelayMs": 0.0, "clientPooling": "hikari"}, "attemptedRps": 3.8513121840929365, "achievedThroughputRps": 1.7433043210417902, "successfulThroughputRps": 1.7433043210417902, "errorThroughputRps": 2.234210261752331, "totalThroughputRps": 3.977514582794121, "errorRate": 0.561710137133638, "totalRequests": 3719, "successfulRequests": 1630, "failedRequests": 2089, "latencyMs": {"p50": 30441.471, "p95": 44171.263, "p99": 69074.943, "p999": 104923.135, "max": 105512.959, "mean": 30685.211294264856, "meanSuccessful": 31562.772652760737, "meanFailed": 30000.295305067975, "meanTotal": 30685.211294264856}, "errorsByType": {"SQLTransientConnectionException": 2089}, "firstErrorMessageByType": {"SQLTransientConnectionException": "HikariPool-1 - Connection is not available, request timed out after 30000ms (total=7, active=7, idle=0, waiting=120)"}, "appCpuMedian": 0.025025025025025023, "gcPauseMsTotal": 2}