{"runInfo": {"sut": "PGBOUNCER", "workload": "W5_HTAP", "loadMode": "open-loop", "targetRps": 8, "concurrency": 0, "poolSize": 20, "instanceId": 0, "totalInstances": 2, "configuredDbConnectionBudget": 100, "configuredReplicas": 2, "seed": 42, "durationSeconds": 900, "timestamp": "2026-05-31T06:23:24Z", "openLoopAttemptedOps": 9601, "openLoopMissedOpportunities": 0, "openLoopSchedulingDelayMs": 0.102383, "clientPooling": "hikari"}, "attemptedRps": 5.3143440796096275, "achievedThroughputRps": 1.190395361812294, "successfulThroughputRps": 1.190395361812294, "errorThroughputRps": 4.295164913668661, "totalThroughputRps": 5.485560275480956, "errorRate": 0.782994753127943, "totalRequests": 7433, "successfulRequests": 1613, "failedRequests": 5820, "latencyMs": {"p50": 28688.383, "p95": 60030.975, "p99": 60030.975, "p999": 60030.975, "max": 60030.975, "mean": 30642.058389234226, "meanSuccessful": 30244.42276813391, "meanFailed": 30000.272568420103, "meanTotal": 30642.058389234226}, "errorsByType": {"SQLTransientConnectionException": 5820}, "firstErrorMessageByType": {"SQLTransientConnectionException": "HikariPool-1 - Connection is not available, request timed out after 30000ms (total=6, active=6, idle=0, waiting=240)"}, "appCpuMedian": 0.15022533800701052, "gcPauseMsTotal": 6}