{"runInfo": {"sut": "PGBOUNCER", "workload": "W5_HTAP", "loadMode": "open-loop", "targetRps": 3, "concurrency": 0, "poolSize": 20, "instanceId": 3, "totalInstances": 16, "configuredDbConnectionBudget": 100, "configuredReplicas": 16, "seed": 42, "durationSeconds": 900, "timestamp": "2026-07-15T11:32:04Z", "openLoopAttemptedOps": 2701, "openLoopMissedOpportunities": 0, "openLoopSchedulingDelayMs": 0.0, "clientPooling": "hikari"}, "attemptedRps": 2.8887515160330524, "achievedThroughputRps": 1.7015933587591952, "successfulThroughputRps": 1.7015933587591952, "errorThroughputRps": 1.2769971529594464, "totalThroughputRps": 2.9785905117186413, "errorRate": 0.4287253141831239, "totalRequests": 2785, "successfulRequests": 1591, "failedRequests": 1194, "latencyMs": {"p50": 29720.575, "p95": 45580.287, "p99": 71237.631, "p999": 107282.431, "max": 114294.783, "mean": 30337.456829193176, "meanSuccessful": 30590.418584538027, "meanFailed": 30000.348389359293, "meanTotal": 30337.456829193176}, "errorsByType": {"SQLTransientConnectionException": 1194}, "firstErrorMessageByType": {"SQLTransientConnectionException": "HikariPool-1 - Connection is not available, request timed out after 30000ms (total=7, active=7, idle=0, waiting=90)"}, "appCpuMedian": 0.025025025025025023, "gcPauseMsTotal": 2}