{"runInfo": {"sut": "HIKARI_DISCIPLINED", "workload": "W5_HTAP", "loadMode": "open-loop", "targetRps": 3, "concurrency": 0, "poolSize": 19, "instanceId": 1, "totalInstances": 16, "configuredDbConnectionBudget": 300, "configuredReplicas": 16, "seed": 42, "durationSeconds": 900, "timestamp": "2026-07-15T09:19:23Z", "openLoopAttemptedOps": 2701, "openLoopMissedOpportunities": 0, "openLoopSchedulingDelayMs": 0.0, "clientPooling": "hikari"}, "attemptedRps": 2.898377122713651, "achievedThroughputRps": 1.2834142240798456, "successfulThroughputRps": 1.2834142240798456, "errorThroughputRps": 1.7015933587591952, "totalThroughputRps": 2.9850075828390406, "errorRate": 0.5700465782873522, "totalRequests": 2791, "successfulRequests": 1200, "failedRequests": 1591, "latencyMs": {"p50": 21610.495, "p95": 149553.151, "p99": 379060.223, "p999": 432799.743, "max": 439353.343, "mean": 30442.59549626836, "meanSuccessful": 31028.883425833334, "meanFailed": 30000.307445124454, "meanTotal": 30442.59549626836}, "errorsByType": {"SQLTransientConnectionException": 1591}, "firstErrorMessageByType": {"SQLTransientConnectionException": "HikariPool-1 - Connection is not available, request timed out after 30000ms (total=19, active=19, idle=0, waiting=80)"}, "appCpuMedian": 0.025021894157387717, "gcPauseMsTotal": 0}