{"runInfo": {"sut": "HIKARI_DISCIPLINED", "workload": "W5_HTAP", "loadMode": "open-loop", "targetRps": 3, "concurrency": 0, "poolSize": 19, "instanceId": 7, "totalInstances": 16, "configuredDbConnectionBudget": 300, "configuredReplicas": 16, "seed": 42, "durationSeconds": 900, "timestamp": "2026-07-15T15:57:06Z", "openLoopAttemptedOps": 2701, "openLoopMissedOpportunities": 0, "openLoopSchedulingDelayMs": 0.0, "clientPooling": "hikari"}, "attemptedRps": 2.898374022868278, "achievedThroughputRps": 1.243840955201405, "successfulThroughputRps": 1.243840955201405, "errorThroughputRps": 1.7411634351400578, "totalThroughputRps": 2.9850043903414627, "errorRate": 0.5833034754568255, "totalRequests": 2791, "successfulRequests": 1163, "failedRequests": 1628, "latencyMs": {"p50": 19906.559, "p95": 149946.367, "p99": 414187.519, "p999": 436207.615, "max": 439353.343, "mean": 30715.420618265136, "meanSuccessful": 31716.371995700774, "meanFailed": 30000.293711247545, "meanTotal": 30715.420618265136}, "errorsByType": {"SQLTransientConnectionException": 1628}, "firstErrorMessageByType": {"SQLTransientConnectionException": "HikariPool-1 - Connection is not available, request timed out after 30000ms (total=19, active=19, idle=0, waiting=80)"}, "appCpuMedian": 0.025021894157387717, "gcPauseMsTotal": 0}