{"runInfo": {"sut": "HIKARI_DISCIPLINED", "workload": "W5_HTAP", "loadMode": "open-loop", "targetRps": 4, "concurrency": 0, "poolSize": 19, "instanceId": 13, "totalInstances": 16, "configuredDbConnectionBudget": 300, "configuredReplicas": 16, "seed": 42, "durationSeconds": 900, "timestamp": "2026-07-15T22:37:28Z", "openLoopAttemptedOps": 3600, "openLoopMissedOpportunities": 0, "openLoopSchedulingDelayMs": 0.0, "clientPooling": "hikari"}, "attemptedRps": 3.8587987670667356, "achievedThroughputRps": 1.1679069439126595, "successfulThroughputRps": 1.1679069439126595, "errorThroughputRps": 2.8117466625882614, "totalThroughputRps": 3.979653606500921, "errorRate": 0.7065305025530771, "totalRequests": 3721, "successfulRequests": 1092, "failedRequests": 2629, "latencyMs": {"p50": 25542.655, "p95": 162136.063, "p99": 408420.351, "p999": 439353.343, "max": 439353.343, "mean": 32017.092581194305, "meanSuccessful": 36872.86831410257, "meanFailed": 30000.260300111833, "meanTotal": 32017.092581194305}, "errorsByType": {"SQLTransientConnectionException": 2629}, "firstErrorMessageByType": {"SQLTransientConnectionException": "HikariPool-1 - Connection is not available, request timed out after 30000ms (total=19, active=19, idle=0, waiting=112)"}, "appCpuMedian": 0.02502815667626079, "gcPauseMsTotal": 0}