{"runInfo": {"sut": "HIKARI_DISCIPLINED", "workload": "W5_HTAP", "loadMode": "open-loop", "targetRps": 2, "concurrency": 0, "poolSize": 19, "instanceId": 13, "totalInstances": 16, "configuredDbConnectionBudget": 300, "configuredReplicas": 16, "seed": 42, "durationSeconds": 900, "timestamp": "2026-07-15T01:05:28Z", "openLoopAttemptedOps": 1801, "openLoopMissedOpportunities": 0, "openLoopSchedulingDelayMs": 0.0, "clientPooling": "hikari"}, "attemptedRps": 1.9261887878914277, "achievedThroughputRps": 0.9497255100763952, "successfulThroughputRps": 0.9497255100763952, "errorThroughputRps": 0.9679071921386685, "totalThroughputRps": 1.9176327022150637, "errorRate": 0.5047406581148912, "totalRequests": 1793, "successfulRequests": 888, "failedRequests": 905, "latencyMs": {"p50": 150.527, "p95": 155713.535, "p99": 439091.199, "p999": 588251.135, "max": 588251.135, "mean": 26563.088698593976, "meanSuccessful": 23059.291059684685, "meanFailed": 30000.34041615359, "meanTotal": 26563.088698593976}, "errorsByType": {"SQLTransientConnectionException": 905}, "firstErrorMessageByType": {"SQLTransientConnectionException": "HikariPool-1 - Connection is not available, request timed out after 30000ms (total=19, active=19, idle=0, waiting=46)"}, "appCpuMedian": 0.02501876407305479, "gcPauseMsTotal": 0}