{"runInfo": {"sut": "PGBOUNCER", "workload": "W5_HTAP", "loadMode": "open-loop", "targetRps": 2, "concurrency": 0, "poolSize": 20, "instanceId": 2, "totalInstances": 16, "configuredDbConnectionBudget": 100, "configuredReplicas": 16, "seed": 42, "durationSeconds": 900, "timestamp": "2026-07-15T04:56:20Z", "openLoopAttemptedOps": 1801, "openLoopMissedOpportunities": 0, "openLoopSchedulingDelayMs": 0.0, "clientPooling": "hikari"}, "attemptedRps": 1.9360699178164658, "achievedThroughputRps": 1.4286712497379694, "successfulThroughputRps": 1.4286712497379694, "errorThroughputRps": 0.5310486059974092, "totalThroughputRps": 1.9597198557353788, "errorRate": 0.27098189797037847, "totalRequests": 1823, "successfulRequests": 1329, "failedRequests": 494, "latencyMs": {"p50": 26181.631, "p95": 42237.951, "p99": 79429.631, "p999": 123273.215, "max": 124387.327, "mean": 26197.490592928138, "meanSuccessful": 24784.25171708051, "meanFailed": 30000.41131320445, "meanTotal": 26197.490592928138}, "errorsByType": {"SQLTransientConnectionException": 494}, "firstErrorMessageByType": {"SQLTransientConnectionException": "HikariPool-1 - Connection is not available, request timed out after 30000ms (total=5, active=5, idle=0, waiting=47)"}, "appCpuMedian": 0.02501876407305479, "gcPauseMsTotal": 2}