{"runInfo": {"sut": "PGBOUNCER", "workload": "W5_HTAP", "loadMode": "open-loop", "targetRps": 2, "concurrency": 0, "poolSize": 20, "instanceId": 14, "totalInstances": 16, "configuredDbConnectionBudget": 100, "configuredReplicas": 16, "seed": 42, "durationSeconds": 900, "timestamp": "2026-07-15T04:56:29Z", "openLoopAttemptedOps": 1800, "openLoopMissedOpportunities": 0, "openLoopSchedulingDelayMs": 0.0, "clientPooling": "hikari"}, "attemptedRps": 1.9269863687915945, "achievedThroughputRps": 1.3674006548115811, "successfulThroughputRps": 1.3674006548115811, "errorThroughputRps": 0.6130833921807793, "totalThroughputRps": 1.9804840469923606, "errorRate": 0.3095623987034036, "totalRequests": 1851, "successfulRequests": 1278, "failedRequests": 573, "latencyMs": {"p50": 27328.511, "p95": 45187.071, "p99": 75563.007, "p999": 114819.071, "max": 125632.511, "mean": 27730.460667076175, "meanSuccessful": 26712.494291079813, "meanFailed": 30000.385550191975, "meanTotal": 27730.460667076175}, "errorsByType": {"SQLTransientConnectionException": 573}, "firstErrorMessageByType": {"SQLTransientConnectionException": "HikariPool-1 - Connection is not available, request timed out after 30000ms (total=11, active=11, idle=0, waiting=35)"}, "appCpuMedian": 0.02501876407305479, "gcPauseMsTotal": 2}