{"runInfo": {"sut": "PGBOUNCER", "workload": "W5_HTAP", "loadMode": "open-loop", "targetRps": 3, "concurrency": 0, "poolSize": 20, "instanceId": 0, "totalInstances": 16, "configuredDbConnectionBudget": 100, "configuredReplicas": 16, "seed": 42, "durationSeconds": 900, "timestamp": "2026-07-15T09:52:43Z", "openLoopAttemptedOps": 2701, "openLoopMissedOpportunities": 0, "openLoopSchedulingDelayMs": 0.0, "clientPooling": "hikari"}, "attemptedRps": 2.8887515160330524, "achievedThroughputRps": 1.5711129126444108, "successfulThroughputRps": 1.5711129126444108, "errorThroughputRps": 1.4021300398072312, "totalThroughputRps": 2.973242952451642, "errorRate": 0.47158273381294963, "totalRequests": 2780, "successfulRequests": 1469, "failedRequests": 1311, "latencyMs": {"p50": 30982.143, "p95": 49446.911, "p99": 93323.263, "p999": 107937.791, "max": 109445.119, "mean": 31500.21347255971, "meanSuccessful": 32839.08939414568, "meanFailed": 30000.27827810221, "meanTotal": 31500.21347255971}, "errorsByType": {"SQLTransientConnectionException": 1311}, "firstErrorMessageByType": {"SQLTransientConnectionException": "HikariPool-1 - Connection is not available, request timed out after 30000ms (total=11, active=11, idle=0, waiting=84)"}, "appCpuMedian": 0.025025025025025023, "gcPauseMsTotal": 1}