{"runInfo": {"sut": "HIKARI_DISCIPLINED", "workload": "W5_HTAP", "loadMode": "open-loop", "targetRps": 8, "concurrency": 0, "poolSize": 38, "instanceId": 1, "totalInstances": 2, "configuredDbConnectionBudget": 75, "configuredReplicas": 2, "seed": 42, "durationSeconds": 900, "timestamp": "2026-05-31T00:48:28Z", "openLoopAttemptedOps": 9601, "openLoopMissedOpportunities": 0, "openLoopSchedulingDelayMs": 0.124487, "clientPooling": "hikari"}, "attemptedRps": 5.355672126888914, "achievedThroughputRps": 0.8789590055291023, "successfulThroughputRps": 0.8789590055291023, "errorThroughputRps": 4.650881320608231, "totalThroughputRps": 5.529840326137333, "errorRate": 0.8410516482049913, "totalRequests": 7493, "successfulRequests": 1191, "failedRequests": 6302, "latencyMs": {"p50": 26640.383, "p95": 60030.975, "p99": 60030.975, "p999": 60030.975, "max": 61833.215, "mean": 32797.38635279874, "meanSuccessful": 19654.373933669187, "meanFailed": 30000.212212586004, "meanTotal": 32797.38635279874}, "errorsByType": {"SQLTransientConnectionException": 6302}, "firstErrorMessageByType": {"SQLTransientConnectionException": "HikariPool-1 - Connection is not available, request timed out after 30000ms (total=38, active=38, idle=0, waiting=225)"}, "appCpuMedian": 0.15007503751875936, "gcPauseMsTotal": 8}