{"runInfo": {"sut": "PGBOUNCER", "workload": "W5_HTAP", "loadMode": "open-loop", "targetRps": 12, "concurrency": 0, "poolSize": 20, "instanceId": 0, "totalInstances": 4, "configuredDbConnectionBudget": 100, "configuredReplicas": 4, "seed": 42, "durationSeconds": 900, "timestamp": "2026-07-05T16:58:06Z", "openLoopAttemptedOps": 10801, "openLoopMissedOpportunities": 0, "openLoopSchedulingDelayMs": 0.0, "clientPooling": "hikari"}, "attemptedRps": 11.551772819056094, "achievedThroughputRps": 5.022416920496937, "successfulThroughputRps": 5.022416920496937, "errorThroughputRps": 6.922935418734385, "totalThroughputRps": 11.945352339231322, "errorRate": 0.5795505416778584, "totalRequests": 11169, "successfulRequests": 4696, "failedRequests": 6473, "latencyMs": {"p50": 29949.951, "p95": 38338.559, "p99": 45219.839, "p999": 61341.695, "max": 66879.487, "mean": 30561.70266182872, "meanSuccessful": 31335.55483475298, "meanFailed": 30000.24194040831, "meanTotal": 30561.70266182872}, "errorsByType": {"SQLTransientConnectionException": 6473}, "firstErrorMessageByType": {"SQLTransientConnectionException": "HikariPool-1 - Connection is not available, request timed out after 30000ms (total=10, active=10, idle=0, waiting=360)"}, "appCpuMedian": 0.20030045067601399, "gcPauseMsTotal": 12}