{"runInfo": {"sut": "HIKARI_DISCIPLINED", "workload": "W5_HTAP", "loadMode": "open-loop", "targetRps": 3, "concurrency": 0, "poolSize": 19, "instanceId": 1, "totalInstances": 16, "configuredDbConnectionBudget": 300, "configuredReplicas": 16, "seed": 42, "durationSeconds": 900, "timestamp": "2026-07-15T14:17:50Z", "openLoopAttemptedOps": 2701, "openLoopMissedOpportunities": 0, "openLoopSchedulingDelayMs": 0.0, "clientPooling": "hikari"}, "attemptedRps": 2.895165490739642, "achievedThroughputRps": 1.4256577758241382, "successfulThroughputRps": 1.4256577758241382, "errorThroughputRps": 1.5561380823886881, "totalThroughputRps": 2.9817958582128266, "errorRate": 0.5218794835007173, "totalRequests": 2788, "successfulRequests": 1333, "failedRequests": 1455, "latencyMs": {"p50": 23330.815, "p95": 140509.183, "p99": 319029.247, "p999": 431751.167, "max": 437780.479, "mean": 30685.11658518472, "meanSuccessful": 31432.608791447863, "meanFailed": 30000.310629507218, "meanTotal": 30685.11658518472}, "errorsByType": {"SQLTransientConnectionException": 1455}, "firstErrorMessageByType": {"SQLTransientConnectionException": "HikariPool-1 - Connection is not available, request timed out after 30000ms (total=19, active=19, idle=0, waiting=80)"}, "appCpuMedian": 0.025021894157387717, "gcPauseMsTotal": 0}