{"runInfo": {"sut": "HIKARI_DISCIPLINED", "workload": "W5_HTAP", "loadMode": "open-loop", "targetRps": 8, "concurrency": 0, "poolSize": 20, "instanceId": 3, "totalInstances": 4, "configuredDbConnectionBudget": 80, "configuredReplicas": 4, "seed": 42, "durationSeconds": 900, "timestamp": "2026-07-12T01:43:30Z", "openLoopAttemptedOps": 7200, "openLoopMissedOpportunities": 0, "openLoopSchedulingDelayMs": 0.0, "clientPooling": "hikari"}, "attemptedRps": 7.701554856332473, "achievedThroughputRps": 3.2427599395084097, "successfulThroughputRps": 3.2427599395084097, "errorThroughputRps": 4.716547273493433, "totalThroughputRps": 7.959307213001842, "errorRate": 0.5925826390755173, "totalRequests": 7442, "successfulRequests": 3032, "failedRequests": 4410, "latencyMs": {"p50": 28917.759, "p95": 96927.743, "p99": 117047.295, "p999": 239468.543, "max": 244056.063, "mean": 31658.185500536147, "meanSuccessful": 34069.80092381266, "meanFailed": 30000.211017323356, "meanTotal": 31658.185500536147}, "errorsByType": {"SQLTransientConnectionException": 4410}, "firstErrorMessageByType": {"SQLTransientConnectionException": "HikariPool-1 - Connection is not available, request timed out after 30000ms (total=20, active=20, idle=0, waiting=240)"}, "appCpuMedian": 0.1502253380070105, "gcPauseMsTotal": 16}