{"runInfo": {"sut": "HIKARI_DISCIPLINED", "workload": "W5_HTAP", "loadMode": "open-loop", "targetRps": 4, "concurrency": 0, "poolSize": 19, "instanceId": 1, "totalInstances": 16, "configuredDbConnectionBudget": 300, "configuredReplicas": 16, "seed": 42, "durationSeconds": 900, "timestamp": "2026-07-15T19:18:31Z", "openLoopAttemptedOps": 3601, "openLoopMissedOpportunities": 0, "openLoopSchedulingDelayMs": 0.0, "clientPooling": "hikari"}, "attemptedRps": 3.858794640040128, "achievedThroughputRps": 1.3144286620314074, "successfulThroughputRps": 1.3144286620314074, "errorThroughputRps": 2.6652206881873615, "totalThroughputRps": 3.9796493502187684, "errorRate": 0.6697124428916957, "totalRequests": 3721, "successfulRequests": 1229, "failedRequests": 2492, "latencyMs": {"p50": 26116.095, "p95": 161742.847, "p99": 382468.095, "p999": 446431.231, "max": 448004.095, "mean": 31816.55106667509, "meanSuccessful": 35498.986611065906, "meanFailed": 30000.282449681377, "meanTotal": 31816.55106667509}, "errorsByType": {"SQLTransientConnectionException": 2492}, "firstErrorMessageByType": {"SQLTransientConnectionException": "HikariPool-1 - Connection is not available, request timed out after 30000ms (total=19, active=19, idle=0, waiting=112)"}, "appCpuMedian": 0.02502815667626079, "gcPauseMsTotal": 0}