{"runInfo": {"sut": "PGBOUNCER", "workload": "W5_HTAP", "loadMode": "open-loop", "targetRps": 3, "concurrency": 0, "poolSize": 20, "instanceId": 3, "totalInstances": 16, "configuredDbConnectionBudget": 100, "configuredReplicas": 16, "seed": 42, "durationSeconds": 900, "timestamp": "2026-07-15T16:32:12Z", "openLoopAttemptedOps": 2701, "openLoopMissedOpportunities": 0, "openLoopSchedulingDelayMs": 0.0, "clientPooling": "hikari"}, "attemptedRps": 2.8887515160330524, "achievedThroughputRps": 1.4566751443306247, "successfulThroughputRps": 1.4566751443306247, "errorThroughputRps": 1.5101507370006182, "totalThroughputRps": 2.9668258813312427, "errorRate": 0.5090122566690699, "totalRequests": 2774, "successfulRequests": 1362, "failedRequests": 1412, "latencyMs": {"p50": 30507.007, "p95": 49446.911, "p99": 85393.407, "p999": 105906.175, "max": 116129.791, "mean": 31396.85696346215, "meanSuccessful": 32844.3784082232, "meanFailed": 30000.334349944053, "meanTotal": 31396.85696346215}, "errorsByType": {"SQLTransientConnectionException": 1412}, "firstErrorMessageByType": {"SQLTransientConnectionException": "HikariPool-1 - Connection is not available, request timed out after 30000ms (total=12, active=12, idle=0, waiting=66)"}, "appCpuMedian": 0.02502815667626079, "gcPauseMsTotal": 2}