{"runInfo": {"sut": "HIKARI_DISCIPLINED", "workload": "W5_HTAP", "loadMode": "open-loop", "targetRps": 12, "concurrency": 0, "poolSize": 20, "instanceId": 0, "totalInstances": 4, "configuredDbConnectionBudget": 80, "configuredReplicas": 4, "seed": 42, "durationSeconds": 900, "timestamp": "2026-07-12T11:09:36Z", "openLoopAttemptedOps": 10801, "openLoopMissedOpportunities": 0, "openLoopSchedulingDelayMs": 0.0, "clientPooling": "hikari"}, "attemptedRps": 11.55179752857201, "achievedThroughputRps": 4.263074247651887, "successfulThroughputRps": 4.263074247651887, "errorThroughputRps": 7.675886571850876, "totalThroughputRps": 11.938960819502762, "errorRate": 0.642927528442175, "totalRequests": 11163, "successfulRequests": 3986, "failedRequests": 7177, "latencyMs": {"p50": 29343.743, "p95": 79888.383, "p99": 181272.575, "p999": 195821.567, "max": 197787.647, "mean": 31208.44456056804, "meanSuccessful": 33384.14773130958, "meanFailed": 30000.168625240767, "meanTotal": 31208.44456056804}, "errorsByType": {"SQLTransientConnectionException": 7177}, "firstErrorMessageByType": {"SQLTransientConnectionException": "HikariPool-1 - Connection is not available, request timed out after 30000ms (total=20, active=20, idle=0, waiting=359)"}, "appCpuMedian": 0.20020020020020018, "gcPauseMsTotal": 17}