{"runInfo": {"sut": "PGBOUNCER", "workload": "W5_HTAP", "loadMode": "open-loop", "targetRps": 12, "concurrency": 0, "poolSize": 20, "instanceId": 2, "totalInstances": 4, "configuredDbConnectionBudget": 100, "configuredReplicas": 4, "seed": 42, "durationSeconds": 900, "timestamp": "2026-07-02T14:41:00Z", "openLoopAttemptedOps": 10801, "openLoopMissedOpportunities": 0, "openLoopSchedulingDelayMs": 0.0, "clientPooling": "hikari"}, "attemptedRps": 10.237807947026145, "achievedThroughputRps": 3.8587275393337133, "successfulThroughputRps": 3.8587275393337133, "errorThroughputRps": 6.733579081165979, "totalThroughputRps": 10.592306620499691, "errorRate": 0.6357046979865771, "totalRequests": 11175, "successfulRequests": 4071, "failedRequests": 7104, "latencyMs": {"p50": 29949.951, "p95": 40140.799, "p99": 46235.647, "p999": 64716.799, "max": 68157.439, "mean": 30535.25257858085, "meanSuccessful": 31468.86189142717, "meanFailed": 30000.231418541527, "meanTotal": 30535.25257858085}, "errorsByType": {"SQLTransientConnectionException": 7104}, "firstErrorMessageByType": {"SQLTransientConnectionException": "HikariPool-1 - Connection is not available, request timed out after 30000ms (total=14, active=14, idle=0, waiting=360)"}, "appCpuMedian": 0.20030045067601399, "gcPauseMsTotal": 12}