{"runInfo": {"sut": "HIKARI_DISCIPLINED", "workload": "W5_HTAP", "loadMode": "open-loop", "targetRps": 12, "concurrency": 0, "poolSize": 20, "instanceId": 0, "totalInstances": 4, "configuredDbConnectionBudget": 80, "configuredReplicas": 4, "seed": 42, "durationSeconds": 900, "timestamp": "2026-07-05T16:26:26Z", "openLoopAttemptedOps": 10801, "openLoopMissedOpportunities": 0, "openLoopSchedulingDelayMs": 0.0, "clientPooling": "hikari"}, "attemptedRps": 11.55179752857201, "achievedThroughputRps": 4.177513299379897, "successfulThroughputRps": 4.177513299379897, "errorThroughputRps": 7.761447520122866, "totalThroughputRps": 11.938960819502762, "errorRate": 0.6500940607363612, "totalRequests": 11163, "successfulRequests": 3906, "failedRequests": 7257, "latencyMs": {"p50": 29261.823, "p95": 77463.551, "p99": 173801.471, "p999": 183631.871, "max": 185729.023, "mean": 31091.517376273496, "meanSuccessful": 33118.96630414747, "meanFailed": 30000.23593342869, "meanTotal": 31091.517376273496}, "errorsByType": {"SQLTransientConnectionException": 7257}, "firstErrorMessageByType": {"SQLTransientConnectionException": "HikariPool-1 - Connection is not available, request timed out after 30000ms (total=20, active=20, idle=0, waiting=359)"}, "appCpuMedian": 0.250501002004008, "gcPauseMsTotal": 20}