{"runInfo": {"sut": "PGBOUNCER", "workload": "W5_HTAP", "loadMode": "open-loop", "targetRps": 12, "concurrency": 0, "poolSize": 20, "instanceId": 3, "totalInstances": 4, "configuredDbConnectionBudget": 100, "configuredReplicas": 4, "seed": 42, "durationSeconds": 900, "timestamp": "2026-07-02T09:58:57Z", "openLoopAttemptedOps": 10801, "openLoopMissedOpportunities": 0, "openLoopSchedulingDelayMs": 0.0, "clientPooling": "hikari"}, "attemptedRps": 10.238613440917295, "achievedThroughputRps": 4.054305127932901, "successfulThroughputRps": 4.054305127932901, "errorThroughputRps": 6.535043149864255, "totalThroughputRps": 10.589348277797157, "errorRate": 0.6171336496285024, "totalRequests": 11171, "successfulRequests": 4277, "failedRequests": 6894, "latencyMs": {"p50": 29933.567, "p95": 39059.455, "p99": 44597.247, "p999": 64815.103, "max": 75956.223, "mean": 30387.941802994537, "meanSuccessful": 31012.90656441431, "meanFailed": 30000.241006770528, "meanTotal": 30387.941802994537}, "errorsByType": {"SQLTransientConnectionException": 6894}, "firstErrorMessageByType": {"SQLTransientConnectionException": "HikariPool-1 - Connection is not available, request timed out after 30000ms (total=10, active=10, idle=0, waiting=360)"}, "appCpuMedian": 0.20030045067601399, "gcPauseMsTotal": 12}