{"runInfo": {"sut": "PGBOUNCER", "workload": "W5_HTAP", "loadMode": "open-loop", "targetRps": 4, "concurrency": 0, "poolSize": 20, "instanceId": 4, "totalInstances": 16, "configuredDbConnectionBudget": 100, "configuredReplicas": 16, "seed": 42, "durationSeconds": 900, "timestamp": "2026-07-15T19:51:47Z", "openLoopAttemptedOps": 3600, "openLoopMissedOpportunities": 0, "openLoopSchedulingDelayMs": 0.0, "clientPooling": "hikari"}, "attemptedRps": 3.85130806507331, "achievedThroughputRps": 1.5850148715464163, "successfulThroughputRps": 1.5850148715464163, "errorThroughputRps": 2.380730839448261, "totalThroughputRps": 3.9657457109946774, "errorRate": 0.6003236245954693, "totalRequests": 3708, "successfulRequests": 1482, "failedRequests": 2226, "latencyMs": {"p50": 31358.975, "p95": 48660.479, "p99": 76808.191, "p999": 106430.463, "max": 113377.279, "mean": 31462.520693636194, "meanSuccessful": 33658.96673684211, "meanFailed": 30000.310297313565, "meanTotal": 31462.520693636194}, "errorsByType": {"SQLTransientConnectionException": 2226}, "firstErrorMessageByType": {"SQLTransientConnectionException": "HikariPool-1 - Connection is not available, request timed out after 30000ms (total=10, active=10, idle=0, waiting=120)"}, "appCpuMedian": 0.0375234521575985, "gcPauseMsTotal": 1}