{"runInfo": {"sut": "PGBOUNCER", "workload": "W5_HTAP", "loadMode": "open-loop", "targetRps": 8, "concurrency": 0, "poolSize": 20, "instanceId": 0, "totalInstances": 4, "configuredDbConnectionBudget": 100, "configuredReplicas": 4, "seed": 42, "durationSeconds": 900, "timestamp": "2026-07-05T09:08:41Z", "openLoopAttemptedOps": 7201, "openLoopMissedOpportunities": 0, "openLoopSchedulingDelayMs": 0.0, "clientPooling": "hikari"}, "attemptedRps": 7.7188830183501675, "achievedThroughputRps": 4.772179863587689, "successfulThroughputRps": 4.772179863587689, "errorThroughputRps": 3.2082511976006183, "totalThroughputRps": 7.980431061188307, "errorRate": 0.4020147750167898, "totalRequests": 7445, "successfulRequests": 4452, "failedRequests": 2993, "latencyMs": {"p50": 29523.967, "p95": 37912.575, "p99": 43843.583, "p999": 57966.591, "max": 64880.639, "mean": 29858.872872071726, "meanSuccessful": 29763.771723270438, "meanFailed": 30000.226963879053, "meanTotal": 29858.872872071726}, "errorsByType": {"SQLTransientConnectionException": 2993}, "firstErrorMessageByType": {"SQLTransientConnectionException": "HikariPool-1 - Connection is not available, request timed out after 30000ms (total=4, active=4, idle=0, waiting=240)"}, "appCpuMedian": 0.15026296960470764, "gcPauseMsTotal": 12}