{"runInfo": {"sut": "PGBOUNCER", "workload": "W5_HTAP", "loadMode": "open-loop", "targetRps": 2, "concurrency": 0, "poolSize": 20, "instanceId": 12, "totalInstances": 16, "configuredDbConnectionBudget": 100, "configuredReplicas": 16, "seed": 42, "durationSeconds": 900, "timestamp": "2026-07-15T08:13:59Z", "openLoopAttemptedOps": 1801, "openLoopMissedOpportunities": 0, "openLoopSchedulingDelayMs": 0.0, "clientPooling": "hikari"}, "attemptedRps": 1.9276298608167757, "achievedThroughputRps": 1.4984352055210917, "successfulThroughputRps": 1.4984352055210917, "errorThroughputRps": 0.43133527701785707, "totalThroughputRps": 1.9297704825389486, "errorRate": 0.223516361619523, "totalRequests": 1803, "successfulRequests": 1400, "failedRequests": 403, "latencyMs": {"p50": 25624.575, "p95": 42827.775, "p99": 73596.927, "p999": 98631.679, "max": 102301.695, "mean": 25093.430515513588, "meanSuccessful": 23680.824834285715, "meanFailed": 30000.42179695037, "meanTotal": 25093.430515513588}, "errorsByType": {"SQLTransientConnectionException": 403}, "firstErrorMessageByType": {"SQLTransientConnectionException": "HikariPool-1 - Connection is not available, request timed out after 30000ms (total=6, active=6, idle=0, waiting=43)"}, "appCpuMedian": 0.02501719942239356, "gcPauseMsTotal": 2}