{"runInfo": {"sut": "HIKARI_DISCIPLINED", "workload": "W5_HTAP", "loadMode": "open-loop", "targetRps": 2, "concurrency": 0, "poolSize": 19, "instanceId": 0, "totalInstances": 16, "configuredDbConnectionBudget": 300, "configuredReplicas": 16, "seed": 42, "durationSeconds": 900, "timestamp": "2026-07-15T04:23:06Z", "openLoopAttemptedOps": 1800, "openLoopMissedOpportunities": 0, "openLoopSchedulingDelayMs": 0.0, "clientPooling": "hikari"}, "attemptedRps": 1.9261887878914277, "achievedThroughputRps": 1.0973179879936727, "successfulThroughputRps": 1.0973179879936727, "errorThroughputRps": 0.8235232463500274, "totalThroughputRps": 1.9208412343437002, "errorRate": 0.4287305122494432, "totalRequests": 1796, "successfulRequests": 1026, "failedRequests": 770, "latencyMs": {"p50": 86.655, "p95": 132907.007, "p99": 322699.263, "p999": 550502.399, "max": 592969.727, "mean": 23832.795562163697, "meanSuccessful": 19204.373612085772, "meanFailed": 30000.295404193508, "meanTotal": 23832.795562163697}, "errorsByType": {"SQLTransientConnectionException": 770}, "firstErrorMessageByType": {"SQLTransientConnectionException": "HikariPool-1 - Connection is not available, request timed out after 30000ms (total=19, active=19, idle=0, waiting=46)"}, "appCpuMedian": 0.02501876407305479, "gcPauseMsTotal": 0}