{"runInfo": {"sut": "HIKARI_DISCIPLINED", "workload": "W5_HTAP", "loadMode": "open-loop", "targetRps": 3, "concurrency": 0, "poolSize": 19, "instanceId": 10, "totalInstances": 16, "configuredDbConnectionBudget": 300, "configuredReplicas": 16, "seed": 42, "durationSeconds": 900, "timestamp": "2026-07-15T12:38:02Z", "openLoopAttemptedOps": 2701, "openLoopMissedOpportunities": 0, "openLoopSchedulingDelayMs": 0.0, "clientPooling": "hikari"}, "attemptedRps": 2.898377122713651, "achievedThroughputRps": 1.3839483382994333, "successfulThroughputRps": 1.3839483382994333, "errorThroughputRps": 1.603198268246407, "totalThroughputRps": 2.9871466065458403, "errorRate": 0.5366988900823487, "totalRequests": 2793, "successfulRequests": 1294, "failedRequests": 1499, "latencyMs": {"p50": 21397.503, "p95": 140771.327, "p99": 394788.863, "p999": 438304.767, "max": 439877.631, "mean": 30116.75396526459, "meanSuccessful": 30251.375833075737, "meanFailed": 30000.250509338894, "meanTotal": 30116.75396526459}, "errorsByType": {"SQLTransientConnectionException": 1499}, "firstErrorMessageByType": {"SQLTransientConnectionException": "HikariPool-1 - Connection is not available, request timed out after 30000ms (total=19, active=19, idle=0, waiting=80)"}, "appCpuMedian": 0.02501876407305479, "gcPauseMsTotal": 0}