{"runInfo": {"sut": "HIKARI_DISCIPLINED", "workload": "W5_HTAP", "loadMode": "open-loop", "targetRps": 2, "concurrency": 0, "poolSize": 19, "instanceId": 15, "totalInstances": 16, "configuredDbConnectionBudget": 300, "configuredReplicas": 16, "seed": 42, "durationSeconds": 900, "timestamp": "2026-07-15T04:23:18Z", "openLoopAttemptedOps": 1801, "openLoopMissedOpportunities": 0, "openLoopSchedulingDelayMs": 0.0, "clientPooling": "hikari"}, "attemptedRps": 1.9261887878914277, "achievedThroughputRps": 1.0470509846450349, "successfulThroughputRps": 1.0470509846450349, "errorThroughputRps": 0.8780682925368474, "totalThroughputRps": 1.9251192771818821, "errorRate": 0.45611111111111113, "totalRequests": 1800, "successfulRequests": 979, "failedRequests": 821, "latencyMs": {"p50": 2289.663, "p95": 160432.127, "p99": 461373.439, "p999": 566231.039, "max": 566231.039, "mean": 26705.854162081665, "meanSuccessful": 23942.779960163432, "meanFailed": 30000.343637773447, "meanTotal": 26705.854162081665}, "errorsByType": {"SQLTransientConnectionException": 821}, "firstErrorMessageByType": {"SQLTransientConnectionException": "HikariPool-1 - Connection is not available, request timed out after 30001ms (total=19, active=19, idle=0, waiting=46)"}, "appCpuMedian": 0.025025025025025023, "gcPauseMsTotal": 0}