{"runInfo": {"sut": "HIKARI_DISCIPLINED", "workload": "W5_HTAP", "loadMode": "open-loop", "targetRps": 2, "concurrency": 0, "poolSize": 19, "instanceId": 6, "totalInstances": 16, "configuredDbConnectionBudget": 300, "configuredReplicas": 16, "seed": 42, "durationSeconds": 900, "timestamp": "2026-07-15T07:40:36Z", "openLoopAttemptedOps": 1801, "openLoopMissedOpportunities": 0, "openLoopSchedulingDelayMs": 0.0, "clientPooling": "hikari"}, "attemptedRps": 1.9261908479731682, "achievedThroughputRps": 1.4930385473462202, "successfulThroughputRps": 1.4930385473462202, "errorThroughputRps": 0.42138767023954926, "totalThroughputRps": 1.9144262175857696, "errorRate": 0.2201117318435754, "totalRequests": 1790, "successfulRequests": 1396, "failedRequests": 394, "latencyMs": {"p50": 47.295, "p95": 47874.047, "p99": 228458.495, "p999": 421789.695, "max": 429129.727, "mean": 17616.27603189888, "meanSuccessful": 14120.819676934098, "meanFailed": 30000.309728505075, "meanTotal": 17616.27603189888}, "errorsByType": {"SQLTransientConnectionException": 394}, "firstErrorMessageByType": {"SQLTransientConnectionException": "HikariPool-1 - Connection is not available, request timed out after 30000ms (total=19, active=19, idle=0, waiting=35)"}, "appCpuMedian": 0.025025025025025023, "gcPauseMsTotal": 0}