{"runInfo": {"sut": "PGBOUNCER", "workload": "W5_HTAP", "loadMode": "open-loop", "targetRps": 2, "concurrency": 0, "poolSize": 20, "instanceId": 10, "totalInstances": 16, "configuredDbConnectionBudget": 100, "configuredReplicas": 16, "seed": 42, "durationSeconds": 900, "timestamp": "2026-07-15T01:38:36Z", "openLoopAttemptedOps": 1800, "openLoopMissedOpportunities": 0, "openLoopSchedulingDelayMs": 0.0, "clientPooling": "hikari"}, "attemptedRps": 1.9261867278140934, "achievedThroughputRps": 1.3090797084089119, "successfulThroughputRps": 1.3090797084089119, "errorThroughputRps": 0.6534703446387624, "totalThroughputRps": 1.9625500530476743, "errorRate": 0.3329700272479564, "totalRequests": 1835, "successfulRequests": 1224, "failedRequests": 611, "latencyMs": {"p50": 25411.583, "p95": 46465.023, "p99": 83689.471, "p999": 117571.583, "max": 124321.791, "mean": 26981.361124838695, "meanSuccessful": 25474.418378267972, "meanFailed": 30000.35934572013, "meanTotal": 26981.361124838695}, "errorsByType": {"SQLTransientConnectionException": 611}, "firstErrorMessageByType": {"SQLTransientConnectionException": "HikariPool-1 - Connection is not available, request timed out after 30000ms (total=6, active=6, idle=0, waiting=44)"}, "appCpuMedian": 0.025015634771732333, "gcPauseMsTotal": 1}