{"runInfo": {"sut": "HIKARI_DISCIPLINED", "workload": "W5_HTAP", "loadMode": "open-loop", "targetRps": 2, "concurrency": 0, "poolSize": 19, "instanceId": 10, "totalInstances": 16, "configuredDbConnectionBudget": 300, "configuredReplicas": 16, "seed": 42, "durationSeconds": 900, "timestamp": "2026-07-15T07:40:40Z", "openLoopAttemptedOps": 1801, "openLoopMissedOpportunities": 0, "openLoopSchedulingDelayMs": 0.0, "clientPooling": "hikari"}, "attemptedRps": 1.9261887878914277, "achievedThroughputRps": 1.4866198862682312, "successfulThroughputRps": 1.4866198862682312, "errorThroughputRps": 0.42887379452774155, "totalThroughputRps": 1.9154936807959728, "errorRate": 0.22389726409826913, "totalRequests": 1791, "successfulRequests": 1390, "failedRequests": 401, "latencyMs": {"p50": 41.439, "p95": 56098.815, "p99": 229769.215, "p999": 402128.895, "max": 413925.375, "mean": 17520.904268449467, "meanSuccessful": 13920.850866906476, "meanFailed": 30000.31257382045, "meanTotal": 17520.904268449467}, "errorsByType": {"SQLTransientConnectionException": 401}, "firstErrorMessageByType": {"SQLTransientConnectionException": "HikariPool-1 - Connection is not available, request timed out after 30000ms (total=19, active=19, idle=0, waiting=46)"}, "appCpuMedian": 0.02502815667626079, "gcPauseMsTotal": 0}