{"runInfo": {"sut": "PGBOUNCER", "workload": "W5_HTAP", "loadMode": "open-loop", "targetRps": 4, "concurrency": 0, "poolSize": 20, "instanceId": 8, "totalInstances": 16, "configuredDbConnectionBudget": 100, "configuredReplicas": 16, "seed": 42, "durationSeconds": 900, "timestamp": "2026-07-16T00:50:36Z", "openLoopAttemptedOps": 3601, "openLoopMissedOpportunities": 0, "openLoopSchedulingDelayMs": 0.0, "clientPooling": "hikari"}, "attemptedRps": 3.85130806507331, "achievedThroughputRps": 1.719773220949148, "successfulThroughputRps": 1.719773220949148, "errorThroughputRps": 2.253459065012348, "totalThroughputRps": 3.9732322859614957, "errorRate": 0.5671601615074024, "totalRequests": 3715, "successfulRequests": 1608, "failedRequests": 2107, "latencyMs": {"p50": 31358.975, "p95": 45842.431, "p99": 70516.735, "p999": 103677.951, "max": 108593.151, "mean": 31449.55952864657, "meanSuccessful": 33348.739502487566, "meanFailed": 30000.259975701, "meanTotal": 31449.55952864657}, "errorsByType": {"SQLTransientConnectionException": 2107}, "firstErrorMessageByType": {"SQLTransientConnectionException": "HikariPool-1 - Connection is not available, request timed out after 30000ms (total=7, active=7, idle=0, waiting=116)"}, "appCpuMedian": 0.02501876407305479, "gcPauseMsTotal": 1}