{"runInfo": {"sut": "HIKARI_DISCIPLINED", "workload": "W5_HTAP", "loadMode": "open-loop", "targetRps": 8, "concurrency": 0, "poolSize": 20, "instanceId": 1, "totalInstances": 4, "configuredDbConnectionBudget": 80, "configuredReplicas": 4, "seed": 42, "durationSeconds": 900, "timestamp": "2026-07-05T10:11:04Z", "openLoopAttemptedOps": 7201, "openLoopMissedOpportunities": 0, "openLoopSchedulingDelayMs": 0.0, "clientPooling": "hikari"}, "attemptedRps": 7.7015466194370745, "achievedThroughputRps": 3.9689542431233136, "successfulThroughputRps": 3.9689542431233136, "errorThroughputRps": 3.9914139680237692, "totalThroughputRps": 7.960368211147083, "errorRate": 0.5014107214832729, "totalRequests": 7443, "successfulRequests": 3711, "failedRequests": 3732, "latencyMs": {"p50": 28442.623, "p95": 78315.519, "p99": 185729.023, "p999": 197001.215, "max": 200015.871, "mean": 31058.227499455596, "meanSuccessful": 32122.149872271624, "meanFailed": 30000.210754522242, "meanTotal": 31058.227499455596}, "errorsByType": {"SQLTransientConnectionException": 3732}, "firstErrorMessageByType": {"SQLTransientConnectionException": "HikariPool-1 - Connection is not available, request timed out after 30000ms (total=20, active=20, idle=0, waiting=240)"}, "appCpuMedian": 0.20020020020020018, "gcPauseMsTotal": 15}