{"runInfo": {"sut": "HIKARI_DISCIPLINED", "workload": "W5_HTAP", "loadMode": "open-loop", "targetRps": 2, "concurrency": 0, "poolSize": 19, "instanceId": 14, "totalInstances": 16, "configuredDbConnectionBudget": 300, "configuredReplicas": 16, "seed": 42, "durationSeconds": 900, "timestamp": "2026-07-15T04:23:18Z", "openLoopAttemptedOps": 1801, "openLoopMissedOpportunities": 0, "openLoopSchedulingDelayMs": 0.0, "clientPooling": "hikari"}, "attemptedRps": 1.9261887878914277, "achievedThroughputRps": 1.1101521165082187, "successfulThroughputRps": 1.1101521165082187, "errorThroughputRps": 0.8106891178354815, "totalThroughputRps": 1.9208412343437002, "errorRate": 0.4220489977728285, "totalRequests": 1796, "successfulRequests": 1038, "failedRequests": 758, "latencyMs": {"p50": 969.727, "p95": 135397.375, "p99": 391118.847, "p999": 556269.567, "max": 561512.447, "mean": 24549.151631910358, "meanSuccessful": 20568.346823699423, "meanFailed": 30000.298077159634, "meanTotal": 24549.151631910358}, "errorsByType": {"SQLTransientConnectionException": 758}, "firstErrorMessageByType": {"SQLTransientConnectionException": "HikariPool-1 - Connection is not available, request timed out after 30001ms (total=19, active=19, idle=0, waiting=46)"}, "appCpuMedian": 0.02501876407305479, "gcPauseMsTotal": 0}