{"runInfo": {"sut": "HIKARI_DISCIPLINED", "workload": "W5_HTAP", "loadMode": "open-loop", "targetRps": 8, "concurrency": 0, "poolSize": 20, "instanceId": 2, "totalInstances": 4, "configuredDbConnectionBudget": 80, "configuredReplicas": 4, "seed": 42, "durationSeconds": 900, "timestamp": "2026-07-02T01:38:36Z", "openLoopAttemptedOps": 7200, "openLoopMissedOpportunities": 0, "openLoopSchedulingDelayMs": 0.0, "clientPooling": "hikari"}, "attemptedRps": 6.825540659407322, "achievedThroughputRps": 2.8653811155934363, "successfulThroughputRps": 2.8653811155934363, "errorThroughputRps": 4.193333131123176, "totalThroughputRps": 7.058714246716613, "errorRate": 0.594064724049953, "totalRequests": 7447, "successfulRequests": 3023, "failedRequests": 4424, "latencyMs": {"p50": 28852.223, "p95": 89915.391, "p99": 210763.775, "p999": 217841.663, "max": 221511.679, "mean": 31832.713555328723, "meanSuccessful": 34514.528622229576, "meanFailed": 30000.213768052894, "meanTotal": 31832.713555328723}, "errorsByType": {"SQLTransientConnectionException": 4424}, "firstErrorMessageByType": {"SQLTransientConnectionException": "HikariPool-1 - Connection is not available, request timed out after 30000ms (total=20, active=20, idle=0, waiting=240)"}, "appCpuMedian": 0.15037593984962408, "gcPauseMsTotal": 12}