{"runInfo": {"sut": "HIKARI_DISCIPLINED", "workload": "W5_HTAP", "loadMode": "open-loop", "targetRps": 2, "concurrency": 0, "poolSize": 19, "instanceId": 7, "totalInstances": 16, "configuredDbConnectionBudget": 300, "configuredReplicas": 16, "seed": 42, "durationSeconds": 900, "timestamp": "2026-07-15T01:05:23Z", "openLoopAttemptedOps": 1801, "openLoopMissedOpportunities": 0, "openLoopSchedulingDelayMs": 0.0, "clientPooling": "hikari"}, "attemptedRps": 1.9261867278140934, "achievedThroughputRps": 1.2256579622848147, "successfulThroughputRps": 1.2256579622848147, "errorThroughputRps": 0.693042198569424, "totalThroughputRps": 1.9187001608542387, "errorRate": 0.3612040133779264, "totalRequests": 1794, "successfulRequests": 1146, "failedRequests": 648, "latencyMs": {"p50": 3866.623, "p95": 119799.807, "p99": 312737.791, "p999": 540540.927, "max": 600834.047, "mean": 23811.838940325906, "meanSuccessful": 20307.519613438042, "meanFailed": 29998.839520405236, "meanTotal": 23811.838940325906}, "errorsByType": {"SQLTransientConnectionException": 648}, "firstErrorMessageByType": {"SQLTransientConnectionException": "HikariPool-1 - Connection is not available, request timed out after 30001ms (total=19, active=19, idle=0, waiting=29)"}, "appCpuMedian": 0.02501876407305479, "gcPauseMsTotal": 0}