{"runInfo": {"sut": "PGBOUNCER", "workload": "W5_HTAP", "loadMode": "open-loop", "targetRps": 2, "concurrency": 0, "poolSize": 20, "instanceId": 14, "totalInstances": 16, "configuredDbConnectionBudget": 100, "configuredReplicas": 16, "seed": 42, "durationSeconds": 900, "timestamp": "2026-07-15T08:14:00Z", "openLoopAttemptedOps": 1801, "openLoopMissedOpportunities": 0, "openLoopSchedulingDelayMs": 0.0, "clientPooling": "hikari"}, "attemptedRps": 1.9305391789044914, "achievedThroughputRps": 1.39671990567049, "successfulThroughputRps": 1.39671990567049, "errorThroughputRps": 0.5359631257369493, "totalThroughputRps": 1.9326830314074392, "errorRate": 0.2773155851358846, "totalRequests": 1803, "successfulRequests": 1303, "failedRequests": 500, "latencyMs": {"p50": 26558.463, "p95": 44859.391, "p99": 77201.407, "p999": 101580.799, "max": 101908.479, "mean": 26345.128503691627, "meanSuccessful": 24942.35402379125, "meanFailed": 30000.396143718, "meanTotal": 26345.128503691627}, "errorsByType": {"SQLTransientConnectionException": 500}, "firstErrorMessageByType": {"SQLTransientConnectionException": "HikariPool-1 - Connection is not available, request timed out after 30000ms (total=7, active=7, idle=0, waiting=44)"}, "appCpuMedian": 0.025015634771732333, "gcPauseMsTotal": 2}