{"runInfo": {"sut": "PGBOUNCER", "workload": "W5_HTAP", "loadMode": "open-loop", "targetRps": 3, "concurrency": 0, "poolSize": 20, "instanceId": 2, "totalInstances": 16, "configuredDbConnectionBudget": 100, "configuredReplicas": 16, "seed": 42, "durationSeconds": 900, "timestamp": "2026-07-15T16:32:11Z", "openLoopAttemptedOps": 2701, "openLoopMissedOpportunities": 0, "openLoopSchedulingDelayMs": 0.0, "clientPooling": "hikari"}, "attemptedRps": 2.8887484264823686, "achievedThroughputRps": 1.5326088467786874, "successfulThroughputRps": 1.5326088467786874, "errorThroughputRps": 1.4588126078200485, "totalThroughputRps": 2.991421454598736, "errorRate": 0.487665355738291, "totalRequests": 2797, "successfulRequests": 1433, "failedRequests": 1364, "latencyMs": {"p50": 30523.391, "p95": 50069.503, "p99": 94896.127, "p999": 103940.095, "max": 108986.367, "mean": 31479.47110871791, "meanSuccessful": 32887.48614654571, "meanFailed": 30000.300353103376, "meanTotal": 31479.47110871791}, "errorsByType": {"SQLTransientConnectionException": 1364}, "firstErrorMessageByType": {"SQLTransientConnectionException": "HikariPool-1 - Connection is not available, request timed out after 30000ms (total=9, active=9, idle=0, waiting=90)"}, "appCpuMedian": 0.025021894157387717, "gcPauseMsTotal": 1}