{"runInfo": {"sut": "HIKARI_DISCIPLINED", "workload": "W5_HTAP", "loadMode": "open-loop", "targetRps": 4, "concurrency": 0, "poolSize": 19, "instanceId": 7, "totalInstances": 16, "configuredDbConnectionBudget": 300, "configuredReplicas": 16, "seed": 42, "durationSeconds": 900, "timestamp": "2026-07-15T19:18:36Z", "openLoopAttemptedOps": 3601, "openLoopMissedOpportunities": 0, "openLoopSchedulingDelayMs": 0.0, "clientPooling": "hikari"}, "attemptedRps": 3.8513121840929365, "achievedThroughputRps": 1.180741086153458, "successfulThroughputRps": 1.180741086153458, "errorThroughputRps": 2.7614796054784674, "totalThroughputRps": 3.9422206916319253, "errorRate": 0.700488334237656, "totalRequests": 3686, "successfulRequests": 1104, "failedRequests": 2582, "latencyMs": {"p50": 25346.047, "p95": 156368.895, "p99": 412352.511, "p999": 442499.071, "max": 446693.375, "mean": 31968.761366914543, "meanSuccessful": 36572.517088768116, "meanFailed": 30000.252691595662, "meanTotal": 31968.761366914543}, "errorsByType": {"SQLTransientConnectionException": 2582}, "firstErrorMessageByType": {"SQLTransientConnectionException": "HikariPool-1 - Connection is not available, request timed out after 30000ms (total=19, active=19, idle=0, waiting=112)"}, "appCpuMedian": 0.025025025025025023, "gcPauseMsTotal": 0}