{"runInfo": {"sut": "HIKARI_DISCIPLINED", "workload": "W5_HTAP", "loadMode": "open-loop", "targetRps": 2, "concurrency": 0, "poolSize": 19, "instanceId": 15, "totalInstances": 16, "configuredDbConnectionBudget": 300, "configuredReplicas": 16, "seed": 42, "durationSeconds": 900, "timestamp": "2026-07-15T06:02:01Z", "openLoopAttemptedOps": 1801, "openLoopMissedOpportunities": 0, "openLoopSchedulingDelayMs": 0.0, "clientPooling": "hikari"}, "attemptedRps": 1.9261908479731682, "achievedThroughputRps": 1.055608199305673, "successfulThroughputRps": 1.055608199305673, "errorThroughputRps": 0.8663046012538957, "totalThroughputRps": 1.9219128005595687, "errorRate": 0.4507512520868113, "totalRequests": 1797, "successfulRequests": 987, "failedRequests": 810, "latencyMs": {"p50": 3788.799, "p95": 142213.119, "p99": 407109.631, "p999": 605552.639, "max": 605552.639, "mean": 25899.46184481135, "meanSuccessful": 22535.03854711246, "meanFailed": 30000.333322846913, "meanTotal": 25899.46184481135}, "errorsByType": {"SQLTransientConnectionException": 810}, "firstErrorMessageByType": {"SQLTransientConnectionException": "HikariPool-1 - Connection is not available, request timed out after 30001ms (total=19, active=19, idle=0, waiting=46)"}, "appCpuMedian": 0.02501876407305479, "gcPauseMsTotal": 0}