{"runInfo": {"sut": "HIKARI_DISCIPLINED", "workload": "W5_HTAP", "loadMode": "open-loop", "targetRps": 8, "concurrency": 0, "poolSize": 20, "instanceId": 3, "totalInstances": 4, "configuredDbConnectionBudget": 80, "configuredReplicas": 4, "seed": 42, "durationSeconds": 900, "timestamp": "2026-07-05T03:56:53Z", "openLoopAttemptedOps": 7200, "openLoopMissedOpportunities": 0, "openLoopSchedulingDelayMs": 0.0, "clientPooling": "hikari"}, "attemptedRps": 7.701554856332473, "achievedThroughputRps": 3.863076814480335, "successfulThroughputRps": 3.863076814480335, "errorThroughputRps": 4.097299910374907, "totalThroughputRps": 7.960376724855242, "errorRate": 0.5147118097541314, "totalRequests": 7443, "successfulRequests": 3612, "failedRequests": 3831, "latencyMs": {"p50": 28377.087, "p95": 80871.423, "p99": 199229.439, "p999": 212336.639, "max": 214302.719, "mean": 31296.714222531642, "meanSuccessful": 32671.77054568106, "meanFailed": 30000.263224193684, "meanTotal": 31296.714222531642}, "errorsByType": {"SQLTransientConnectionException": 3831}, "firstErrorMessageByType": {"SQLTransientConnectionException": "HikariPool-1 - Connection is not available, request timed out after 30002ms (total=20, active=20, idle=0, waiting=240)"}, "appCpuMedian": 0.20030045067601399, "gcPauseMsTotal": 14}