{"runInfo": {"sut": "HIKARI_DISCIPLINED", "workload": "W5_HTAP", "loadMode": "open-loop", "targetRps": 4, "concurrency": 0, "poolSize": 20, "instanceId": 1, "totalInstances": 4, "configuredDbConnectionBudget": 80, "configuredReplicas": 4, "seed": 42, "durationSeconds": 900, "timestamp": "2026-07-11T22:35:05Z", "openLoopAttemptedOps": 3601, "openLoopMissedOpportunities": 0, "openLoopSchedulingDelayMs": 0.0, "clientPooling": "hikari"}, "attemptedRps": 3.8512957080672936, "achievedThroughputRps": 3.3004994598988247, "successfulThroughputRps": 3.3004994598988247, "errorThroughputRps": 0.5379621608325045, "totalThroughputRps": 3.838461620731329, "errorRate": 0.1401504597380886, "totalRequests": 3589, "successfulRequests": 3086, "failedRequests": 503, "latencyMs": {"p50": 14082.047, "p95": 46727.167, "p99": 129761.279, "p999": 235012.095, "max": 237633.535, "mean": 18801.240649600168, "meanSuccessful": 16975.978180492548, "meanFailed": 30000.404408151095, "meanTotal": 18801.240649600168}, "errorsByType": {"SQLTransientConnectionException": 503}, "firstErrorMessageByType": {"SQLTransientConnectionException": "HikariPool-1 - Connection is not available, request timed out after 30001ms (total=20, active=20, idle=0, waiting=66)"}, "appCpuMedian": 0.20020020020020018, "gcPauseMsTotal": 13}