{"runInfo": {"sut": "HIKARI_DISCIPLINED", "workload": "W5_HTAP", "loadMode": "open-loop", "targetRps": 3, "concurrency": 0, "poolSize": 19, "instanceId": 7, "totalInstances": 16, "configuredDbConnectionBudget": 300, "configuredReplicas": 16, "seed": 42, "durationSeconds": 900, "timestamp": "2026-07-15T12:38:00Z", "openLoopAttemptedOps": 2701, "openLoopMissedOpportunities": 0, "openLoopSchedulingDelayMs": 0.0, "clientPooling": "hikari"}, "attemptedRps": 2.898374022868278, "achievedThroughputRps": 1.3251237691268622, "successfulThroughputRps": 1.3251237691268622, "errorThroughputRps": 1.6598806212146007, "totalThroughputRps": 2.9850043903414627, "errorRate": 0.5560730920816912, "totalRequests": 2791, "successfulRequests": 1239, "failedRequests": 1552, "latencyMs": {"p50": 22855.679, "p95": 144310.271, "p99": 382468.095, "p999": 443285.503, "max": 449839.103, "mean": 30976.712894774275, "meanSuccessful": 32200.057244552056, "meanFailed": 30000.288996225514, "meanTotal": 30976.712894774275}, "errorsByType": {"SQLTransientConnectionException": 1552}, "firstErrorMessageByType": {"SQLTransientConnectionException": "HikariPool-1 - Connection is not available, request timed out after 30000ms (total=19, active=19, idle=0, waiting=80)"}, "appCpuMedian": 0.025021894157387717, "gcPauseMsTotal": 0}