{"runInfo": {"sut": "PGBOUNCER", "workload": "W5_HTAP", "loadMode": "open-loop", "targetRps": 8, "concurrency": 0, "poolSize": 20, "instanceId": 0, "totalInstances": 4, "configuredDbConnectionBudget": 100, "configuredReplicas": 4, "seed": 42, "durationSeconds": 900, "timestamp": "2026-07-02T03:44:07Z", "openLoopAttemptedOps": 7201, "openLoopMissedOpportunities": 0, "openLoopSchedulingDelayMs": 0.0, "clientPooling": "hikari"}, "attemptedRps": 6.825540659407322, "achievedThroughputRps": 4.314659225332888, "successfulThroughputRps": 4.314659225332888, "errorThroughputRps": 2.7326807000515636, "totalThroughputRps": 7.047339925384452, "errorRate": 0.38776059179556155, "totalRequests": 7435, "successfulRequests": 4552, "failedRequests": 2883, "latencyMs": {"p50": 29196.287, "p95": 37781.503, "p99": 44662.783, "p999": 62980.095, "max": 70909.951, "mean": 29500.721317449763, "meanSuccessful": 29184.36183831283, "meanFailed": 30000.24907532397, "meanTotal": 29500.721317449763}, "errorsByType": {"SQLTransientConnectionException": 2883}, "firstErrorMessageByType": {"SQLTransientConnectionException": "HikariPool-1 - Connection is not available, request timed out after 30000ms (total=8, active=8, idle=0, waiting=226)"}, "appCpuMedian": 0.1503006012024048, "gcPauseMsTotal": 9}