{"runInfo": {"sut": "PGBOUNCER", "workload": "W5_HTAP", "loadMode": "open-loop", "targetRps": 4, "concurrency": 0, "poolSize": 20, "instanceId": 0, "totalInstances": 16, "configuredDbConnectionBudget": 100, "configuredReplicas": 16, "seed": 42, "durationSeconds": 900, "timestamp": "2026-07-16T00:50:28Z", "openLoopAttemptedOps": 3601, "openLoopMissedOpportunities": 0, "openLoopSchedulingDelayMs": 0.0, "clientPooling": "hikari"}, "attemptedRps": 3.8513121840929365, "achievedThroughputRps": 1.7646945581097875, "successfulThroughputRps": 1.7646945581097875, "errorThroughputRps": 2.2149590483911332, "totalThroughputRps": 3.979653606500921, "errorRate": 0.5565708142972319, "totalRequests": 3721, "successfulRequests": 1650, "failedRequests": 2071, "latencyMs": {"p50": 30818.303, "p95": 47120.383, "p99": 71368.703, "p999": 100335.615, "max": 101318.655, "mean": 30458.929028531038, "meanSuccessful": 31034.482482424246, "meanFailed": 30000.278534553836, "meanTotal": 30458.929028531038}, "errorsByType": {"SQLTransientConnectionException": 2071}, "firstErrorMessageByType": {"SQLTransientConnectionException": "HikariPool-1 - Connection is not available, request timed out after 30000ms (total=8, active=8, idle=0, waiting=116)"}, "appCpuMedian": 0.02501876407305479, "gcPauseMsTotal": 1}