{"runInfo": {"sut": "HIKARI_DISCIPLINED", "workload": "W5_HTAP", "loadMode": "open-loop", "targetRps": 2, "concurrency": 0, "poolSize": 19, "instanceId": 12, "totalInstances": 16, "configuredDbConnectionBudget": 300, "configuredReplicas": 16, "seed": 42, "durationSeconds": 900, "timestamp": "2026-07-15T06:01:59Z", "openLoopAttemptedOps": 1801, "openLoopMissedOpportunities": 0, "openLoopSchedulingDelayMs": 0.0, "clientPooling": "hikari"}, "attemptedRps": 1.9261887878914277, "achievedThroughputRps": 0.9796718099436689, "successfulThroughputRps": 0.9796718099436689, "errorThroughputRps": 0.9443779565286677, "totalThroughputRps": 1.9240497664723366, "errorRate": 0.49082823790994995, "totalRequests": 1799, "successfulRequests": 916, "failedRequests": 883, "latencyMs": {"p50": 4167.679, "p95": 151126.015, "p99": 353107.967, "p999": 587726.847, "max": 587726.847, "mean": 26646.496919395777, "meanSuccessful": 23413.7868569869, "meanFailed": 30000.280069988676, "meanTotal": 26646.496919395777}, "errorsByType": {"SQLTransientConnectionException": 883}, "firstErrorMessageByType": {"SQLTransientConnectionException": "HikariPool-1 - Connection is not available, request timed out after 30001ms (total=19, active=19, idle=0, waiting=41)"}, "appCpuMedian": 0.025015634771732333, "gcPauseMsTotal": 0}