{"runInfo": {"sut": "PGBOUNCER", "workload": "W5_HTAP", "loadMode": "open-loop", "targetRps": 3, "concurrency": 0, "poolSize": 20, "instanceId": 11, "totalInstances": 16, "configuredDbConnectionBudget": 100, "configuredReplicas": 16, "seed": 42, "durationSeconds": 900, "timestamp": "2026-07-15T14:51:23Z", "openLoopAttemptedOps": 2701, "openLoopMissedOpportunities": 0, "openLoopSchedulingDelayMs": 0.0, "clientPooling": "hikari"}, "attemptedRps": 2.8887484264823686, "achievedThroughputRps": 1.629934321347327, "successfulThroughputRps": 1.629934321347327, "errorThroughputRps": 1.3604176225418634, "totalThroughputRps": 2.9903519438891903, "errorRate": 0.45493562231759654, "totalRequests": 2796, "successfulRequests": 1524, "failedRequests": 1272, "latencyMs": {"p50": 29884.415, "p95": 47153.151, "p99": 79691.775, "p999": 104923.135, "max": 106954.751, "mean": 30831.942336458153, "meanSuccessful": 31526.056020997374, "meanFailed": 30000.3612344544, "meanTotal": 30831.942336458153}, "errorsByType": {"SQLTransientConnectionException": 1272}, "firstErrorMessageByType": {"SQLTransientConnectionException": "HikariPool-1 - Connection is not available, request timed out after 30000ms (total=11, active=11, idle=0, waiting=88)"}, "appCpuMedian": 0.02502815667626079, "gcPauseMsTotal": 2}