{"runInfo": {"sut": "HIKARI_DISCIPLINED", "workload": "W5_HTAP", "loadMode": "open-loop", "targetRps": 8, "concurrency": 0, "poolSize": 38, "instanceId": 0, "totalInstances": 2, "configuredDbConnectionBudget": 75, "configuredReplicas": 2, "seed": 42, "durationSeconds": 900, "timestamp": "2026-05-31T02:28:53Z", "openLoopAttemptedOps": 9601, "openLoopMissedOpportunities": 0, "openLoopSchedulingDelayMs": 0.165318, "clientPooling": "hikari"}, "attemptedRps": 5.343860169607229, "achievedThroughputRps": 0.9948244038987081, "successfulThroughputRps": 0.9948244038987081, "errorThroughputRps": 4.530583839417039, "totalThroughputRps": 5.525408243315747, "errorRate": 0.8199545879524509, "totalRequests": 7487, "successfulRequests": 1348, "failedRequests": 6139, "latencyMs": {"p50": 26738.687, "p95": 60030.975, "p99": 60030.975, "p999": 60030.975, "max": 62717.951, "mean": 33285.16260750608, "meanSuccessful": 21739.776604599407, "meanFailed": 30000.271569945267, "meanTotal": 33285.16260750608}, "errorsByType": {"SQLTransientConnectionException": 6139}, "firstErrorMessageByType": {"SQLTransientConnectionException": "HikariPool-1 - Connection is not available, request timed out after 30000ms (total=38, active=38, idle=0, waiting=225)"}, "appCpuMedian": 0.2001000500250125, "gcPauseMsTotal": 11}