{"runInfo": {"sut": "PGBOUNCER", "workload": "W5_HTAP", "loadMode": "open-loop", "targetRps": 2, "concurrency": 0, "poolSize": 20, "instanceId": 12, "totalInstances": 16, "configuredDbConnectionBudget": 100, "configuredReplicas": 16, "seed": 42, "durationSeconds": 900, "timestamp": "2026-07-15T01:38:37Z", "openLoopAttemptedOps": 1801, "openLoopMissedOpportunities": 0, "openLoopSchedulingDelayMs": 0.0, "clientPooling": "hikari"}, "attemptedRps": 1.9261867278140934, "achievedThroughputRps": 1.4031965501899448, "successfulThroughputRps": 1.4031965501899448, "errorThroughputRps": 0.5689790889489715, "totalThroughputRps": 1.9721756391389165, "errorRate": 0.2885032537960954, "totalRequests": 1844, "successfulRequests": 1312, "failedRequests": 532, "latencyMs": {"p50": 23986.175, "p95": 47022.079, "p99": 84017.151, "p999": 125304.831, "max": 127139.839, "mean": 25927.12081592679, "meanSuccessful": 24275.363580792684, "meanFailed": 30000.36828569361, "meanTotal": 25927.12081592679}, "errorsByType": {"SQLTransientConnectionException": 532}, "firstErrorMessageByType": {"SQLTransientConnectionException": "HikariPool-1 - Connection is not available, request timed out after 30000ms (total=9, active=9, idle=0, waiting=33)"}, "appCpuMedian": 0.025015634771732333, "gcPauseMsTotal": 2}