{"runInfo": {"sut": "HIKARI_DISCIPLINED", "workload": "W5_HTAP", "loadMode": "open-loop", "targetRps": 2, "concurrency": 0, "poolSize": 19, "instanceId": 15, "totalInstances": 16, "configuredDbConnectionBudget": 300, "configuredReplicas": 16, "seed": 42, "durationSeconds": 900, "timestamp": "2026-07-15T02:44:18Z", "openLoopAttemptedOps": 1801, "openLoopMissedOpportunities": 0, "openLoopSchedulingDelayMs": 0.0, "clientPooling": "hikari"}, "attemptedRps": 1.9261887878914277, "achievedThroughputRps": 1.0630936452882171, "successfulThroughputRps": 1.0630936452882171, "errorThroughputRps": 0.859886610474574, "totalThroughputRps": 1.922980255762791, "errorRate": 0.4471635150166852, "totalRequests": 1798, "successfulRequests": 994, "failedRequests": 804, "latencyMs": {"p50": 226.047, "p95": 156368.895, "p99": 394788.863, "p999": 612368.383, "max": 612368.383, "mean": 25733.57606033315, "meanSuccessful": 22282.208801810866, "meanFailed": 30000.354386334577, "meanTotal": 25733.57606033315}, "errorsByType": {"SQLTransientConnectionException": 804}, "firstErrorMessageByType": {"SQLTransientConnectionException": "HikariPool-1 - Connection is not available, request timed out after 30000ms (total=19, active=19, idle=0, waiting=46)"}, "appCpuMedian": 0.025021894157387717, "gcPauseMsTotal": 0}