{"runInfo": {"sut": "PGBOUNCER", "workload": "W5_HTAP", "loadMode": "open-loop", "targetRps": 3, "concurrency": 0, "poolSize": 20, "instanceId": 7, "totalInstances": 16, "configuredDbConnectionBudget": 100, "configuredReplicas": 16, "seed": 42, "durationSeconds": 900, "timestamp": "2026-07-15T09:53:04Z", "openLoopAttemptedOps": 2701, "openLoopMissedOpportunities": 0, "openLoopSchedulingDelayMs": 0.0, "clientPooling": "hikari"}, "attemptedRps": 2.8887484264823686, "achievedThroughputRps": 1.5946404679323258, "successfulThroughputRps": 1.5946404679323258, "errorThroughputRps": 1.390363922409137, "totalThroughputRps": 2.9850043903414627, "errorRate": 0.4657828735220351, "totalRequests": 2791, "successfulRequests": 1491, "failedRequests": 1300, "latencyMs": {"p50": 31473.663, "p95": 51478.527, "p99": 93716.479, "p999": 101056.511, "max": 104071.167, "mean": 32028.936656646005, "meanSuccessful": 33797.44799463447, "meanFailed": 30000.35050418231, "meanTotal": 32028.936656646005}, "errorsByType": {"SQLTransientConnectionException": 1300}, "firstErrorMessageByType": {"SQLTransientConnectionException": "HikariPool-1 - Connection is not available, request timed out after 30000ms (total=8, active=8, idle=0, waiting=89)"}, "appCpuMedian": 0.025025025025025023, "gcPauseMsTotal": 3}