{"runInfo": {"sut": "HIKARI_DISCIPLINED", "workload": "W5_HTAP", "loadMode": "open-loop", "targetRps": 12, "concurrency": 0, "poolSize": 20, "instanceId": 2, "totalInstances": 4, "configuredDbConnectionBudget": 80, "configuredReplicas": 4, "seed": 42, "durationSeconds": 900, "timestamp": "2026-07-12T11:09:38Z", "openLoopAttemptedOps": 10800, "openLoopMissedOpportunities": 0, "openLoopSchedulingDelayMs": 0.0, "clientPooling": "hikari"}, "attemptedRps": 11.55179752857201, "achievedThroughputRps": 4.1999730483012945, "successfulThroughputRps": 4.1999730483012945, "errorThroughputRps": 7.737918259348069, "totalThroughputRps": 11.937891307649362, "errorRate": 0.6481813295108404, "totalRequests": 11162, "successfulRequests": 3927, "failedRequests": 7235, "latencyMs": {"p50": 29360.127, "p95": 77660.159, "p99": 182321.151, "p999": 195166.207, "max": 196214.783, "mean": 31247.56193614352, "meanSuccessful": 33545.83979017061, "meanFailed": 30000.174917532964, "meanTotal": 31247.56193614352}, "errorsByType": {"SQLTransientConnectionException": 7235}, "firstErrorMessageByType": {"SQLTransientConnectionException": "HikariPool-1 - Connection is not available, request timed out after 30000ms (total=20, active=20, idle=0, waiting=360)"}, "appCpuMedian": 0.20020020020020018, "gcPauseMsTotal": 18}