{"runInfo": {"sut": "PGBOUNCER", "workload": "W5_HTAP", "loadMode": "open-loop", "targetRps": 3, "concurrency": 0, "poolSize": 20, "instanceId": 10, "totalInstances": 16, "configuredDbConnectionBudget": 100, "configuredReplicas": 16, "seed": 42, "durationSeconds": 900, "timestamp": "2026-07-15T11:32:09Z", "openLoopAttemptedOps": 2701, "openLoopMissedOpportunities": 0, "openLoopSchedulingDelayMs": 0.0, "clientPooling": "hikari"}, "attemptedRps": 2.8887484264823686, "achievedThroughputRps": 1.5860843822559618, "successfulThroughputRps": 1.5860843822559618, "errorThroughputRps": 1.4021285402141375, "totalThroughputRps": 2.9882129224700993, "errorRate": 0.4692197566213314, "totalRequests": 2794, "successfulRequests": 1483, "failedRequests": 1311, "latencyMs": {"p50": 30228.479, "p95": 47841.279, "p99": 73203.711, "p999": 105119.743, "max": 108199.935, "mean": 31206.332866256264, "meanSuccessful": 32272.62152933243, "meanFailed": 30000.28997577193, "meanTotal": 31206.332866256264}, "errorsByType": {"SQLTransientConnectionException": 1311}, "firstErrorMessageByType": {"SQLTransientConnectionException": "HikariPool-1 - Connection is not available, request timed out after 30000ms (total=6, active=6, idle=0, waiting=90)"}, "appCpuMedian": 0.025025025025025023, "gcPauseMsTotal": 2}