{"runInfo": {"sut": "PGBOUNCER", "workload": "W5_HTAP", "loadMode": "open-loop", "targetRps": 8, "concurrency": 0, "poolSize": 20, "instanceId": 2, "totalInstances": 4, "configuredDbConnectionBudget": 100, "configuredReplicas": 4, "seed": 42, "durationSeconds": 900, "timestamp": "2026-07-02T08:24:45Z", "openLoopAttemptedOps": 7201, "openLoopMissedOpportunities": 0, "openLoopSchedulingDelayMs": 0.0, "clientPooling": "hikari"}, "attemptedRps": 6.825534189755727, "achievedThroughputRps": 4.122239715490578, "successfulThroughputRps": 4.122239715490578, "errorThroughputRps": 2.9326764037084043, "totalThroughputRps": 7.054916119198983, "errorRate": 0.4156925970710735, "totalRequests": 7443, "successfulRequests": 4349, "failedRequests": 3094, "latencyMs": {"p50": 29327.359, "p95": 38633.471, "p99": 44793.855, "p999": 62357.503, "max": 73924.607, "mean": 29870.328694394462, "meanSuccessful": 29777.939071970566, "meanFailed": 30000.23678273497, "meanTotal": 29870.328694394462}, "errorsByType": {"SQLTransientConnectionException": 3094}, "firstErrorMessageByType": {"SQLTransientConnectionException": "HikariPool-1 - Connection is not available, request timed out after 30000ms (total=9, active=9, idle=0, waiting=240)"}, "appCpuMedian": 0.1503006012024048, "gcPauseMsTotal": 9}