{"runInfo": {"sut": "HIKARI_DISCIPLINED", "workload": "W5_HTAP", "loadMode": "open-loop", "targetRps": 12, "concurrency": 0, "poolSize": 20, "instanceId": 0, "totalInstances": 4, "configuredDbConnectionBudget": 80, "configuredReplicas": 4, "seed": 42, "durationSeconds": 900, "timestamp": "2026-07-12T12:44:11Z", "openLoopAttemptedOps": 10800, "openLoopMissedOpportunities": 0, "openLoopSchedulingDelayMs": 0.0, "clientPooling": "hikari"}, "attemptedRps": 11.55179752857201, "achievedThroughputRps": 4.672697287504038, "successfulThroughputRps": 4.672697287504038, "errorThroughputRps": 7.266263531998725, "totalThroughputRps": 11.938960819502762, "errorRate": 0.6086177550837588, "totalRequests": 11163, "successfulRequests": 4369, "failedRequests": 6794, "latencyMs": {"p50": 29245.439, "p95": 72220.671, "p99": 100007.935, "p999": 195821.567, "max": 198311.935, "mean": 31134.004558726418, "meanSuccessful": 32897.08953307393, "meanFailed": 30000.17098960274, "meanTotal": 31134.004558726418}, "errorsByType": {"SQLTransientConnectionException": 6794}, "firstErrorMessageByType": {"SQLTransientConnectionException": "HikariPool-1 - Connection is not available, request timed out after 30000ms (total=20, active=20, idle=0, waiting=360)"}, "appCpuMedian": 0.2004008016032064, "gcPauseMsTotal": 19}