{"runInfo": {"sut": "PGBOUNCER", "workload": "W5_HTAP", "loadMode": "open-loop", "targetRps": 12, "concurrency": 0, "poolSize": 20, "instanceId": 1, "totalInstances": 4, "configuredDbConnectionBudget": 100, "configuredReplicas": 4, "seed": 42, "durationSeconds": 900, "timestamp": "2026-07-12T14:50:01Z", "openLoopAttemptedOps": 10801, "openLoopMissedOpportunities": 0, "openLoopSchedulingDelayMs": 0.0, "clientPooling": "hikari"}, "attemptedRps": 11.555974955813188, "achievedThroughputRps": 4.624101820111526, "successfulThroughputRps": 4.624101820111526, "errorThroughputRps": 7.327735623772291, "totalThroughputRps": 11.951837443883818, "errorRate": 0.6131053620982903, "totalRequests": 11171, "successfulRequests": 4322, "failedRequests": 6849, "latencyMs": {"p50": 29949.951, "p95": 39387.135, "p99": 45252.607, "p999": 60293.119, "max": 70516.735, "mean": 30483.20698182141, "meanSuccessful": 31248.751482646923, "meanFailed": 30000.175547220177, "meanTotal": 30483.20698182141}, "errorsByType": {"SQLTransientConnectionException": 6849}, "firstErrorMessageByType": {"SQLTransientConnectionException": "HikariPool-1 - Connection is not available, request timed out after 30000ms (total=10, active=10, idle=0, waiting=360)"}, "appCpuMedian": 0.1502253380070105, "gcPauseMsTotal": 15}