{"runInfo": {"sut": "PGBOUNCER", "workload": "W5_HTAP", "loadMode": "open-loop", "targetRps": 4, "concurrency": 0, "poolSize": 20, "instanceId": 9, "totalInstances": 16, "configuredDbConnectionBudget": 100, "configuredReplicas": 16, "seed": 42, "durationSeconds": 900, "timestamp": "2026-07-15T23:10:52Z", "openLoopAttemptedOps": 3601, "openLoopMissedOpportunities": 0, "openLoopSchedulingDelayMs": 0.0, "clientPooling": "hikari"}, "attemptedRps": 3.85130806507331, "achievedThroughputRps": 1.6941049639200563, "successfulThroughputRps": 1.6941049639200563, "errorThroughputRps": 2.2812663434605303, "totalThroughputRps": 3.9753713073805867, "errorRate": 0.5738498789346247, "totalRequests": 3717, "successfulRequests": 1584, "failedRequests": 2133, "latencyMs": {"p50": 31244.287, "p95": 48103.423, "p99": 94765.055, "p999": 106430.463, "max": 109903.871, "mean": 31400.6108180947, "meanSuccessful": 33286.14711111111, "meanFailed": 30000.316986301452, "meanTotal": 31400.6108180947}, "errorsByType": {"SQLTransientConnectionException": 2133}, "firstErrorMessageByType": {"SQLTransientConnectionException": "HikariPool-1 - Connection is not available, request timed out after 30000ms (total=9, active=9, idle=0, waiting=117)"}, "appCpuMedian": 0.025021894157387717, "gcPauseMsTotal": 1}