{"runInfo": {"sut": "HIKARI_DISCIPLINED", "workload": "W5_HTAP", "loadMode": "open-loop", "targetRps": 4, "concurrency": 0, "poolSize": 19, "instanceId": 12, "totalInstances": 16, "configuredDbConnectionBudget": 300, "configuredReplicas": 16, "seed": 42, "durationSeconds": 900, "timestamp": "2026-07-15T17:39:16Z", "openLoopAttemptedOps": 3601, "openLoopMissedOpportunities": 0, "openLoopSchedulingDelayMs": 0.0, "clientPooling": "hikari"}, "attemptedRps": 3.8609377907735354, "achievedThroughputRps": 1.228869119556452, "successfulThroughputRps": 1.228869119556452, "errorThroughputRps": 2.752923510651269, "totalThroughputRps": 3.9817926302077207, "errorRate": 0.6913779210314263, "totalRequests": 3723, "successfulRequests": 1149, "failedRequests": 2574, "latencyMs": {"p50": 25526.271, "p95": 146014.207, "p99": 418643.967, "p999": 452722.687, "max": 453771.263, "mean": 31818.04666025168, "meanSuccessful": 35890.6437745866, "meanFailed": 30000.218931956875, "meanTotal": 31818.04666025168}, "errorsByType": {"SQLTransientConnectionException": 2574}, "firstErrorMessageByType": {"SQLTransientConnectionException": "HikariPool-1 - Connection is not available, request timed out after 30000ms (total=19, active=19, idle=0, waiting=112)"}, "appCpuMedian": 0.02501876407305479, "gcPauseMsTotal": 0}