{"runInfo": {"sut": "HIKARI_DISCIPLINED", "workload": "W5_HTAP", "loadMode": "open-loop", "targetRps": 3, "concurrency": 0, "poolSize": 19, "instanceId": 14, "totalInstances": 16, "configuredDbConnectionBudget": 300, "configuredReplicas": 16, "seed": 42, "durationSeconds": 900, "timestamp": "2026-07-15T15:57:11Z", "openLoopAttemptedOps": 2701, "openLoopMissedOpportunities": 0, "openLoopSchedulingDelayMs": 0.0, "clientPooling": "hikari"}, "attemptedRps": 2.891960051593252, "achievedThroughputRps": 1.2149654654622537, "successfulThroughputRps": 1.2149654654622537, "errorThroughputRps": 1.7657640699631874, "totalThroughputRps": 2.980729535425441, "errorRate": 0.5923932543954072, "totalRequests": 2787, "successfulRequests": 1136, "failedRequests": 1651, "latencyMs": {"p50": 22364.159, "p95": 154796.031, "p99": 398458.879, "p999": 440664.063, "max": 448004.095, "mean": 31117.895426126302, "meanSuccessful": 32741.71263996479, "meanFailed": 30000.250160864325, "meanTotal": 31117.895426126302}, "errorsByType": {"SQLTransientConnectionException": 1651}, "firstErrorMessageByType": {"SQLTransientConnectionException": "HikariPool-1 - Connection is not available, request timed out after 30000ms (total=19, active=19, idle=0, waiting=80)"}, "appCpuMedian": 0.025021894157387717, "gcPauseMsTotal": 0}