{"runInfo": {"sut": "HIKARI_DISCIPLINED", "workload": "W5_HTAP", "loadMode": "open-loop", "targetRps": 4, "concurrency": 0, "poolSize": 19, "instanceId": 5, "totalInstances": 16, "configuredDbConnectionBudget": 300, "configuredReplicas": 16, "seed": 42, "durationSeconds": 900, "timestamp": "2026-07-15T19:18:35Z", "openLoopAttemptedOps": 3601, "openLoopMissedOpportunities": 0, "openLoopSchedulingDelayMs": 0.0, "clientPooling": "hikari"}, "attemptedRps": 3.8513121840929365, "achievedThroughputRps": 1.4096166227810303, "successfulThroughputRps": 1.4096166227810303, "errorThroughputRps": 2.542229675531494, "totalThroughputRps": 3.951846298312524, "errorRate": 0.6433017591339648, "totalRequests": 3695, "successfulRequests": 1318, "failedRequests": 2377, "latencyMs": {"p50": 25116.671, "p95": 149684.223, "p99": 368050.175, "p999": 445120.511, "max": 446169.087, "mean": 31454.562659384035, "meanSuccessful": 34077.582046282245, "meanFailed": 30000.269065944467, "meanTotal": 31454.562659384035}, "errorsByType": {"SQLTransientConnectionException": 2377}, "firstErrorMessageByType": {"SQLTransientConnectionException": "HikariPool-1 - Connection is not available, request timed out after 30000ms (total=19, active=19, idle=0, waiting=93)"}, "appCpuMedian": 0.025025025025025023, "gcPauseMsTotal": 0}