{"runInfo": {"sut": "HIKARI_DISCIPLINED", "workload": "W5_HTAP", "loadMode": "open-loop", "targetRps": 3, "concurrency": 0, "poolSize": 19, "instanceId": 5, "totalInstances": 16, "configuredDbConnectionBudget": 300, "configuredReplicas": 16, "seed": 42, "durationSeconds": 900, "timestamp": "2026-07-15T10:59:13Z", "openLoopAttemptedOps": 2701, "openLoopMissedOpportunities": 0, "openLoopSchedulingDelayMs": 0.0, "clientPooling": "hikari"}, "attemptedRps": 2.898377122713651, "achievedThroughputRps": 1.2395642380904508, "successfulThroughputRps": 1.2395642380904508, "errorThroughputRps": 1.74544334474859, "totalThroughputRps": 2.9850075828390406, "errorRate": 0.584736653529201, "totalRequests": 2791, "successfulRequests": 1159, "failedRequests": 1632, "latencyMs": {"p50": 21381.119, "p95": 142344.191, "p99": 410517.503, "p999": 439091.199, "max": 447217.663, "mean": 30687.909822675745, "meanSuccessful": 31656.10553235548, "meanFailed": 30000.314782416666, "meanTotal": 30687.909822675745}, "errorsByType": {"SQLTransientConnectionException": 1632}, "firstErrorMessageByType": {"SQLTransientConnectionException": "HikariPool-1 - Connection is not available, request timed out after 30000ms (total=19, active=19, idle=0, waiting=80)"}, "appCpuMedian": 0.025021894157387717, "gcPauseMsTotal": 0}