{"runInfo": {"sut": "HIKARI_DISCIPLINED", "workload": "W5_HTAP", "loadMode": "open-loop", "targetRps": 8, "concurrency": 0, "poolSize": 38, "instanceId": 0, "totalInstances": 2, "configuredDbConnectionBudget": 75, "configuredReplicas": 2, "seed": 42, "durationSeconds": 900, "timestamp": "2026-05-30T23:08:47Z", "openLoopAttemptedOps": 9601, "openLoopMissedOpportunities": 0, "openLoopSchedulingDelayMs": 0.108893, "clientPooling": "hikari"}, "attemptedRps": 5.350502172303882, "achievedThroughputRps": 1.0088464095916423, "successfulThroughputRps": 1.0088464095916423, "errorThroughputRps": 4.52246583612113, "totalThroughputRps": 5.531312245712772, "errorRate": 0.8176117411607738, "totalRequests": 7495, "successfulRequests": 1367, "failedRequests": 6128, "latencyMs": {"p50": 27557.887, "p95": 60030.975, "p99": 60030.975, "p999": 60030.975, "max": 60653.567, "mean": 33313.67072118706, "meanSuccessful": 21817.51040307242, "meanFailed": 30000.270337336817, "meanTotal": 33313.67072118706}, "errorsByType": {"SQLTransientConnectionException": 6128}, "firstErrorMessageByType": {"SQLTransientConnectionException": "HikariPool-1 - Connection is not available, request timed out after 30000ms (total=38, active=38, idle=0, waiting=225)"}, "appCpuMedian": 0.15037593984962408, "gcPauseMsTotal": 14}