{"runInfo": {"sut": "PGBOUNCER", "workload": "W5_HTAP", "loadMode": "open-loop", "targetRps": 8, "concurrency": 0, "poolSize": 20, "instanceId": 0, "totalInstances": 4, "configuredDbConnectionBudget": 100, "configuredReplicas": 4, "seed": 42, "durationSeconds": 900, "timestamp": "2026-07-02T02:10:19Z", "openLoopAttemptedOps": 7201, "openLoopMissedOpportunities": 0, "openLoopSchedulingDelayMs": 0.0, "clientPooling": "hikari"}, "attemptedRps": 6.8353562861832025, "achievedThroughputRps": 3.841506303316681, "successfulThroughputRps": 3.841506303316681, "errorThroughputRps": 3.2074252035846467, "totalThroughputRps": 7.048931506901328, "errorRate": 0.4550228925397253, "totalRequests": 7426, "successfulRequests": 4047, "failedRequests": 3379, "latencyMs": {"p50": 29622.271, "p95": 38633.471, "p99": 43974.655, "p999": 62783.487, "max": 65994.751, "mean": 30151.206096241986, "meanSuccessful": 30277.338994810973, "meanFailed": 30000.22879849808, "meanTotal": 30151.206096241986}, "errorsByType": {"SQLTransientConnectionException": 3379}, "firstErrorMessageByType": {"SQLTransientConnectionException": "HikariPool-1 - Connection is not available, request timed out after 30000ms (total=12, active=12, idle=0, waiting=225)"}, "appCpuMedian": 0.15018774407858032, "gcPauseMsTotal": 12}