{"runInfo": {"sut": "PGBOUNCER", "workload": "W5_HTAP", "loadMode": "open-loop", "targetRps": 3, "concurrency": 0, "poolSize": 20, "instanceId": 10, "totalInstances": 16, "configuredDbConnectionBudget": 100, "configuredReplicas": 16, "seed": 42, "durationSeconds": 900, "timestamp": "2026-07-15T14:51:23Z", "openLoopAttemptedOps": 2701, "openLoopMissedOpportunities": 0, "openLoopSchedulingDelayMs": 0.0, "clientPooling": "hikari"}, "attemptedRps": 2.8887453369382934, "achievedThroughputRps": 1.7293969677264793, "successfulThroughputRps": 1.7293969677264793, "errorThroughputRps": 1.2598822683870083, "totalThroughputRps": 2.9892792361134877, "errorRate": 0.4214669051878354, "totalRequests": 2795, "successfulRequests": 1617, "failedRequests": 1178, "latencyMs": {"p50": 29704.191, "p95": 43909.119, "p99": 81395.711, "p999": 101384.191, "max": 101711.871, "mean": 30479.641000842938, "meanSuccessful": 30828.472282003713, "meanFailed": 30000.314112858236, "meanTotal": 30479.641000842938}, "errorsByType": {"SQLTransientConnectionException": 1178}, "firstErrorMessageByType": {"SQLTransientConnectionException": "HikariPool-1 - Connection is not available, request timed out after 30000ms (total=11, active=11, idle=0, waiting=88)"}, "appCpuMedian": 0.025021894157387717, "gcPauseMsTotal": 2}