{"runInfo": {"sut": "PGBOUNCER", "workload": "W5_HTAP", "loadMode": "open-loop", "targetRps": 3, "concurrency": 0, "poolSize": 20, "instanceId": 5, "totalInstances": 16, "configuredDbConnectionBudget": 100, "configuredReplicas": 16, "seed": 42, "durationSeconds": 900, "timestamp": "2026-07-15T14:51:19Z", "openLoopAttemptedOps": 2701, "openLoopMissedOpportunities": 0, "openLoopSchedulingDelayMs": 0.0, "clientPooling": "hikari"}, "attemptedRps": 2.8887515160330524, "achievedThroughputRps": 1.5807385193250096, "successfulThroughputRps": 1.5807385193250096, "errorThroughputRps": 1.3732532197654348, "totalThroughputRps": 2.953991739090444, "errorRate": 0.46488052136133234, "totalRequests": 2762, "successfulRequests": 1478, "failedRequests": 1284, "latencyMs": {"p50": 29753.343, "p95": 46694.399, "p99": 74973.183, "p999": 101056.511, "max": 111869.951, "mean": 30704.071618796883, "meanSuccessful": 31315.55639512855, "meanFailed": 30000.367946155762, "meanTotal": 30704.071618796883}, "errorsByType": {"SQLTransientConnectionException": 1284}, "firstErrorMessageByType": {"SQLTransientConnectionException": "HikariPool-1 - Connection is not available, request timed out after 30000ms (total=12, active=12, idle=0, waiting=58)"}, "appCpuMedian": 0.025025025025025023, "gcPauseMsTotal": 2}