{"runInfo": {"sut": "HIKARI_DISCIPLINED", "workload": "W5_HTAP", "loadMode": "open-loop", "targetRps": 12, "concurrency": 0, "poolSize": 20, "instanceId": 3, "totalInstances": 4, "configuredDbConnectionBudget": 80, "configuredReplicas": 4, "seed": 42, "durationSeconds": 900, "timestamp": "2026-07-02T12:34:56Z", "openLoopAttemptedOps": 10800, "openLoopMissedOpportunities": 0, "openLoopSchedulingDelayMs": 0.0, "clientPooling": "hikari"}, "attemptedRps": 10.237827355027303, "achievedThroughputRps": 3.094760329058804, "successfulThroughputRps": 3.094760329058804, "errorThroughputRps": 7.50230566753459, "totalThroughputRps": 10.597065996593393, "errorRate": 0.7079606440071556, "totalRequests": 11180, "successfulRequests": 3265, "failedRequests": 7915, "latencyMs": {"p50": 29458.431, "p95": 90963.967, "p99": 209584.127, "p999": 220069.887, "max": 222429.183, "mean": 31422.834682160017, "meanSuccessful": 34871.4099381317, "meanFailed": 30000.213769743903, "meanTotal": 31422.834682160017}, "errorsByType": {"SQLTransientConnectionException": 7915}, "firstErrorMessageByType": {"SQLTransientConnectionException": "HikariPool-1 - Connection is not available, request timed out after 30000ms (total=20, active=20, idle=0, waiting=359)"}, "appCpuMedian": 0.2004008016032064, "gcPauseMsTotal": 15}