{"runInfo": {"sut": "HIKARI_DISCIPLINED", "workload": "W5_HTAP", "loadMode": "open-loop", "targetRps": 8, "concurrency": 0, "poolSize": 20, "instanceId": 3, "totalInstances": 4, "configuredDbConnectionBudget": 80, "configuredReplicas": 4, "seed": 42, "durationSeconds": 900, "timestamp": "2026-07-12T03:17:52Z", "openLoopAttemptedOps": 7200, "openLoopMissedOpportunities": 0, "openLoopSchedulingDelayMs": 0.0, "clientPooling": "hikari"}, "attemptedRps": 7.701554856332473, "achievedThroughputRps": 2.8288588522426594, "successfulThroughputRps": 2.8288588522426594, "errorThroughputRps": 5.131517872612583, "totalThroughputRps": 7.960376724855242, "errorRate": 0.6446325406422142, "totalRequests": 7443, "successfulRequests": 2645, "failedRequests": 4798, "latencyMs": {"p50": 29065.215, "p95": 98500.607, "p99": 236978.175, "p999": 245104.639, "max": 246153.215, "mean": 31902.71880699355, "meanSuccessful": 35353.748276748585, "meanFailed": 30000.184775680907, "meanTotal": 31902.71880699355}, "errorsByType": {"SQLTransientConnectionException": 4798}, "firstErrorMessageByType": {"SQLTransientConnectionException": "HikariPool-1 - Connection is not available, request timed out after 30000ms (total=20, active=20, idle=0, waiting=240)"}, "appCpuMedian": 0.1502253380070105, "gcPauseMsTotal": 14}