{"runInfo": {"sut": "HIKARI_DISCIPLINED", "workload": "W5_HTAP", "loadMode": "open-loop", "targetRps": 12, "concurrency": 0, "poolSize": 20, "instanceId": 2, "totalInstances": 4, "configuredDbConnectionBudget": 80, "configuredReplicas": 4, "seed": 42, "durationSeconds": 900, "timestamp": "2026-07-02T15:44:17Z", "openLoopAttemptedOps": 10801, "openLoopMissedOpportunities": 0, "openLoopSchedulingDelayMs": 0.0, "clientPooling": "hikari"}, "attemptedRps": 10.237837059055476, "achievedThroughputRps": 3.4824380478631443, "successfulThroughputRps": 3.4824380478631443, "errorThroughputRps": 7.115585853377415, "totalThroughputRps": 10.598023901240559, "errorRate": 0.67140685090779, "totalRequests": 11181, "successfulRequests": 3674, "failedRequests": 7507, "latencyMs": {"p50": 29409.279, "p95": 86507.519, "p99": 204472.319, "p999": 215875.583, "max": 218234.879, "mean": 31405.633240752795, "meanSuccessful": 34277.26508029396, "meanFailed": 30000.21327823618, "meanTotal": 31405.633240752795}, "errorsByType": {"SQLTransientConnectionException": 7507}, "firstErrorMessageByType": {"SQLTransientConnectionException": "HikariPool-1 - Connection is not available, request timed out after 30000ms (total=20, active=20, idle=0, waiting=360)"}, "appCpuMedian": 0.25012506253126565, "gcPauseMsTotal": 19}