{"runInfo": {"sut": "PGBOUNCER", "workload": "W5_HTAP", "loadMode": "open-loop", "targetRps": 3, "concurrency": 0, "poolSize": 20, "instanceId": 1, "totalInstances": 16, "configuredDbConnectionBudget": 100, "configuredReplicas": 16, "seed": 42, "durationSeconds": 900, "timestamp": "2026-07-15T13:11:35Z", "openLoopAttemptedOps": 2701, "openLoopMissedOpportunities": 0, "openLoopSchedulingDelayMs": 0.0, "clientPooling": "hikari"}, "attemptedRps": 2.8887453369382934, "achievedThroughputRps": 1.5935692528833978, "successfulThroughputRps": 1.5935692528833978, "errorThroughputRps": 1.3828758684417672, "totalThroughputRps": 2.976445121325165, "errorRate": 0.4646065397053539, "totalRequests": 2783, "successfulRequests": 1490, "failedRequests": 1293, "latencyMs": {"p50": 30556.159, "p95": 49348.607, "p99": 71041.023, "p999": 107216.895, "max": 110886.911, "mean": 31022.154742969455, "meanSuccessful": 31908.75833557047, "meanFailed": 30000.351418579274, "meanTotal": 31022.154742969455}, "errorsByType": {"SQLTransientConnectionException": 1293}, "firstErrorMessageByType": {"SQLTransientConnectionException": "HikariPool-1 - Connection is not available, request timed out after 30001ms (total=9, active=9, idle=0, waiting=77)"}, "appCpuMedian": 0.025021894157387717, "gcPauseMsTotal": 2}