{"runInfo": {"sut": "HIKARI_DISCIPLINED", "workload": "W5_HTAP", "loadMode": "open-loop", "targetRps": 12, "concurrency": 0, "poolSize": 20, "instanceId": 2, "totalInstances": 4, "configuredDbConnectionBudget": 80, "configuredReplicas": 4, "seed": 42, "durationSeconds": 900, "timestamp": "2026-07-02T09:27:04Z", "openLoopAttemptedOps": 10801, "openLoopMissedOpportunities": 0, "openLoopSchedulingDelayMs": 0.0, "clientPooling": "hikari"}, "attemptedRps": 10.237827355027303, "achievedThroughputRps": 2.9307806852832536, "successfulThroughputRps": 2.9307806852832536, "errorThroughputRps": 7.6672331705227155, "totalThroughputRps": 10.59801385580597, "errorRate": 0.7234594401216349, "totalRequests": 11181, "successfulRequests": 3092, "failedRequests": 8089, "latencyMs": {"p50": 29523.967, "p95": 91095.039, "p99": 212598.783, "p999": 218628.095, "max": 219807.743, "mean": 31511.256873710132, "meanSuccessful": 35464.368186287196, "meanFailed": 30000.202094702065, "meanTotal": 31511.256873710132}, "errorsByType": {"SQLTransientConnectionException": 8089}, "firstErrorMessageByType": {"SQLTransientConnectionException": "HikariPool-1 - Connection is not available, request timed out after 30000ms (total=20, active=20, idle=0, waiting=360)"}, "appCpuMedian": 0.20050125313283207, "gcPauseMsTotal": 17}