{"runInfo": {"sut": "HIKARI_DISCIPLINED", "workload": "W5_HTAP", "loadMode": "open-loop", "targetRps": 2, "concurrency": 0, "poolSize": 19, "instanceId": 14, "totalInstances": 16, "configuredDbConnectionBudget": 300, "configuredReplicas": 16, "seed": 42, "durationSeconds": 900, "timestamp": "2026-07-15T01:05:29Z", "openLoopAttemptedOps": 1801, "openLoopMissedOpportunities": 0, "openLoopSchedulingDelayMs": 0.0, "clientPooling": "hikari"}, "attemptedRps": 1.9261908479731682, "achievedThroughputRps": 1.1144313512426658, "successfulThroughputRps": 1.1144313512426658, "errorThroughputRps": 0.8064119374635029, "totalThroughputRps": 1.9208432887061688, "errorRate": 0.4198218262806236, "totalRequests": 1796, "successfulRequests": 1042, "failedRequests": 754, "latencyMs": {"p50": 413.695, "p95": 119930.879, "p99": 400818.175, "p999": 559415.295, "max": 585629.695, "mean": 24486.25413069989, "meanSuccessful": 20496.050246641073, "meanFailed": 30000.295521690983, "meanTotal": 24486.25413069989}, "errorsByType": {"SQLTransientConnectionException": 754}, "firstErrorMessageByType": {"SQLTransientConnectionException": "HikariPool-1 - Connection is not available, request timed out after 30001ms (total=19, active=19, idle=0, waiting=39)"}, "appCpuMedian": 0.02501250625312656, "gcPauseMsTotal": 0}