{"runInfo": {"sut": "HIKARI_DISCIPLINED", "workload": "W5_HTAP", "loadMode": "open-loop", "targetRps": 3, "concurrency": 0, "poolSize": 19, "instanceId": 15, "totalInstances": 16, "configuredDbConnectionBudget": 300, "configuredReplicas": 16, "seed": 42, "durationSeconds": 900, "timestamp": "2026-07-15T15:57:12Z", "openLoopAttemptedOps": 2701, "openLoopMissedOpportunities": 0, "openLoopSchedulingDelayMs": 0.0, "clientPooling": "hikari"}, "attemptedRps": 2.8887484264823686, "achievedThroughputRps": 1.294107958550043, "successfulThroughputRps": 1.294107958550043, "errorThroughputRps": 1.6684367068909645, "totalThroughputRps": 2.9625446654410075, "errorRate": 0.5631768953068592, "totalRequests": 2770, "successfulRequests": 1210, "failedRequests": 1560, "latencyMs": {"p50": 21118.975, "p95": 141688.831, "p99": 379846.655, "p999": 435683.327, "max": 440401.919, "mean": 30310.850036938627, "meanSuccessful": 30711.717085123968, "meanFailed": 30000.330285283977, "meanTotal": 30310.850036938627}, "errorsByType": {"SQLTransientConnectionException": 1560}, "firstErrorMessageByType": {"SQLTransientConnectionException": "HikariPool-1 - Connection is not available, request timed out after 30000ms (total=19, active=19, idle=0, waiting=72)"}, "appCpuMedian": 0.025025025025025023, "gcPauseMsTotal": 0}