{"runInfo": {"sut": "HIKARI_DISCIPLINED", "workload": "W5_HTAP", "loadMode": "open-loop", "targetRps": 4, "concurrency": 0, "poolSize": 20, "instanceId": 2, "totalInstances": 4, "configuredDbConnectionBudget": 80, "configuredReplicas": 4, "seed": 42, "durationSeconds": 900, "timestamp": "2026-07-11T21:00:33Z", "openLoopAttemptedOps": 3601, "openLoopMissedOpportunities": 0, "openLoopSchedulingDelayMs": 0.0, "clientPooling": "hikari"}, "attemptedRps": 3.85130806507331, "achievedThroughputRps": 3.278050324756927, "successfulThroughputRps": 3.278050324756927, "errorThroughputRps": 0.5593541010922913, "totalThroughputRps": 3.8374044258492184, "errorRate": 0.14576365663322186, "totalRequests": 3588, "successfulRequests": 3065, "failedRequests": 523, "latencyMs": {"p50": 14991.359, "p95": 46694.399, "p99": 132448.255, "p999": 232259.583, "max": 237109.247, "mean": 19706.111321784003, "meanSuccessful": 17949.43703327896, "meanFailed": 30000.309075397705, "meanTotal": 19706.111321784003}, "errorsByType": {"SQLTransientConnectionException": 523}, "firstErrorMessageByType": {"SQLTransientConnectionException": "HikariPool-1 - Connection is not available, request timed out after 30001ms (total=20, active=20, idle=0, waiting=57)"}, "appCpuMedian": 0.1502253380070105, "gcPauseMsTotal": 16}