{"runInfo": {"sut": "HIKARI_DISCIPLINED", "workload": "W5_HTAP", "loadMode": "open-loop", "targetRps": 4, "concurrency": 0, "poolSize": 19, "instanceId": 3, "totalInstances": 16, "configuredDbConnectionBudget": 300, "configuredReplicas": 16, "seed": 42, "durationSeconds": 900, "timestamp": "2026-07-15T20:57:58Z", "openLoopAttemptedOps": 3600, "openLoopMissedOpportunities": 0, "openLoopSchedulingDelayMs": 0.0, "clientPooling": "hikari"}, "attemptedRps": 3.8577292552133358, "achievedThroughputRps": 1.4427714902364264, "successfulThroughputRps": 1.4427714902364264, "errorThroughputRps": 2.535812604411095, "totalThroughputRps": 3.978584094647521, "errorRate": 0.6373655913978494, "totalRequests": 3720, "successfulRequests": 1349, "failedRequests": 2371, "latencyMs": {"p50": 24330.239, "p95": 141164.543, "p99": 386400.255, "p999": 443285.503, "max": 448790.527, "mean": 31145.348483956186, "meanSuccessful": 33157.825556708674, "meanFailed": 30000.27127546689, "meanTotal": 31145.348483956186}, "errorsByType": {"SQLTransientConnectionException": 2371}, "firstErrorMessageByType": {"SQLTransientConnectionException": "HikariPool-1 - Connection is not available, request timed out after 30000ms (total=19, active=19, idle=0, waiting=112)"}, "appCpuMedian": 0.025025025025025023, "gcPauseMsTotal": 0}