{"runInfo": {"sut": "HIKARI_DISCIPLINED", "workload": "W5_HTAP", "loadMode": "open-loop", "targetRps": 2, "concurrency": 0, "poolSize": 19, "instanceId": 1, "totalInstances": 16, "configuredDbConnectionBudget": 300, "configuredReplicas": 16, "seed": 42, "durationSeconds": 900, "timestamp": "2026-07-15T04:23:07Z", "openLoopAttemptedOps": 1801, "openLoopMissedOpportunities": 0, "openLoopSchedulingDelayMs": 0.0, "clientPooling": "hikari"}, "attemptedRps": 1.9261887878914277, "achievedThroughputRps": 0.9999925134250333, "successfulThroughputRps": 0.9999925134250333, "errorThroughputRps": 0.920848720918667, "totalThroughputRps": 1.9208412343437002, "errorRate": 0.47939866369710465, "totalRequests": 1796, "successfulRequests": 935, "failedRequests": 861, "latencyMs": {"p50": 182.783, "p95": 134348.799, "p99": 403701.759, "p999": 570425.343, "max": 570425.343, "mean": 25871.534825355233, "meanSuccessful": 22069.284555080212, "meanFailed": 30000.325470898955, "meanTotal": 25871.534825355233}, "errorsByType": {"SQLTransientConnectionException": 861}, "firstErrorMessageByType": {"SQLTransientConnectionException": "HikariPool-1 - Connection is not available, request timed out after 30001ms (total=19, active=19, idle=0, waiting=46)"}, "appCpuMedian": 0.025025025025025023, "gcPauseMsTotal": 0}