{"runInfo": {"sut": "PGBOUNCER", "workload": "W5_HTAP", "loadMode": "open-loop", "targetRps": 12, "concurrency": 0, "poolSize": 20, "instanceId": 1, "totalInstances": 4, "configuredDbConnectionBudget": 100, "configuredReplicas": 4, "seed": 42, "durationSeconds": 900, "timestamp": "2026-07-05T15:23:48Z", "openLoopAttemptedOps": 10801, "openLoopMissedOpportunities": 0, "openLoopSchedulingDelayMs": 0.0, "clientPooling": "hikari"}, "attemptedRps": 11.560972059289451, "achievedThroughputRps": 5.235136963427896, "successfulThroughputRps": 5.235136963427896, "errorThroughputRps": 6.722939126413947, "totalThroughputRps": 11.958076089841843, "errorRate": 0.5622090941639813, "totalRequests": 11172, "successfulRequests": 4891, "failedRequests": 6281, "latencyMs": {"p50": 29917.183, "p95": 38436.863, "p99": 43614.207, "p999": 62324.735, "max": 65142.783, "mean": 30448.66929069701, "meanSuccessful": 31024.76446043754, "meanFailed": 30000.20578851791, "meanTotal": 30448.66929069701}, "errorsByType": {"SQLTransientConnectionException": 6281}, "firstErrorMessageByType": {"SQLTransientConnectionException": "HikariPool-1 - Connection is not available, request timed out after 30000ms (total=11, active=11, idle=0, waiting=360)"}, "appCpuMedian": 0.20020020020020018, "gcPauseMsTotal": 11}