{"runInfo": {"sut": "HIKARI_DISCIPLINED", "workload": "W5_HTAP", "loadMode": "open-loop", "targetRps": 4, "concurrency": 0, "poolSize": 19, "instanceId": 11, "totalInstances": 16, "configuredDbConnectionBudget": 300, "configuredReplicas": 16, "seed": 42, "durationSeconds": 900, "timestamp": "2026-07-16T00:17:16Z", "openLoopAttemptedOps": 3600, "openLoopMissedOpportunities": 0, "openLoopSchedulingDelayMs": 0.0, "clientPooling": "hikari"}, "attemptedRps": 3.8513121840929365, "achievedThroughputRps": 1.3326117693362396, "successfulThroughputRps": 1.3326117693362396, "errorThroughputRps": 2.6192345289762846, "totalThroughputRps": 3.951846298312524, "errorRate": 0.662787550744249, "totalRequests": 3695, "successfulRequests": 1246, "failedRequests": 2449, "latencyMs": {"p50": 25264.127, "p95": 148635.647, "p99": 409468.927, "p999": 435683.327, "max": 437780.479, "mean": 31717.527465955616, "meanSuccessful": 35092.69825120385, "meanFailed": 30000.273338644754, "meanTotal": 31717.527465955616}, "errorsByType": {"SQLTransientConnectionException": 2449}, "firstErrorMessageByType": {"SQLTransientConnectionException": "HikariPool-1 - Connection is not available, request timed out after 30000ms (total=19, active=19, idle=0, waiting=112)"}, "appCpuMedian": 0.025025025025025023, "gcPauseMsTotal": 0}