{"runInfo": {"sut": "PGBOUNCER", "workload": "W5_HTAP", "loadMode": "open-loop", "targetRps": 3, "concurrency": 0, "poolSize": 20, "instanceId": 12, "totalInstances": 16, "configuredDbConnectionBudget": 100, "configuredReplicas": 16, "seed": 42, "durationSeconds": 900, "timestamp": "2026-07-15T09:53:15Z", "openLoopAttemptedOps": 2701, "openLoopMissedOpportunities": 0, "openLoopSchedulingDelayMs": 0.0, "clientPooling": "hikari"}, "attemptedRps": 2.8887515160330524, "achievedThroughputRps": 1.4566751443306247, "successfulThroughputRps": 1.4566751443306247, "errorThroughputRps": 1.5304714622152158, "totalThroughputRps": 2.9871466065458403, "errorRate": 0.5123523093447906, "totalRequests": 2793, "successfulRequests": 1362, "failedRequests": 1431, "latencyMs": {"p50": 31752.191, "p95": 53379.071, "p99": 95289.343, "p999": 106758.143, "max": 108724.223, "mean": 32089.22093453419, "meanSuccessful": 34284.31857856094, "meanFailed": 30000.295186296997, "meanTotal": 32089.22093453419}, "errorsByType": {"SQLTransientConnectionException": 1431}, "firstErrorMessageByType": {"SQLTransientConnectionException": "HikariPool-1 - Connection is not available, request timed out after 30000ms (total=8, active=8, idle=0, waiting=90)"}, "appCpuMedian": 0.025025025025025023, "gcPauseMsTotal": 1}