{"runInfo": {"sut": "PGBOUNCER", "workload": "W5_HTAP", "loadMode": "open-loop", "targetRps": 4, "concurrency": 0, "poolSize": 20, "instanceId": 0, "totalInstances": 2, "configuredDbConnectionBudget": 100, "configuredReplicas": 2, "seed": 42, "durationSeconds": 900, "timestamp": "2026-05-30T15:23:56Z", "openLoopAttemptedOps": 4801, "openLoopMissedOpportunities": 0, "openLoopSchedulingDelayMs": 0.162934, "clientPooling": "hikari"}, "attemptedRps": 2.65754104022695, "achievedThroughputRps": 1.1505433162215537, "successfulThroughputRps": 1.1505433162215537, "errorThroughputRps": 1.5313517518664042, "totalThroughputRps": 2.681895068087958, "errorRate": 0.5709961474958724, "totalRequests": 3634, "successfulRequests": 1559, "failedRequests": 2075, "latencyMs": {"p50": 26427.391, "p95": 60030.975, "p99": 60030.975, "p999": 65142.783, "max": 66224.127, "mean": 29158.3902881131, "meanSuccessful": 25882.597749198205, "meanFailed": 30000.302876659276, "meanTotal": 29158.3902881131}, "errorsByType": {"SQLTransientConnectionException": 2075}, "firstErrorMessageByType": {"SQLTransientConnectionException": "HikariPool-1 - Connection is not available, request timed out after 30000ms (total=10, active=10, idle=0, waiting=48)"}, "appCpuMedian": 0.15015015015015015, "gcPauseMsTotal": 6}