{"runInfo": {"sut": "PGBOUNCER", "workload": "W5_HTAP", "loadMode": "open-loop", "targetRps": 12, "concurrency": 0, "poolSize": 20, "instanceId": 3, "totalInstances": 4, "configuredDbConnectionBudget": 100, "configuredReplicas": 4, "seed": 42, "durationSeconds": 900, "timestamp": "2026-07-05T12:16:10Z", "openLoopAttemptedOps": 10801, "openLoopMissedOpportunities": 0, "openLoopSchedulingDelayMs": 0.0, "clientPooling": "hikari"}, "attemptedRps": 11.58658183499446, "achievedThroughputRps": 4.84231371198639, "successfulThroughputRps": 4.84231371198639, "errorThroughputRps": 7.130451759763742, "totalThroughputRps": 11.972765471750131, "errorRate": 0.5955559537675835, "totalRequests": 11161, "successfulRequests": 4514, "failedRequests": 6647, "latencyMs": {"p50": 29949.951, "p95": 38436.863, "p99": 43876.351, "p999": 59932.671, "max": 64159.743, "mean": 30434.402015743482, "meanSuccessful": 31073.56279840496, "meanFailed": 30000.240414161126, "meanTotal": 30434.402015743482}, "errorsByType": {"SQLTransientConnectionException": 6647}, "firstErrorMessageByType": {"SQLTransientConnectionException": "HikariPool-1 - Connection is not available, request timed out after 30000ms (total=13, active=13, idle=0, waiting=360)"}, "appCpuMedian": 0.20030045067601399, "gcPauseMsTotal": 14}