{"runInfo": {"sut": "PGBOUNCER", "workload": "W5_HTAP", "loadMode": "open-loop", "targetRps": 8, "concurrency": 0, "poolSize": 20, "instanceId": 3, "totalInstances": 4, "configuredDbConnectionBudget": 100, "configuredReplicas": 4, "seed": 42, "durationSeconds": 900, "timestamp": "2026-07-02T05:17:47Z", "openLoopAttemptedOps": 7201, "openLoopMissedOpportunities": 0, "openLoopSchedulingDelayMs": 0.0, "clientPooling": "hikari"}, "attemptedRps": 6.838998149928011, "achievedThroughputRps": 4.221545171008194, "successfulThroughputRps": 4.221545171008194, "errorThroughputRps": 2.8558349447067806, "totalThroughputRps": 7.077380115714975, "errorRate": 0.403515834675255, "totalRequests": 7452, "successfulRequests": 4445, "failedRequests": 3007, "latencyMs": {"p50": 29638.655, "p95": 38699.007, "p99": 46071.807, "p999": 60817.407, "max": 64290.815, "mean": 30283.31706013755, "meanSuccessful": 30474.759717435318, "meanFailed": 30000.27228244596, "meanTotal": 30283.31706013755}, "errorsByType": {"SQLTransientConnectionException": 3007}, "firstErrorMessageByType": {"SQLTransientConnectionException": "HikariPool-1 - Connection is not available, request timed out after 30000ms (total=11, active=11, idle=0, waiting=240)"}, "appCpuMedian": 0.1503006012024048, "gcPauseMsTotal": 11}