{"runInfo": {"sut": "PGBOUNCER", "workload": "W5_HTAP", "loadMode": "open-loop", "targetRps": 5, "concurrency": 0, "poolSize": 20, "instanceId": 2, "totalInstances": 4, "configuredDbConnectionBudget": 100, "configuredReplicas": 4, "seed": 42, "durationSeconds": 1800, "timestamp": "2026-05-23T06:53:04Z", "openLoopAttemptedOps": 10501, "openLoopMissedOpportunities": 0, "openLoopSchedulingDelayMs": 0.161783, "clientPooling": "hikari"}, "attemptedRps": 3.991549498140588, "achievedThroughputRps": 0.7392415302077947, "successfulThroughputRps": 0.7392415302077947, "errorThroughputRps": 3.3219305955528435, "totalThroughputRps": 4.061172125760638, "errorRate": 0.8179733566280847, "totalRequests": 9158, "successfulRequests": 1667, "failedRequests": 7491, "latencyMs": {"p50": 29163.519, "p95": 60030.975, "p99": 60522.495, "p999": 64978.943, "max": 66977.791, "mean": 30806.479912653198, "meanSuccessful": 32081.6075584883, "meanFailed": 30000.281346159794, "meanTotal": 30806.479912653198}, "errorsByType": {"SQLTransientConnectionException": 7491}, "firstErrorMessageByType": {"SQLTransientConnectionException": "HikariPool-1 - Connection is not available, request timed out after 30000ms (total=7, active=7, idle=0, waiting=150)"}, "appCpuMedian": 0.1503006012024048, "gcPauseMsTotal": 4327}