{"runInfo": {"sut": "HIKARI_DISCIPLINED", "workload": "W5_HTAP", "loadMode": "open-loop", "targetRps": 4, "concurrency": 0, "poolSize": 19, "instanceId": 8, "totalInstances": 16, "configuredDbConnectionBudget": 300, "configuredReplicas": 16, "seed": 42, "durationSeconds": 900, "timestamp": "2026-07-15T22:37:24Z", "openLoopAttemptedOps": 3601, "openLoopMissedOpportunities": 0, "openLoopSchedulingDelayMs": 0.0, "clientPooling": "hikari"}, "attemptedRps": 3.85130806507331, "achievedThroughputRps": 1.5785978072891433, "successfulThroughputRps": 1.5785978072891433, "errorThroughputRps": 2.3946344786723524, "totalThroughputRps": 3.9732322859614957, "errorRate": 0.6026917900403769, "totalRequests": 3715, "successfulRequests": 1476, "failedRequests": 2239, "latencyMs": {"p50": 24526.847, "p95": 137101.311, "p99": 354156.543, "p999": 423624.703, "max": 425197.567, "mean": 30963.180956484524, "meanSuccessful": 32424.105251355013, "meanFailed": 30000.222673870034, "meanTotal": 30963.180956484524}, "errorsByType": {"SQLTransientConnectionException": 2239}, "firstErrorMessageByType": {"SQLTransientConnectionException": "HikariPool-1 - Connection is not available, request timed out after 30000ms (total=19, active=19, idle=0, waiting=112)"}, "appCpuMedian": 0.025021894157387717, "gcPauseMsTotal": 0}