{"runInfo": {"sut": "PGBOUNCER", "workload": "W5_HTAP", "loadMode": "open-loop", "targetRps": 12, "concurrency": 0, "poolSize": 20, "instanceId": 2, "totalInstances": 4, "configuredDbConnectionBudget": 100, "configuredReplicas": 4, "seed": 42, "durationSeconds": 900, "timestamp": "2026-07-02T13:06:27Z", "openLoopAttemptedOps": 10801, "openLoopMissedOpportunities": 0, "openLoopSchedulingDelayMs": 0.0, "clientPooling": "hikari"}, "attemptedRps": 10.237827355027303, "achievedThroughputRps": 4.196172734071463, "successfulThroughputRps": 4.196172734071463, "errorThroughputRps": 6.3885710927584505, "totalThroughputRps": 10.584743826829913, "errorRate": 0.6035640727142474, "totalRequests": 11167, "successfulRequests": 4427, "failedRequests": 6740, "latencyMs": {"p50": 29917.183, "p95": 39485.439, "p99": 45744.127, "p999": 65601.535, "max": 73924.607, "mean": 30408.179318109163, "meanSuccessful": 31029.298956403883, "meanFailed": 30000.23250262181, "meanTotal": 30408.179318109163}, "errorsByType": {"SQLTransientConnectionException": 6740}, "firstErrorMessageByType": {"SQLTransientConnectionException": "HikariPool-1 - Connection is not available, request timed out after 30000ms (total=7, active=7, idle=0, waiting=359)"}, "appCpuMedian": 0.15037593984962408, "gcPauseMsTotal": 11}