{"runInfo": {"sut": "HIKARI_DISCIPLINED", "workload": "W5_HTAP", "loadMode": "open-loop", "targetRps": 4, "concurrency": 0, "poolSize": 19, "instanceId": 7, "totalInstances": 16, "configuredDbConnectionBudget": 300, "configuredReplicas": 16, "seed": 42, "durationSeconds": 900, "timestamp": "2026-07-15T20:58:01Z", "openLoopAttemptedOps": 3601, "openLoopMissedOpportunities": 0, "openLoopSchedulingDelayMs": 0.0, "clientPooling": "hikari"}, "attemptedRps": 3.8523816959463364, "achievedThroughputRps": 1.2438422855040503, "successfulThroughputRps": 1.2438422855040503, "errorThroughputRps": 2.7293942498764716, "totalThroughputRps": 3.9732365353805217, "errorRate": 0.6869448183041723, "totalRequests": 3715, "successfulRequests": 1163, "failedRequests": 2552, "latencyMs": {"p50": 25608.191, "p95": 152043.519, "p99": 421265.407, "p999": 440664.063, "max": 447479.807, "mean": 32007.209191074293, "meanSuccessful": 36411.99003267412, "meanFailed": 30000.260001296236, "meanTotal": 32007.209191074293}, "errorsByType": {"SQLTransientConnectionException": 2552}, "firstErrorMessageByType": {"SQLTransientConnectionException": "HikariPool-1 - Connection is not available, request timed out after 30000ms (total=19, active=19, idle=0, waiting=112)"}, "appCpuMedian": 0.025025025025025023, "gcPauseMsTotal": 0}