{"runInfo": {"sut": "PGBOUNCER", "workload": "W5_HTAP", "loadMode": "open-loop", "targetRps": 4, "concurrency": 0, "poolSize": 20, "instanceId": 0, "totalInstances": 16, "configuredDbConnectionBudget": 100, "configuredReplicas": 16, "seed": 42, "durationSeconds": 900, "timestamp": "2026-07-15T19:51:43Z", "openLoopAttemptedOps": 3601, "openLoopMissedOpportunities": 0, "openLoopSchedulingDelayMs": 0.0, "clientPooling": "hikari"}, "attemptedRps": 3.8513121840929365, "achievedThroughputRps": 1.6759250742775982, "successfulThroughputRps": 1.6759250742775982, "errorThroughputRps": 2.3069370677835224, "totalThroughputRps": 3.9828621420611205, "errorRate": 0.5792158968850698, "totalRequests": 3724, "successfulRequests": 1567, "failedRequests": 2157, "latencyMs": {"p50": 30867.455, "p95": 48496.639, "p99": 69926.911, "p999": 100270.079, "max": 101777.407, "mean": 30640.69132027954, "meanSuccessful": 31522.15157626037, "meanFailed": 30000.288964171534, "meanTotal": 30640.69132027954}, "errorsByType": {"SQLTransientConnectionException": 2157}, "firstErrorMessageByType": {"SQLTransientConnectionException": "HikariPool-1 - Connection is not available, request timed out after 30000ms (total=8, active=8, idle=0, waiting=119)"}, "appCpuMedian": 0.025037556334501748, "gcPauseMsTotal": 1}