{"runInfo": {"sut": "PGBOUNCER", "workload": "W5_HTAP", "loadMode": "open-loop", "targetRps": 3, "concurrency": 0, "poolSize": 20, "instanceId": 7, "totalInstances": 16, "configuredDbConnectionBudget": 100, "configuredReplicas": 16, "seed": 42, "durationSeconds": 900, "timestamp": "2026-07-15T16:32:15Z", "openLoopAttemptedOps": 2701, "openLoopMissedOpportunities": 0, "openLoopSchedulingDelayMs": 0.0, "clientPooling": "hikari"}, "attemptedRps": 2.8887484264823686, "achievedThroughputRps": 1.5358173789073237, "successfulThroughputRps": 1.5358173789073237, "errorThroughputRps": 1.4310053293718656, "totalThroughputRps": 2.9668227082791896, "errorRate": 0.4823359769286229, "totalRequests": 2774, "successfulRequests": 1436, "failedRequests": 1338, "latencyMs": {"p50": 30244.863, "p95": 48365.567, "p99": 75890.687, "p999": 105447.423, "max": 109707.263, "mean": 31295.49341156489, "meanSuccessful": 32502.194002785516, "meanFailed": 30000.324893006728, "meanTotal": 31295.49341156489}, "errorsByType": {"SQLTransientConnectionException": 1338}, "firstErrorMessageByType": {"SQLTransientConnectionException": "HikariPool-1 - Connection is not available, request timed out after 30001ms (total=9, active=9, idle=0, waiting=65)"}, "appCpuMedian": 0.025025025025025023, "gcPauseMsTotal": 2}