{"runInfo": {"sut": "PGBOUNCER", "workload": "W5_HTAP", "loadMode": "open-loop", "targetRps": 4, "concurrency": 0, "poolSize": 20, "instanceId": 2, "totalInstances": 16, "configuredDbConnectionBudget": 100, "configuredReplicas": 16, "seed": 42, "durationSeconds": 900, "timestamp": "2026-07-16T00:50:31Z", "openLoopAttemptedOps": 3601, "openLoopMissedOpportunities": 0, "openLoopSchedulingDelayMs": 0.0, "clientPooling": "hikari"}, "attemptedRps": 3.8513121840929365, "achievedThroughputRps": 1.6673689794503992, "successfulThroughputRps": 1.6673689794503992, "errorThroughputRps": 2.3133541389039216, "totalThroughputRps": 3.980723118354321, "errorRate": 0.5811391724879097, "totalRequests": 3722, "successfulRequests": 1559, "failedRequests": 2163, "latencyMs": {"p50": 31440.895, "p95": 50069.503, "p99": 94502.911, "p999": 106823.679, "max": 109182.975, "mean": 31753.619625640244, "meanSuccessful": 34186.12193457344, "meanFailed": 30000.250412106798, "meanTotal": 31753.619625640244}, "errorsByType": {"SQLTransientConnectionException": 2163}, "firstErrorMessageByType": {"SQLTransientConnectionException": "HikariPool-1 - Connection is not available, request timed out after 30000ms (total=7, active=7, idle=0, waiting=120)"}, "appCpuMedian": 0.025015634771732333, "gcPauseMsTotal": 1}