{"runInfo": {"sut": "HIKARI_DISCIPLINED", "workload": "W5_HTAP", "loadMode": "open-loop", "targetRps": 4, "concurrency": 0, "poolSize": 19, "instanceId": 6, "totalInstances": 16, "configuredDbConnectionBudget": 300, "configuredReplicas": 16, "seed": 42, "durationSeconds": 900, "timestamp": "2026-07-15T22:37:22Z", "openLoopAttemptedOps": 3601, "openLoopMissedOpportunities": 0, "openLoopSchedulingDelayMs": 0.0, "clientPooling": "hikari"}, "attemptedRps": 3.8513121840929365, "achievedThroughputRps": 1.3903654094198326, "successfulThroughputRps": 1.3903654094198326, "errorThroughputRps": 2.5625504007460917, "totalThroughputRps": 3.952915810165924, "errorRate": 0.6482683982683982, "totalRequests": 3696, "successfulRequests": 1300, "failedRequests": 2396, "latencyMs": {"p50": 23658.495, "p95": 141426.687, "p99": 398983.167, "p999": 430178.303, "max": 430964.735, "mean": 30832.639835607413, "meanSuccessful": 32366.651676153848, "meanFailed": 30000.22397352713, "meanTotal": 30832.639835607413}, "errorsByType": {"SQLTransientConnectionException": 2396}, "firstErrorMessageByType": {"SQLTransientConnectionException": "HikariPool-1 - Connection is not available, request timed out after 30000ms (total=19, active=19, idle=0, waiting=112)"}, "appCpuMedian": 0.025021894157387717, "gcPauseMsTotal": 0}