{"runInfo": {"sut": "HIKARI_DISCIPLINED", "workload": "W5_HTAP", "loadMode": "open-loop", "targetRps": 2, "concurrency": 0, "poolSize": 19, "instanceId": 0, "totalInstances": 16, "configuredDbConnectionBudget": 300, "configuredReplicas": 16, "seed": 42, "durationSeconds": 900, "timestamp": "2026-07-15T07:40:31Z", "openLoopAttemptedOps": 1800, "openLoopMissedOpportunities": 0, "openLoopSchedulingDelayMs": 0.0, "clientPooling": "hikari"}, "attemptedRps": 1.9261887878914277, "achievedThroughputRps": 1.5443734645836877, "successfulThroughputRps": 1.5443734645836877, "errorThroughputRps": 0.37218972692183055, "totalThroughputRps": 1.9165631915055183, "errorRate": 0.19419642857142858, "totalRequests": 1792, "successfulRequests": 1444, "failedRequests": 348, "latencyMs": {"p50": 42.047, "p95": 53608.447, "p99": 227672.063, "p999": 406847.487, "max": 414187.519, "mean": 16373.994368067522, "meanSuccessful": 13089.763695290858, "meanFailed": 30000.328888287357, "meanTotal": 16373.994368067522}, "errorsByType": {"SQLTransientConnectionException": 348}, "firstErrorMessageByType": {"SQLTransientConnectionException": "HikariPool-1 - Connection is not available, request timed out after 30000ms (total=19, active=19, idle=0, waiting=45)"}, "appCpuMedian": 0.02502815667626079, "gcPauseMsTotal": 0}