{"runInfo": {"sut": "HIKARI_DISCIPLINED", "workload": "W5_HTAP", "loadMode": "open-loop", "targetRps": 4, "concurrency": 0, "poolSize": 20, "instanceId": 0, "totalInstances": 4, "configuredDbConnectionBudget": 80, "configuredReplicas": 4, "seed": 42, "durationSeconds": 900, "timestamp": "2026-07-11T19:26:13Z", "openLoopAttemptedOps": 3601, "openLoopMissedOpportunities": 0, "openLoopSchedulingDelayMs": 0.0, "clientPooling": "hikari"}, "attemptedRps": 3.8513121840929365, "achievedThroughputRps": 3.5571964244079717, "successfulThroughputRps": 3.5571964244079717, "errorThroughputRps": 0.28021210559076626, "totalThroughputRps": 3.837408529998738, "errorRate": 0.07302118171683389, "totalRequests": 3588, "successfulRequests": 3326, "failedRequests": 262, "latencyMs": {"p50": 2246.655, "p95": 35520.511, "p99": 103481.343, "p999": 232390.655, "max": 238682.111, "mean": 13476.955314799332, "meanSuccessful": 12175.452276307877, "meanFailed": 30000.360718637407, "meanTotal": 13476.955314799332}, "errorsByType": {"SQLTransientConnectionException": 262}, "firstErrorMessageByType": {"SQLTransientConnectionException": "HikariPool-1 - Connection is not available, request timed out after 30000ms (total=20, active=20, idle=0, waiting=86)"}, "appCpuMedian": 0.1502253380070105, "gcPauseMsTotal": 19}