{"runInfo": {"sut": "HIKARI_DISCIPLINED", "workload": "W5_HTAP", "loadMode": "open-loop", "targetRps": 2, "concurrency": 0, "poolSize": 19, "instanceId": 6, "totalInstances": 16, "configuredDbConnectionBudget": 300, "configuredReplicas": 16, "seed": 42, "durationSeconds": 900, "timestamp": "2026-07-15T01:05:23Z", "openLoopAttemptedOps": 1800, "openLoopMissedOpportunities": 0, "openLoopSchedulingDelayMs": 0.0, "clientPooling": "hikari"}, "attemptedRps": 1.9261887878914277, "achievedThroughputRps": 0.9454474672382133, "successfulThroughputRps": 0.9454474672382133, "errorThroughputRps": 0.9764632778150325, "totalThroughputRps": 1.9219107450532458, "errorRate": 0.5080690038953812, "totalRequests": 1797, "successfulRequests": 884, "failedRequests": 913, "latencyMs": {"p50": 90.879, "p95": 152829.951, "p99": 464519.167, "p999": 602406.911, "max": 602406.911, "mean": 27442.363185277685, "meanSuccessful": 24799.87109276018, "meanFailed": 30000.284524423878, "meanTotal": 27442.363185277685}, "errorsByType": {"SQLTransientConnectionException": 913}, "firstErrorMessageByType": {"SQLTransientConnectionException": "HikariPool-1 - Connection is not available, request timed out after 30001ms (total=19, active=19, idle=0, waiting=46)"}, "appCpuMedian": 0.02501876407305479, "gcPauseMsTotal": 0}