{"runInfo": {"sut": "HIKARI_DISCIPLINED", "workload": "W5_HTAP", "loadMode": "open-loop", "targetRps": 4, "concurrency": 0, "poolSize": 19, "instanceId": 8, "totalInstances": 16, "configuredDbConnectionBudget": 300, "configuredReplicas": 16, "seed": 42, "durationSeconds": 900, "timestamp": "2026-07-15T20:58:02Z", "openLoopAttemptedOps": 3601, "openLoopMissedOpportunities": 0, "openLoopSchedulingDelayMs": 0.0, "clientPooling": "hikari"}, "attemptedRps": 3.8577292552133358, "achievedThroughputRps": 1.3850178501528332, "successfulThroughputRps": 1.3850178501528332, "errorThroughputRps": 2.5935662444946876, "totalThroughputRps": 3.978584094647521, "errorRate": 0.6518817204301075, "totalRequests": 3720, "successfulRequests": 1295, "failedRequests": 2425, "latencyMs": {"p50": 24870.911, "p95": 151126.015, "p99": 383254.527, "p999": 439877.631, "max": 444071.935, "mean": 31408.88209659758, "meanSuccessful": 34046.61371428572, "meanFailed": 30000.215307627215, "meanTotal": 31408.88209659758}, "errorsByType": {"SQLTransientConnectionException": 2425}, "firstErrorMessageByType": {"SQLTransientConnectionException": "HikariPool-1 - Connection is not available, request timed out after 30000ms (total=19, active=19, idle=0, waiting=112)"}, "appCpuMedian": 0.025021894157387717, "gcPauseMsTotal": 0}