{"runInfo": {"sut": "HIKARI_DISCIPLINED", "workload": "W5_HTAP", "loadMode": "open-loop", "targetRps": 3, "concurrency": 0, "poolSize": 19, "instanceId": 6, "totalInstances": 16, "configuredDbConnectionBudget": 300, "configuredReplicas": 16, "seed": 42, "durationSeconds": 900, "timestamp": "2026-07-15T10:59:14Z", "openLoopAttemptedOps": 2700, "openLoopMissedOpportunities": 0, "openLoopSchedulingDelayMs": 0.0, "clientPooling": "hikari"}, "attemptedRps": 2.898377122713651, "achievedThroughputRps": 1.1999922995146555, "successfulThroughputRps": 1.1999922995146555, "errorThroughputRps": 1.786084795177785, "totalThroughputRps": 2.9860770946924404, "errorRate": 0.5981375358166189, "totalRequests": 2792, "successfulRequests": 1122, "failedRequests": 1670, "latencyMs": {"p50": 22527.999, "p95": 155844.607, "p99": 403701.759, "p999": 446169.087, "max": 454819.839, "mean": 31294.407035316977, "meanSuccessful": 33220.75631729055, "meanFailed": 30000.25268212994, "meanTotal": 31294.407035316977}, "errorsByType": {"SQLTransientConnectionException": 1670}, "firstErrorMessageByType": {"SQLTransientConnectionException": "HikariPool-1 - Connection is not available, request timed out after 30000ms (total=19, active=19, idle=0, waiting=80)"}, "appCpuMedian": 0.025021894157387717, "gcPauseMsTotal": 0}