{"runInfo": {"sut": "PGBOUNCER", "workload": "W5_HTAP", "loadMode": "open-loop", "targetRps": 12, "concurrency": 0, "poolSize": 20, "instanceId": 2, "totalInstances": 4, "configuredDbConnectionBudget": 100, "configuredReplicas": 4, "seed": 42, "durationSeconds": 900, "timestamp": "2026-07-02T11:32:28Z", "openLoopAttemptedOps": 10801, "openLoopMissedOpportunities": 0, "openLoopSchedulingDelayMs": 0.0, "clientPooling": "hikari"}, "attemptedRps": 10.246743402609454, "achievedThroughputRps": 4.35636012450538, "successfulThroughputRps": 4.35636012450538, "errorThroughputRps": 6.244242669750525, "totalThroughputRps": 10.600602794255906, "errorRate": 0.5890459996420261, "totalRequests": 11174, "successfulRequests": 4592, "failedRequests": 6582, "latencyMs": {"p50": 29868.031, "p95": 38699.007, "p99": 45252.607, "p999": 62816.255, "max": 68288.511, "mean": 30449.296947672272, "meanSuccessful": 31092.825644599303, "meanFailed": 30000.227605743694, "meanTotal": 30449.296947672272}, "errorsByType": {"SQLTransientConnectionException": 6582}, "firstErrorMessageByType": {"SQLTransientConnectionException": "HikariPool-1 - Connection is not available, request timed out after 30000ms (total=13, active=13, idle=0, waiting=360)"}, "appCpuMedian": 0.15037593984962408, "gcPauseMsTotal": 15}