{"runInfo": {"sut": "PGBOUNCER", "workload": "W5_HTAP", "loadMode": "open-loop", "targetRps": 8, "concurrency": 0, "poolSize": 20, "instanceId": 0, "totalInstances": 4, "configuredDbConnectionBudget": 100, "configuredReplicas": 4, "seed": 42, "durationSeconds": 900, "timestamp": "2026-07-05T10:42:29Z", "openLoopAttemptedOps": 7201, "openLoopMissedOpportunities": 0, "openLoopSchedulingDelayMs": 0.0, "clientPooling": "hikari"}, "attemptedRps": 7.701538382559293, "achievedThroughputRps": 4.695146993394709, "successfulThroughputRps": 4.695146993394709, "errorThroughputRps": 3.2684212327595055, "totalThroughputRps": 7.963568226154214, "errorRate": 0.41042170292774643, "totalRequests": 7446, "successfulRequests": 4390, "failedRequests": 3056, "latencyMs": {"p50": 29392.895, "p95": 37748.735, "p99": 44204.031, "p999": 59310.079, "max": 74252.287, "mean": 29531.722457329302, "meanSuccessful": 29205.592623234625, "meanFailed": 30000.250781033705, "meanTotal": 29531.722457329302}, "errorsByType": {"SQLTransientConnectionException": 3056}, "firstErrorMessageByType": {"SQLTransientConnectionException": "HikariPool-1 - Connection is not available, request timed out after 30000ms (total=7, active=7, idle=0, waiting=240)"}, "appCpuMedian": 0.15007503751875936, "gcPauseMsTotal": 11}