{"runInfo": {"sut": "PGBOUNCER", "workload": "W5_HTAP", "loadMode": "open-loop", "targetRps": 2, "concurrency": 0, "poolSize": 20, "instanceId": 7, "totalInstances": 16, "configuredDbConnectionBudget": 100, "configuredReplicas": 16, "seed": 42, "durationSeconds": 900, "timestamp": "2026-07-15T04:56:24Z", "openLoopAttemptedOps": 1801, "openLoopMissedOpportunities": 0, "openLoopSchedulingDelayMs": 0.0, "clientPooling": "hikari"}, "attemptedRps": 1.9261887878914277, "achievedThroughputRps": 1.3775297938945912, "successfulThroughputRps": 1.3775297938945912, "errorThroughputRps": 0.5828833367022921, "totalThroughputRps": 1.9604131305968833, "errorRate": 0.29732678668848883, "totalRequests": 1833, "successfulRequests": 1288, "failedRequests": 545, "latencyMs": {"p50": 26705.919, "p95": 44630.015, "p99": 95813.631, "p999": 119472.127, "max": 120258.559, "mean": 26995.916840018548, "meanSuccessful": 25724.40230978261, "meanFailed": 30000.43299921101, "meanTotal": 26995.916840018548}, "errorsByType": {"SQLTransientConnectionException": 545}, "firstErrorMessageByType": {"SQLTransientConnectionException": "HikariPool-1 - Connection is not available, request timed out after 30000ms (total=9, active=9, idle=0, waiting=31)"}, "appCpuMedian": 0.025021894157387717, "gcPauseMsTotal": 1}