{"runInfo": {"sut": "PGBOUNCER", "workload": "W5_HTAP", "loadMode": "open-loop", "targetRps": 12, "concurrency": 0, "poolSize": 20, "instanceId": 3, "totalInstances": 4, "configuredDbConnectionBudget": 100, "configuredReplicas": 4, "seed": 42, "durationSeconds": 900, "timestamp": "2026-07-12T10:06:40Z", "openLoopAttemptedOps": 10801, "openLoopMissedOpportunities": 0, "openLoopSchedulingDelayMs": 0.0, "clientPooling": "hikari"}, "attemptedRps": 11.568314748985456, "achievedThroughputRps": 4.6161870723199065, "successfulThroughputRps": 4.6161870723199065, "errorThroughputRps": 7.345199754517383, "totalThroughputRps": 11.96138682683729, "errorRate": 0.6140759312320917, "totalRequests": 11168, "successfulRequests": 4310, "failedRequests": 6858, "latencyMs": {"p50": 29949.951, "p95": 38633.471, "p99": 45514.751, "p999": 58753.023, "max": 62816.255, "mean": 30440.901087619808, "meanSuccessful": 31142.145752204175, "meanFailed": 30000.189000299215, "meanTotal": 30440.901087619808}, "errorsByType": {"SQLTransientConnectionException": 6858}, "firstErrorMessageByType": {"SQLTransientConnectionException": "HikariPool-1 - Connection is not available, request timed out after 30000ms (total=7, active=7, idle=0, waiting=360)"}, "appCpuMedian": 0.1502253380070105, "gcPauseMsTotal": 12}