{"runInfo": {"sut": "PGBOUNCER", "workload": "W5_HTAP", "loadMode": "open-loop", "targetRps": 3, "concurrency": 0, "poolSize": 20, "instanceId": 11, "totalInstances": 16, "configuredDbConnectionBudget": 100, "configuredReplicas": 16, "seed": 42, "durationSeconds": 900, "timestamp": "2026-07-15T13:11:44Z", "openLoopAttemptedOps": 2701, "openLoopMissedOpportunities": 0, "openLoopSchedulingDelayMs": 0.0, "clientPooling": "hikari"}, "attemptedRps": 2.8887453369382934, "achievedThroughputRps": 1.8042626373250281, "successfulThroughputRps": 1.8042626373250281, "errorThroughputRps": 1.183947089222766, "totalThroughputRps": 2.9882097265477943, "errorRate": 0.3962061560486757, "totalRequests": 2794, "successfulRequests": 1687, "failedRequests": 1107, "latencyMs": {"p50": 29736.959, "p95": 44007.423, "p99": 74383.359, "p999": 106233.855, "max": 111017.983, "mean": 30208.087512480313, "meanSuccessful": 30344.47681327801, "meanFailed": 30000.373300171635, "meanTotal": 30208.087512480313}, "errorsByType": {"SQLTransientConnectionException": 1107}, "firstErrorMessageByType": {"SQLTransientConnectionException": "HikariPool-1 - Connection is not available, request timed out after 30000ms (total=10, active=10, idle=0, waiting=89)"}, "appCpuMedian": 0.025021894157387717, "gcPauseMsTotal": 2}