{"runInfo": {"sut": "PGBOUNCER", "workload": "W5_HTAP", "loadMode": "open-loop", "targetRps": 4, "concurrency": 0, "poolSize": 20, "instanceId": 11, "totalInstances": 16, "configuredDbConnectionBudget": 100, "configuredReplicas": 16, "seed": 42, "durationSeconds": 900, "timestamp": "2026-07-16T00:50:39Z", "openLoopAttemptedOps": 3601, "openLoopMissedOpportunities": 0, "openLoopSchedulingDelayMs": 0.0, "clientPooling": "hikari"}, "attemptedRps": 3.85130806507331, "achievedThroughputRps": 1.665228174762328, "successfulThroughputRps": 1.665228174762328, "errorThroughputRps": 2.3165601968755314, "totalThroughputRps": 3.9817883716378595, "errorRate": 0.5817888799355359, "totalRequests": 3723, "successfulRequests": 1557, "failedRequests": 2166, "latencyMs": {"p50": 31342.591, "p95": 46366.719, "p99": 73531.391, "p999": 101122.047, "max": 102236.159, "mean": 31350.100495666666, "meanSuccessful": 33227.935815028904, "meanFailed": 30000.31075726916, "meanTotal": 31350.100495666666}, "errorsByType": {"SQLTransientConnectionException": 2166}, "firstErrorMessageByType": {"SQLTransientConnectionException": "HikariPool-1 - Connection is not available, request timed out after 30000ms (total=9, active=9, idle=0, waiting=120)"}, "appCpuMedian": 0.02502815667626079, "gcPauseMsTotal": 2}