{"runInfo": {"sut": "HIKARI_DISCIPLINED", "workload": "W5_HTAP", "loadMode": "open-loop", "targetRps": 3, "concurrency": 0, "poolSize": 19, "instanceId": 4, "totalInstances": 16, "configuredDbConnectionBudget": 300, "configuredReplicas": 16, "seed": 42, "durationSeconds": 900, "timestamp": "2026-07-15T10:59:12Z", "openLoopAttemptedOps": 2700, "openLoopMissedOpportunities": 0, "openLoopSchedulingDelayMs": 0.0, "clientPooling": "hikari"}, "attemptedRps": 2.8973076108602513, "achievedThroughputRps": 1.2138959536088538, "successfulThroughputRps": 1.2138959536088538, "errorThroughputRps": 1.7711116292301867, "totalThroughputRps": 2.9850075828390406, "errorRate": 0.593335721963454, "totalRequests": 2791, "successfulRequests": 1135, "failedRequests": 1656, "latencyMs": {"p50": 21495.807, "p95": 146931.711, "p99": 393215.999, "p999": 426246.143, "max": 438829.055, "mean": 30333.03208159262, "meanSuccessful": 30818.85326784141, "meanFailed": 30000.250639378624, "meanTotal": 30333.03208159262}, "errorsByType": {"SQLTransientConnectionException": 1656}, "firstErrorMessageByType": {"SQLTransientConnectionException": "HikariPool-1 - Connection is not available, request timed out after 30000ms (total=19, active=19, idle=0, waiting=80)"}, "appCpuMedian": 0.025025025025025023, "gcPauseMsTotal": 0}