{"runInfo": {"sut": "HIKARI_DISCIPLINED", "workload": "W5_HTAP", "loadMode": "open-loop", "targetRps": 3, "concurrency": 0, "poolSize": 19, "instanceId": 11, "totalInstances": 16, "configuredDbConnectionBudget": 300, "configuredReplicas": 16, "seed": 42, "durationSeconds": 900, "timestamp": "2026-07-15T10:59:17Z", "openLoopAttemptedOps": 2701, "openLoopMissedOpportunities": 0, "openLoopSchedulingDelayMs": 0.0, "clientPooling": "hikari"}, "attemptedRps": 2.898374022868278, "achievedThroughputRps": 1.1636276519854931, "successfulThroughputRps": 1.1636276519854931, "errorThroughputRps": 1.8213767383559696, "totalThroughputRps": 2.9850043903414627, "errorRate": 0.610175564313866, "totalRequests": 2791, "successfulRequests": 1088, "failedRequests": 1703, "latencyMs": {"p50": 22872.063, "p95": 149291.007, "p99": 408682.495, "p999": 437780.479, "max": 445382.655, "mean": 31230.956477196705, "meanSuccessful": 33156.30207169118, "meanFailed": 30000.32011527246, "meanTotal": 31230.956477196705}, "errorsByType": {"SQLTransientConnectionException": 1703}, "firstErrorMessageByType": {"SQLTransientConnectionException": "HikariPool-1 - Connection is not available, request timed out after 30000ms (total=19, active=19, idle=0, waiting=80)"}, "appCpuMedian": 0.025021894157387717, "gcPauseMsTotal": 0}