{"runInfo": {"sut": "PGBOUNCER", "workload": "W5_HTAP", "loadMode": "open-loop", "targetRps": 4, "concurrency": 0, "poolSize": 20, "instanceId": 15, "totalInstances": 16, "configuredDbConnectionBudget": 100, "configuredReplicas": 16, "seed": 42, "durationSeconds": 900, "timestamp": "2026-07-15T23:10:57Z", "openLoopAttemptedOps": 3601, "openLoopMissedOpportunities": 0, "openLoopSchedulingDelayMs": 0.0, "clientPooling": "hikari"}, "attemptedRps": 3.8513121840929365, "achievedThroughputRps": 1.678064097984398, "successfulThroughputRps": 1.678064097984398, "errorThroughputRps": 2.302659020369923, "totalThroughputRps": 3.980723118354321, "errorRate": 0.5784524449220849, "totalRequests": 3722, "successfulRequests": 1569, "failedRequests": 2153, "latencyMs": {"p50": 31866.879, "p95": 48955.391, "p99": 92471.295, "p999": 112328.703, "max": 112656.383, "mean": 31677.021864272167, "meanSuccessful": 33977.5592096877, "meanFailed": 30000.294980862516, "meanTotal": 31677.021864272167}, "errorsByType": {"SQLTransientConnectionException": 2153}, "firstErrorMessageByType": {"SQLTransientConnectionException": "HikariPool-1 - Connection is not available, request timed out after 30000ms (total=8, active=8, idle=0, waiting=120)"}, "appCpuMedian": 0.025025025025025023, "gcPauseMsTotal": 2}