{"runInfo": {"sut": "HIKARI_DISCIPLINED", "workload": "W5_HTAP", "loadMode": "open-loop", "targetRps": 8, "concurrency": 0, "poolSize": 20, "instanceId": 2, "totalInstances": 4, "configuredDbConnectionBudget": 80, "configuredReplicas": 4, "seed": 42, "durationSeconds": 900, "timestamp": "2026-07-05T10:11:04Z", "openLoopAttemptedOps": 7201, "openLoopMissedOpportunities": 0, "openLoopSchedulingDelayMs": 0.0, "clientPooling": "hikari"}, "attemptedRps": 7.7015466194370745, "achievedThroughputRps": 4.402106080489237, "successfulThroughputRps": 4.402106080489237, "errorThroughputRps": 3.5582621306578455, "totalThroughputRps": 7.960368211147083, "errorRate": 0.44699717855703347, "totalRequests": 7443, "successfulRequests": 4116, "failedRequests": 3327, "latencyMs": {"p50": 28262.399, "p95": 70844.415, "p99": 178520.063, "p999": 196739.071, "max": 197525.503, "mean": 30945.704318351472, "meanSuccessful": 31710.044541788142, "meanFailed": 30000.215728983465, "meanTotal": 30945.704318351472}, "errorsByType": {"SQLTransientConnectionException": 3327}, "firstErrorMessageByType": {"SQLTransientConnectionException": "HikariPool-1 - Connection is not available, request timed out after 30000ms (total=20, active=20, idle=0, waiting=240)"}, "appCpuMedian": 0.2004008016032064, "gcPauseMsTotal": 15}