{"runInfo": {"sut": "HIKARI_DISCIPLINED", "workload": "W5_HTAP", "loadMode": "open-loop", "targetRps": 2, "concurrency": 0, "poolSize": 19, "instanceId": 11, "totalInstances": 16, "configuredDbConnectionBudget": 300, "configuredReplicas": 16, "seed": 42, "durationSeconds": 900, "timestamp": "2026-07-15T07:40:40Z", "openLoopAttemptedOps": 1801, "openLoopMissedOpportunities": 0, "openLoopSchedulingDelayMs": 0.0, "clientPooling": "hikari"}, "attemptedRps": 1.9261867278140934, "achievedThroughputRps": 1.465228105000171, "successfulThroughputRps": 1.465228105000171, "errorThroughputRps": 0.4491940175912933, "totalThroughputRps": 1.9144221225914644, "errorRate": 0.2346368715083799, "totalRequests": 1790, "successfulRequests": 1370, "failedRequests": 420, "latencyMs": {"p50": 57.887, "p95": 58458.111, "p99": 236453.887, "p999": 415236.095, "max": 423886.847, "mean": 18423.012714406705, "meanSuccessful": 14873.631886131387, "meanFailed": 30000.386894742856, "meanTotal": 18423.012714406705}, "errorsByType": {"SQLTransientConnectionException": 420}, "firstErrorMessageByType": {"SQLTransientConnectionException": "HikariPool-1 - Connection is not available, request timed out after 30001ms (total=19, active=19, idle=0, waiting=32)"}, "appCpuMedian": 0.025025025025025023, "gcPauseMsTotal": 0}