{"runInfo": {"sut": "PGBOUNCER", "workload": "W5_HTAP", "loadMode": "open-loop", "targetRps": 3, "concurrency": 0, "poolSize": 20, "instanceId": 12, "totalInstances": 16, "configuredDbConnectionBudget": 100, "configuredReplicas": 16, "seed": 42, "durationSeconds": 900, "timestamp": "2026-07-15T16:32:18Z", "openLoopAttemptedOps": 2701, "openLoopMissedOpportunities": 0, "openLoopSchedulingDelayMs": 0.0, "clientPooling": "hikari"}, "attemptedRps": 2.8887515160330524, "achievedThroughputRps": 1.5486531637230136, "successfulThroughputRps": 1.5486531637230136, "errorThroughputRps": 1.4384934428228269, "totalThroughputRps": 2.9871466065458403, "errorRate": 0.4815610454708199, "totalRequests": 2793, "successfulRequests": 1448, "failedRequests": 1345, "latencyMs": {"p50": 30081.023, "p95": 46366.719, "p99": 73727.999, "p999": 99549.183, "max": 100007.935, "mean": 30729.290456997853, "meanSuccessful": 31406.36348066298, "meanFailed": 30000.289252391824, "meanTotal": 30729.290456997853}, "errorsByType": {"SQLTransientConnectionException": 1345}, "firstErrorMessageByType": {"SQLTransientConnectionException": "HikariPool-1 - Connection is not available, request timed out after 30000ms (total=6, active=6, idle=0, waiting=90)"}, "appCpuMedian": 0.025021894157387717, "gcPauseMsTotal": 1}