{"runInfo": {"sut": "PGBOUNCER", "workload": "W5_HTAP", "loadMode": "open-loop", "targetRps": 2, "concurrency": 0, "poolSize": 20, "instanceId": 12, "totalInstances": 16, "configuredDbConnectionBudget": 100, "configuredReplicas": 16, "seed": 42, "durationSeconds": 900, "timestamp": "2026-07-15T03:17:31Z", "openLoopAttemptedOps": 1801, "openLoopMissedOpportunities": 0, "openLoopSchedulingDelayMs": 0.0, "clientPooling": "hikari"}, "attemptedRps": 1.9261908479731682, "achievedThroughputRps": 1.2823447122264457, "successfulThroughputRps": 1.2823447122264457, "errorThroughputRps": 0.6737924676419189, "totalThroughputRps": 1.9561371798683644, "errorRate": 0.3444505194095134, "totalRequests": 1829, "successfulRequests": 1199, "failedRequests": 630, "latencyMs": {"p50": 27754.495, "p95": 45514.751, "p99": 77987.839, "p999": 122879.999, "max": 126025.727, "mean": 28002.594083323675, "meanSuccessful": 26952.799351959966, "meanFailed": 30000.337630642854, "meanTotal": 28002.594083323675}, "errorsByType": {"SQLTransientConnectionException": 630}, "firstErrorMessageByType": {"SQLTransientConnectionException": "HikariPool-1 - Connection is not available, request timed out after 30000ms (total=4, active=4, idle=0, waiting=52)"}, "appCpuMedian": 0.025015634771732333, "gcPauseMsTotal": 2}