{"runInfo": {"sut": "PGBOUNCER", "workload": "W5_HTAP", "loadMode": "open-loop", "targetRps": 12, "concurrency": 0, "poolSize": 20, "instanceId": 2, "totalInstances": 4, "configuredDbConnectionBudget": 100, "configuredReplicas": 4, "seed": 42, "durationSeconds": 900, "timestamp": "2026-07-05T13:49:58Z", "openLoopAttemptedOps": 10801, "openLoopMissedOpportunities": 0, "openLoopSchedulingDelayMs": 0.0, "clientPooling": "hikari"}, "attemptedRps": 11.551772819056094, "achievedThroughputRps": 4.94220370306992, "successfulThroughputRps": 4.94220370306992, "errorThroughputRps": 7.007426674424176, "totalThroughputRps": 11.949630377494096, "errorRate": 0.5864136758256511, "totalRequests": 11173, "successfulRequests": 4621, "failedRequests": 6552, "latencyMs": {"p50": 29933.567, "p95": 38928.383, "p99": 45088.767, "p999": 61046.783, "max": 68943.871, "mean": 30522.993232090306, "meanSuccessful": 31264.313947630384, "meanFailed": 30000.191288124388, "meanTotal": 30522.993232090306}, "errorsByType": {"SQLTransientConnectionException": 6552}, "firstErrorMessageByType": {"SQLTransientConnectionException": "HikariPool-1 - Connection is not available, request timed out after 30000ms (total=16, active=16, idle=0, waiting=360)"}, "appCpuMedian": 0.1502253380070105, "gcPauseMsTotal": 15}