{"runInfo": {"sut": "HIKARI_DISCIPLINED", "workload": "W5_HTAP", "loadMode": "open-loop", "targetRps": 12, "concurrency": 0, "poolSize": 20, "instanceId": 0, "totalInstances": 4, "configuredDbConnectionBudget": 80, "configuredReplicas": 4, "seed": 42, "durationSeconds": 900, "timestamp": "2026-07-05T13:18:26Z", "openLoopAttemptedOps": 10801, "openLoopMissedOpportunities": 0, "openLoopSchedulingDelayMs": 0.0, "clientPooling": "hikari"}, "attemptedRps": 11.55179752857201, "achievedThroughputRps": 3.705858572030554, "successfulThroughputRps": 3.705858572030554, "errorThroughputRps": 8.232032735618809, "totalThroughputRps": 11.937891307649362, "errorRate": 0.6895717613330944, "totalRequests": 11162, "successfulRequests": 3465, "failedRequests": 7697, "latencyMs": {"p50": 29474.815, "p95": 85327.871, "p99": 190840.831, "p999": 199884.799, "max": 201850.879, "mean": 31350.59279956764, "meanSuccessful": 34350.24756594517, "meanFailed": 30000.19545655853, "meanTotal": 31350.59279956764}, "errorsByType": {"SQLTransientConnectionException": 7697}, "firstErrorMessageByType": {"SQLTransientConnectionException": "HikariPool-1 - Connection is not available, request timed out after 30000ms (total=20, active=20, idle=0, waiting=360)"}, "appCpuMedian": 0.20050125313283207, "gcPauseMsTotal": 15}