{"runInfo": {"sut": "HIKARI_DISCIPLINED", "workload": "W5_HTAP", "loadMode": "open-loop", "targetRps": 4, "concurrency": 0, "poolSize": 20, "instanceId": 1, "totalInstances": 4, "configuredDbConnectionBudget": 80, "configuredReplicas": 4, "seed": 42, "durationSeconds": 900, "timestamp": "2026-07-12T00:09:12Z", "openLoopAttemptedOps": 3600, "openLoopMissedOpportunities": 0, "openLoopSchedulingDelayMs": 0.0, "clientPooling": "hikari"}, "attemptedRps": 3.8513039460624934, "achievedThroughputRps": 3.525103528525959, "successfulThroughputRps": 3.525103528525959, "errorThroughputRps": 0.31122728361682467, "totalThroughputRps": 3.8363308121427835, "errorRate": 0.08112628937831057, "totalRequests": 3587, "successfulRequests": 3296, "failedRequests": 291, "latencyMs": {"p50": 10649.599, "p95": 37322.751, "p99": 106889.215, "p999": 223608.831, "max": 239206.399, "mean": 15459.857474920545, "meanSuccessful": 14176.058784283981, "meanFailed": 30000.44891637113, "meanTotal": 15459.857474920545}, "errorsByType": {"SQLTransientConnectionException": 291}, "firstErrorMessageByType": {"SQLTransientConnectionException": "HikariPool-1 - Connection is not available, request timed out after 30001ms (total=20, active=20, idle=0, waiting=87)"}, "appCpuMedian": 0.1503006012024048, "gcPauseMsTotal": 12}