{"runInfo": {"sut": "PGBOUNCER", "workload": "W5_HTAP", "loadMode": "open-loop", "targetRps": 12, "concurrency": 0, "poolSize": 20, "instanceId": 3, "totalInstances": 4, "configuredDbConnectionBudget": 100, "configuredReplicas": 4, "seed": 42, "durationSeconds": 900, "timestamp": "2026-07-12T16:24:36Z", "openLoopAttemptedOps": 10801, "openLoopMissedOpportunities": 0, "openLoopSchedulingDelayMs": 0.0, "clientPooling": "hikari"}, "attemptedRps": 11.555702960339792, "achievedThroughputRps": 4.558730702157934, "successfulThroughputRps": 4.558730702157934, "errorThroughputRps": 7.399244669355615, "totalThroughputRps": 11.95797537151355, "errorRate": 0.6187706898094301, "totalRequests": 11177, "successfulRequests": 4261, "failedRequests": 6916, "latencyMs": {"p50": 29966.335, "p95": 38830.079, "p99": 45580.287, "p999": 58851.327, "max": 65208.319, "mean": 30484.13845567066, "meanSuccessful": 31269.67004693734, "meanFailed": 30000.182131156016, "meanTotal": 30484.13845567066}, "errorsByType": {"SQLTransientConnectionException": 6916}, "firstErrorMessageByType": {"SQLTransientConnectionException": "HikariPool-1 - Connection is not available, request timed out after 30000ms (total=16, active=16, idle=0, waiting=360)"}, "appCpuMedian": 0.1502253380070105, "gcPauseMsTotal": 11}