{"runInfo": {"sut": "HIKARI_DISCIPLINED", "workload": "W5_HTAP", "loadMode": "open-loop", "targetRps": 3, "concurrency": 0, "poolSize": 19, "instanceId": 0, "totalInstances": 16, "configuredDbConnectionBudget": 300, "configuredReplicas": 16, "seed": 42, "durationSeconds": 900, "timestamp": "2026-07-15T14:17:48Z", "openLoopAttemptedOps": 2701, "openLoopMissedOpportunities": 0, "openLoopSchedulingDelayMs": 0.0, "clientPooling": "hikari"}, "attemptedRps": 2.8887515160330524, "achievedThroughputRps": 1.3999910161004314, "successfulThroughputRps": 1.3999910161004314, "errorThroughputRps": 1.5486531637230136, "totalThroughputRps": 2.9486441798234453, "errorRate": 0.5252085600290171, "totalRequests": 2757, "successfulRequests": 1309, "failedRequests": 1448, "latencyMs": {"p50": 18612.223, "p95": 136314.879, "p99": 357564.415, "p999": 425983.999, "max": 430702.591, "mean": 29453.85595960319, "meanSuccessful": 28849.747087853324, "meanFailed": 30000.26234599517, "meanTotal": 29453.85595960319}, "errorsByType": {"SQLTransientConnectionException": 1448}, "firstErrorMessageByType": {"SQLTransientConnectionException": "HikariPool-1 - Connection is not available, request timed out after 30000ms (total=19, active=19, idle=0, waiting=71)"}, "appCpuMedian": 0.025015634771732333, "gcPauseMsTotal": 0}