{"runInfo": {"sut": "PGBOUNCER", "workload": "W5_HTAP", "loadMode": "open-loop", "targetRps": 4, "concurrency": 0, "poolSize": 20, "instanceId": 13, "totalInstances": 16, "configuredDbConnectionBudget": 100, "configuredReplicas": 16, "seed": 42, "durationSeconds": 900, "timestamp": "2026-07-15T19:51:54Z", "openLoopAttemptedOps": 3600, "openLoopMissedOpportunities": 0, "openLoopSchedulingDelayMs": 0.0, "clientPooling": "hikari"}, "attemptedRps": 3.85130806507331, "achievedThroughputRps": 1.7347463708827848, "successfulThroughputRps": 1.7347463708827848, "errorThroughputRps": 2.243833468626438, "totalThroughputRps": 3.9785798395092233, "errorRate": 0.5639784946236559, "totalRequests": 3720, "successfulRequests": 1622, "failedRequests": 2098, "latencyMs": {"p50": 30982.143, "p95": 44007.423, "p99": 73007.103, "p999": 106430.463, "max": 108068.863, "mean": 30584.692866428493, "meanSuccessful": 31340.681173859433, "meanFailed": 30000.338364094376, "meanTotal": 30584.692866428493}, "errorsByType": {"SQLTransientConnectionException": 2098}, "firstErrorMessageByType": {"SQLTransientConnectionException": "HikariPool-1 - Connection is not available, request timed out after 30000ms (total=8, active=8, idle=0, waiting=120)"}, "appCpuMedian": 0.03751875937968984, "gcPauseMsTotal": 2}