{"runInfo": {"sut": "PGBOUNCER", "workload": "W5_HTAP", "loadMode": "open-loop", "targetRps": 4, "concurrency": 0, "poolSize": 20, "instanceId": 0, "totalInstances": 4, "configuredDbConnectionBudget": 100, "configuredReplicas": 4, "seed": 42, "durationSeconds": 900, "timestamp": "2026-07-01T21:29:51Z", "openLoopAttemptedOps": 3601, "openLoopMissedOpportunities": 0, "openLoopSchedulingDelayMs": 0.0, "clientPooling": "hikari"}, "attemptedRps": 3.4764626775037817, "achievedThroughputRps": 3.4754972615977824, "successfulThroughputRps": 3.4754972615977824, "errorThroughputRps": 0.012550406777991992, "totalThroughputRps": 3.488047668375774, "errorRate": 0.0035981179075560477, "totalRequests": 3613, "successfulRequests": 3600, "failedRequests": 13, "latencyMs": {"p50": 21.311, "p95": 18038.783, "p99": 24035.327, "p999": 30752.767, "max": 34504.703, "mean": 3428.117463484916, "meanSuccessful": 3332.1855636111113, "meanFailed": 30001.265151846157, "meanTotal": 3428.117463484916}, "errorsByType": {"SQLTransientConnectionException": 13}, "firstErrorMessageByType": {"SQLTransientConnectionException": "HikariPool-1 - Connection is not available, request timed out after 30000ms (total=7, active=7, idle=0, waiting=76)"}, "appCpuMedian": 0.15015015015015015, "gcPauseMsTotal": 10}