{"runInfo": {"sut": "PGBOUNCER", "workload": "W5_HTAP", "loadMode": "open-loop", "targetRps": 4, "concurrency": 0, "poolSize": 20, "instanceId": 7, "totalInstances": 16, "configuredDbConnectionBudget": 100, "configuredReplicas": 16, "seed": 42, "durationSeconds": 900, "timestamp": "2026-07-15T18:12:23Z", "openLoopAttemptedOps": 3601, "openLoopMissedOpportunities": 0, "openLoopSchedulingDelayMs": 0.0, "clientPooling": "hikari"}, "attemptedRps": 3.85130806507331, "achievedThroughputRps": 1.5925014465132348, "successfulThroughputRps": 1.5925014465132348, "errorThroughputRps": 2.3903564358341702, "totalThroughputRps": 3.982857882347405, "errorRate": 0.6001611170784104, "totalRequests": 3724, "successfulRequests": 1489, "failedRequests": 2235, "latencyMs": {"p50": 31031.295, "p95": 49512.447, "p99": 75628.543, "p999": 101318.655, "max": 113049.599, "mean": 31286.236427360094, "meanSuccessful": 33216.2878065816, "meanFailed": 30000.284572659955, "meanTotal": 31286.236427360094}, "errorsByType": {"SQLTransientConnectionException": 2235}, "firstErrorMessageByType": {"SQLTransientConnectionException": "HikariPool-1 - Connection is not available, request timed out after 30000ms (total=9, active=9, idle=0, waiting=120)"}, "appCpuMedian": 0.025025025025025023, "gcPauseMsTotal": 2}