{"runInfo": {"sut": "HIKARI_DISCIPLINED", "workload": "W5_HTAP", "loadMode": "open-loop", "targetRps": 3, "concurrency": 0, "poolSize": 19, "instanceId": 14, "totalInstances": 16, "configuredDbConnectionBudget": 300, "configuredReplicas": 16, "seed": 42, "durationSeconds": 900, "timestamp": "2026-07-15T12:38:05Z", "openLoopAttemptedOps": 2701, "openLoopMissedOpportunities": 0, "openLoopSchedulingDelayMs": 0.0, "clientPooling": "hikari"}, "attemptedRps": 2.898377122713651, "achievedThroughputRps": 1.3518629826974373, "successfulThroughputRps": 1.3518629826974373, "errorThroughputRps": 1.6342141119950033, "totalThroughputRps": 2.9860770946924404, "errorRate": 0.5472779369627507, "totalRequests": 2792, "successfulRequests": 1264, "failedRequests": 1528, "latencyMs": {"p50": 22691.839, "p95": 141164.543, "p99": 390856.703, "p999": 427032.575, "max": 430178.303, "mean": 30929.584814279013, "meanSuccessful": 32053.311143987343, "meanFailed": 30000.257251769635, "meanTotal": 30929.584814279013}, "errorsByType": {"SQLTransientConnectionException": 1528}, "firstErrorMessageByType": {"SQLTransientConnectionException": "HikariPool-1 - Connection is not available, request timed out after 30000ms (total=19, active=19, idle=0, waiting=80)"}, "appCpuMedian": 0.025021894157387717, "gcPauseMsTotal": 0}