{"runInfo": {"sut": "PGBOUNCER", "workload": "W5_HTAP", "loadMode": "open-loop", "targetRps": 2, "concurrency": 0, "poolSize": 20, "instanceId": 6, "totalInstances": 16, "configuredDbConnectionBudget": 100, "configuredReplicas": 16, "seed": 42, "durationSeconds": 900, "timestamp": "2026-07-15T08:13:55Z", "openLoopAttemptedOps": 1801, "openLoopMissedOpportunities": 0, "openLoopSchedulingDelayMs": 0.0, "clientPooling": "hikari"}, "attemptedRps": 1.9261908479731682, "achievedThroughputRps": 1.5614873059638121, "successfulThroughputRps": 1.5614873059638121, "errorThroughputRps": 0.36791207756955574, "totalThroughputRps": 1.9293993835333678, "errorRate": 0.19068736141906872, "totalRequests": 1804, "successfulRequests": 1460, "failedRequests": 344, "latencyMs": {"p50": 20725.759, "p95": 38830.079, "p99": 70123.519, "p999": 99024.895, "max": 103153.663, "mean": 22316.218503440134, "meanSuccessful": 20505.98398082192, "meanFailed": 30000.43873862209, "meanTotal": 22316.218503440134}, "errorsByType": {"SQLTransientConnectionException": 344}, "firstErrorMessageByType": {"SQLTransientConnectionException": "HikariPool-1 - Connection is not available, request timed out after 30001ms (total=9, active=9, idle=0, waiting=33)"}, "appCpuMedian": 0.025015634771732333, "gcPauseMsTotal": 2}