{"runInfo": {"sut": "PGBOUNCER", "workload": "W5_HTAP", "loadMode": "open-loop", "targetRps": 3, "concurrency": 0, "poolSize": 20, "instanceId": 12, "totalInstances": 16, "configuredDbConnectionBudget": 100, "configuredReplicas": 16, "seed": 42, "durationSeconds": 900, "timestamp": "2026-07-15T13:11:45Z", "openLoopAttemptedOps": 2701, "openLoopMissedOpportunities": 0, "openLoopSchedulingDelayMs": 0.0, "clientPooling": "hikari"}, "attemptedRps": 2.8887484264823686, "achievedThroughputRps": 1.5326088467786874, "successfulThroughputRps": 1.5326088467786874, "errorThroughputRps": 1.4331443507909567, "totalThroughputRps": 2.965753197569644, "errorRate": 0.4832311575910566, "totalRequests": 2773, "successfulRequests": 1433, "failedRequests": 1340, "latencyMs": {"p50": 30457.855, "p95": 48365.567, "p99": 83492.863, "p999": 105447.423, "max": 112852.991, "mean": 31180.543808489, "meanSuccessful": 32284.097138869507, "meanFailed": 30000.30236435373, "meanTotal": 31180.543808489}, "errorsByType": {"SQLTransientConnectionException": 1340}, "firstErrorMessageByType": {"SQLTransientConnectionException": "HikariPool-1 - Connection is not available, request timed out after 30000ms (total=12, active=12, idle=0, waiting=67)"}, "appCpuMedian": 0.025025025025025023, "gcPauseMsTotal": 2}