{"runInfo": {"sut": "PGBOUNCER", "workload": "W5_HTAP", "loadMode": "open-loop", "targetRps": 4, "concurrency": 0, "poolSize": 20, "instanceId": 3, "totalInstances": 4, "configuredDbConnectionBudget": 100, "configuredReplicas": 4, "seed": 42, "durationSeconds": 900, "timestamp": "2026-07-11T19:58:01Z", "openLoopAttemptedOps": 3601, "openLoopMissedOpportunities": 0, "openLoopSchedulingDelayMs": 0.0, "clientPooling": "hikari"}, "attemptedRps": 3.8876143693827427, "achievedThroughputRps": 3.780734663032037, "successfulThroughputRps": 3.780734663032037, "errorThroughputRps": 0.13171034519985966, "totalThroughputRps": 3.912445008231897, "errorRate": 0.0336644591611479, "totalRequests": 3624, "successfulRequests": 3502, "failedRequests": 122, "latencyMs": {"p50": 8724.479, "p95": 29589.503, "p99": 37388.287, "p999": 53149.695, "max": 61800.447, "mean": 11423.519783349613, "meanSuccessful": 10776.35405653912, "meanFailed": 30000.60173012295, "meanTotal": 11423.519783349613}, "errorsByType": {"SQLTransientConnectionException": 122}, "firstErrorMessageByType": {"SQLTransientConnectionException": "HikariPool-1 - Connection is not available, request timed out after 30000ms (total=10, active=10, idle=0, waiting=56)"}, "appCpuMedian": 0.10015022533800699, "gcPauseMsTotal": 9}