{"runInfo": {"sut": "HIKARI_DISCIPLINED", "workload": "W5_HTAP", "loadMode": "open-loop", "targetRps": 3, "concurrency": 0, "poolSize": 19, "instanceId": 0, "totalInstances": 16, "configuredDbConnectionBudget": 300, "configuredReplicas": 16, "seed": 42, "durationSeconds": 900, "timestamp": "2026-07-15T09:19:22Z", "openLoopAttemptedOps": 2700, "openLoopMissedOpportunities": 0, "openLoopSchedulingDelayMs": 0.0, "clientPooling": "hikari"}, "attemptedRps": 2.898377122713651, "achievedThroughputRps": 1.3443763997236382, "successfulThroughputRps": 1.3443763997236382, "errorThroughputRps": 1.6417006949688024, "totalThroughputRps": 2.9860770946924404, "errorRate": 0.5497851002865329, "totalRequests": 2792, "successfulRequests": 1257, "failedRequests": 1535, "latencyMs": {"p50": 20119.551, "p95": 139067.391, "p99": 342622.207, "p999": 428081.151, "max": 429391.871, "mean": 29843.49577105802, "meanSuccessful": 29652.042659506762, "meanFailed": 30000.25422017655, "meanTotal": 29843.49577105802}, "errorsByType": {"SQLTransientConnectionException": 1535}, "firstErrorMessageByType": {"SQLTransientConnectionException": "HikariPool-1 - Connection is not available, request timed out after 30000ms (total=19, active=19, idle=0, waiting=80)"}, "appCpuMedian": 0.025021894157387717, "gcPauseMsTotal": 0}