{"runInfo": {"sut": "HIKARI_DISCIPLINED", "workload": "W5_HTAP", "loadMode": "open-loop", "targetRps": 3, "concurrency": 0, "poolSize": 19, "instanceId": 12, "totalInstances": 16, "configuredDbConnectionBudget": 300, "configuredReplicas": 16, "seed": 42, "durationSeconds": 900, "timestamp": "2026-07-15T09:19:32Z", "openLoopAttemptedOps": 2701, "openLoopMissedOpportunities": 0, "openLoopSchedulingDelayMs": 0.0, "clientPooling": "hikari"}, "attemptedRps": 2.8973076108602513, "achievedThroughputRps": 1.3507934708440374, "successfulThroughputRps": 1.3507934708440374, "errorThroughputRps": 1.6331446001416035, "totalThroughputRps": 2.9839380709856407, "errorRate": 0.5473118279569893, "totalRequests": 2790, "successfulRequests": 1263, "failedRequests": 1527, "latencyMs": {"p50": 21397.503, "p95": 138805.247, "p99": 393478.143, "p999": 437256.191, "max": 437518.335, "mean": 30377.611174728314, "meanSuccessful": 30834.293768804433, "meanFailed": 30000.253282572365, "meanTotal": 30377.611174728314}, "errorsByType": {"SQLTransientConnectionException": 1527}, "firstErrorMessageByType": {"SQLTransientConnectionException": "HikariPool-1 - Connection is not available, request timed out after 30000ms (total=19, active=19, idle=0, waiting=80)"}, "appCpuMedian": 0.025021894157387717, "gcPauseMsTotal": 0}