{"runInfo": {"sut": "PGBOUNCER", "workload": "W5_HTAP", "loadMode": "open-loop", "targetRps": 2, "concurrency": 0, "poolSize": 20, "instanceId": 1, "totalInstances": 16, "configuredDbConnectionBudget": 100, "configuredReplicas": 16, "seed": 42, "durationSeconds": 900, "timestamp": "2026-07-15T08:13:51Z", "openLoopAttemptedOps": 1801, "openLoopMissedOpportunities": 0, "openLoopSchedulingDelayMs": 0.0, "clientPooling": "hikari"}, "attemptedRps": 1.9359055114724706, "achievedThroughputRps": 1.5607633551682552, "successfulThroughputRps": 1.5607633551682552, "errorThroughputRps": 0.38804102700808546, "totalThroughputRps": 1.9488043821763406, "errorRate": 0.19911748483177055, "totalRequests": 1813, "successfulRequests": 1452, "failedRequests": 361, "latencyMs": {"p50": 24526.847, "p95": 39452.671, "p99": 67698.687, "p999": 99942.399, "max": 105709.567, "mean": 24832.402480741865, "meanSuccessful": 23547.60118319559, "meanFailed": 30000.5045560554, "meanTotal": 24832.402480741865}, "errorsByType": {"SQLTransientConnectionException": 361}, "firstErrorMessageByType": {"SQLTransientConnectionException": "HikariPool-1 - Connection is not available, request timed out after 30000ms (total=8, active=8, idle=0, waiting=23)"}, "appCpuMedian": 0.025025025025025023, "gcPauseMsTotal": 2}