{"runInfo": {"sut": "PGBOUNCER", "workload": "W5_HTAP", "loadMode": "open-loop", "targetRps": 12, "concurrency": 0, "poolSize": 20, "instanceId": 3, "totalInstances": 4, "configuredDbConnectionBudget": 100, "configuredReplicas": 4, "seed": 42, "durationSeconds": 900, "timestamp": "2026-07-05T16:58:10Z", "openLoopAttemptedOps": 10801, "openLoopMissedOpportunities": 0, "openLoopSchedulingDelayMs": 0.0, "clientPooling": "hikari"}, "attemptedRps": 11.581810948730569, "achievedThroughputRps": 4.6054881978333295, "successfulThroughputRps": 4.6054881978333295, "errorThroughputRps": 7.373070278999296, "totalThroughputRps": 11.978558476832626, "errorRate": 0.6155223346164175, "totalRequests": 11171, "successfulRequests": 4295, "failedRequests": 6876, "latencyMs": {"p50": 29982.719, "p95": 38436.863, "p99": 44040.191, "p999": 58097.663, "max": 67764.223, "mean": 30571.628603545254, "meanSuccessful": 31486.32398975553, "meanFailed": 30000.242537134527, "meanTotal": 30571.628603545254}, "errorsByType": {"SQLTransientConnectionException": 6876}, "firstErrorMessageByType": {"SQLTransientConnectionException": "HikariPool-1 - Connection is not available, request timed out after 30000ms (total=10, active=10, idle=0, waiting=360)"}, "appCpuMedian": 0.20020020020020018, "gcPauseMsTotal": 13}