{"runInfo": {"sut": "PGBOUNCER", "workload": "W5_HTAP", "loadMode": "open-loop", "targetRps": 3, "concurrency": 0, "poolSize": 20, "instanceId": 7, "totalInstances": 16, "configuredDbConnectionBudget": 100, "configuredReplicas": 16, "seed": 42, "durationSeconds": 900, "timestamp": "2026-07-15T14:51:20Z", "openLoopAttemptedOps": 2701, "openLoopMissedOpportunities": 0, "openLoopSchedulingDelayMs": 0.0, "clientPooling": "hikari"}, "attemptedRps": 2.8887484264823686, "achievedThroughputRps": 1.5112186325877774, "successfulThroughputRps": 1.5112186325877774, "errorThroughputRps": 1.47271624704414, "totalThroughputRps": 2.983934879631917, "errorRate": 0.4935483870967742, "totalRequests": 2790, "successfulRequests": 1413, "failedRequests": 1377, "latencyMs": {"p50": 30588.927, "p95": 48857.087, "p99": 79560.703, "p999": 106561.535, "max": 107610.111, "mean": 31569.414920512903, "meanSuccessful": 33098.25721160651, "meanFailed": 30000.33881138998, "meanTotal": 31569.414920512903}, "errorsByType": {"SQLTransientConnectionException": 1377}, "firstErrorMessageByType": {"SQLTransientConnectionException": "HikariPool-1 - Connection is not available, request timed out after 30000ms (total=12, active=12, idle=0, waiting=87)"}, "appCpuMedian": 0.025025025025025023, "gcPauseMsTotal": 2}