{"runInfo": {"sut": "PGBOUNCER", "workload": "W5_HTAP", "loadMode": "open-loop", "targetRps": 2, "concurrency": 0, "poolSize": 20, "instanceId": 3, "totalInstances": 16, "configuredDbConnectionBudget": 100, "configuredReplicas": 16, "seed": 42, "durationSeconds": 900, "timestamp": "2026-07-15T08:13:52Z", "openLoopAttemptedOps": 1801, "openLoopMissedOpportunities": 0, "openLoopSchedulingDelayMs": 0.0, "clientPooling": "hikari"}, "attemptedRps": 1.9261908479731682, "achievedThroughputRps": 1.5871555904454089, "successfulThroughputRps": 1.5871555904454089, "errorThroughputRps": 0.3422437930879588, "totalThroughputRps": 1.9293993835333678, "errorRate": 0.17738359201773837, "totalRequests": 1804, "successfulRequests": 1484, "failedRequests": 320, "latencyMs": {"p50": 22183.935, "p95": 40370.175, "p99": 79691.775, "p999": 102498.303, "max": 103284.735, "mean": 22896.760107891907, "meanSuccessful": 21364.930017520215, "meanFailed": 30000.501218343747, "meanTotal": 22896.760107891907}, "errorsByType": {"SQLTransientConnectionException": 320}, "firstErrorMessageByType": {"SQLTransientConnectionException": "HikariPool-1 - Connection is not available, request timed out after 30000ms (total=7, active=7, idle=0, waiting=22)"}, "appCpuMedian": 0.025025025025025023, "gcPauseMsTotal": 2}