{"runInfo": {"sut": "PGBOUNCER", "workload": "W5_HTAP", "loadMode": "open-loop", "targetRps": 12, "concurrency": 0, "poolSize": 20, "instanceId": 0, "totalInstances": 4, "configuredDbConnectionBudget": 100, "configuredReplicas": 4, "seed": 42, "durationSeconds": 900, "timestamp": "2026-07-02T16:16:02Z", "openLoopAttemptedOps": 10801, "openLoopMissedOpportunities": 0, "openLoopSchedulingDelayMs": 0.0, "clientPooling": "hikari"}, "attemptedRps": 10.237827355027303, "achievedThroughputRps": 3.626509347313625, "successfulThroughputRps": 3.626509347313625, "errorThroughputRps": 6.9610780571540145, "totalThroughputRps": 10.587587404467639, "errorRate": 0.6574753804834378, "totalRequests": 11170, "successfulRequests": 3826, "failedRequests": 7344, "latencyMs": {"p50": 29949.951, "p95": 40009.727, "p99": 47644.671, "p999": 66617.343, "max": 71499.775, "mean": 30502.800235529183, "meanSuccessful": 31467.353645582854, "meanFailed": 30000.22788821378, "meanTotal": 30502.800235529183}, "errorsByType": {"SQLTransientConnectionException": 7344}, "firstErrorMessageByType": {"SQLTransientConnectionException": "HikariPool-1 - Connection is not available, request timed out after 30000ms (total=10, active=10, idle=0, waiting=359)"}, "appCpuMedian": 0.15037593984962408, "gcPauseMsTotal": 8}