{"runInfo": {"sut": "PGBOUNCER", "workload": "W5_HTAP", "loadMode": "open-loop", "targetRps": 8, "concurrency": 0, "poolSize": 20, "instanceId": 3, "totalInstances": 4, "configuredDbConnectionBudget": 100, "configuredReplicas": 4, "seed": 42, "durationSeconds": 900, "timestamp": "2026-07-05T07:35:22Z", "openLoopAttemptedOps": 7201, "openLoopMissedOpportunities": 0, "openLoopSchedulingDelayMs": 0.0, "clientPooling": "hikari"}, "attemptedRps": 7.716203169418932, "achievedThroughputRps": 4.414769762256076, "successfulThroughputRps": 4.414769762256076, "errorThroughputRps": 3.5671768297452613, "totalThroughputRps": 7.9819465920013375, "errorRate": 0.44690562491609614, "totalRequests": 7449, "successfulRequests": 4120, "failedRequests": 3329, "latencyMs": {"p50": 29769.727, "p95": 38535.167, "p99": 46039.039, "p999": 60358.655, "max": 65667.071, "mean": 30301.528990605584, "meanSuccessful": 30544.817483495146, "meanFailed": 30000.270400042056, "meanTotal": 30301.528990605584}, "errorsByType": {"SQLTransientConnectionException": 3329}, "firstErrorMessageByType": {"SQLTransientConnectionException": "HikariPool-1 - Connection is not available, request timed out after 30000ms (total=8, active=8, idle=0, waiting=240)"}, "appCpuMedian": 0.15030060120240482, "gcPauseMsTotal": 10}