{"runInfo": {"sut": "PGBOUNCER", "workload": "W5_HTAP", "loadMode": "open-loop", "targetRps": 3, "concurrency": 0, "poolSize": 20, "instanceId": 0, "totalInstances": 16, "configuredDbConnectionBudget": 100, "configuredReplicas": 16, "seed": 42, "durationSeconds": 900, "timestamp": "2026-07-15T11:32:01Z", "openLoopAttemptedOps": 2701, "openLoopMissedOpportunities": 0, "openLoopSchedulingDelayMs": 0.0, "clientPooling": "hikari"}, "attemptedRps": 2.8887453369382934, "achievedThroughputRps": 1.6235155207228174, "successfulThroughputRps": 1.6235155207228174, "errorThroughputRps": 1.3518600910366543, "totalThroughputRps": 2.9753756117594716, "errorRate": 0.4543493889288282, "totalRequests": 2782, "successfulRequests": 1518, "failedRequests": 1264, "latencyMs": {"p50": 29884.415, "p95": 47579.135, "p99": 69468.159, "p999": 101580.799, "max": 102957.055, "mean": 30975.742847051406, "meanSuccessful": 31788.10953359684, "meanFailed": 30000.29921499367, "meanTotal": 30975.742847051406}, "errorsByType": {"SQLTransientConnectionException": 1264}, "firstErrorMessageByType": {"SQLTransientConnectionException": "HikariPool-1 - Connection is not available, request timed out after 30000ms (total=9, active=9, idle=0, waiting=82)"}, "appCpuMedian": 0.025025025025025023, "gcPauseMsTotal": 1}