{"runInfo": {"sut": "PGBOUNCER", "workload": "W5_HTAP", "loadMode": "open-loop", "targetRps": 4, "concurrency": 0, "poolSize": 20, "instanceId": 0, "totalInstances": 2, "configuredDbConnectionBudget": 100, "configuredReplicas": 2, "seed": 42, "durationSeconds": 900, "timestamp": "2026-05-30T17:03:11Z", "openLoopAttemptedOps": 4801, "openLoopMissedOpportunities": 0, "openLoopSchedulingDelayMs": 0.134201, "clientPooling": "hikari"}, "attemptedRps": 2.65754104022695, "achievedThroughputRps": 1.2022033753206613, "successfulThroughputRps": 1.2022033753206613, "errorThroughputRps": 1.536517757776315, "totalThroughputRps": 2.7387211330969765, "errorRate": 0.561034761519806, "totalRequests": 3711, "successfulRequests": 1629, "failedRequests": 2082, "latencyMs": {"p50": 25067.519, "p95": 60030.975, "p99": 60030.975, "p999": 64126.975, "max": 64880.639, "mean": 28621.173864053624, "meanSuccessful": 24676.15692387968, "meanFailed": 30000.301554512487, "meanTotal": 28621.173864053624}, "errorsByType": {"SQLTransientConnectionException": 2082}, "firstErrorMessageByType": {"SQLTransientConnectionException": "HikariPool-1 - Connection is not available, request timed out after 30001ms (total=9, active=9, idle=0, waiting=120)"}, "appCpuMedian": 0.1002004008016032, "gcPauseMsTotal": 7}