{"runInfo": {"sut": "HIKARI_DISCIPLINED", "workload": "W5_HTAP", "loadMode": "open-loop", "targetRps": 5, "concurrency": 0, "poolSize": 19, "instanceId": 0, "totalInstances": 4, "configuredDbConnectionBudget": 75, "configuredReplicas": 4, "seed": 42, "durationSeconds": 1800, "timestamp": "2026-05-22T21:43:00Z", "openLoopAttemptedOps": 10501, "openLoopMissedOpportunities": 0, "openLoopSchedulingDelayMs": 0.107803, "clientPooling": "hikari"}, "attemptedRps": 3.994655463183583, "achievedThroughputRps": 0.8203943835357047, "successfulThroughputRps": 0.8203943835357047, "errorThroughputRps": 3.2434402817189967, "totalThroughputRps": 4.063834665254702, "errorRate": 0.7981230903535574, "totalRequests": 9164, "successfulRequests": 1850, "failedRequests": 7314, "latencyMs": {"p50": 27312.127, "p95": 60030.975, "p99": 60030.975, "p999": 60030.975, "max": 60293.119, "mean": 32653.29567022643, "meanSuccessful": 25936.6501772973, "meanFailed": 30000.301398927262, "meanTotal": 32653.29567022643}, "errorsByType": {"SQLTransientConnectionException": 7314}, "firstErrorMessageByType": {"SQLTransientConnectionException": "HikariPool-1 - Connection is not available, request timed out after 30000ms (total=19, active=19, idle=0, waiting=145)"}, "appCpuMedian": 0.7045797684952189, "gcPauseMsTotal": 4939}