{"runInfo": {"sut": "HIKARI_DISCIPLINED", "workload": "W5_HTAP", "loadMode": "open-loop", "targetRps": 4, "concurrency": 0, "poolSize": 20, "instanceId": 0, "totalInstances": 4, "configuredDbConnectionBudget": 80, "configuredReplicas": 4, "seed": 42, "durationSeconds": 900, "timestamp": "2026-07-11T22:35:03Z", "openLoopAttemptedOps": 3601, "openLoopMissedOpportunities": 0, "openLoopSchedulingDelayMs": 0.0, "clientPooling": "hikari"}, "attemptedRps": 3.85130806507331, "achievedThroughputRps": 3.50264757376148, "successfulThroughputRps": 3.50264757376148, "errorThroughputRps": 0.3347568520877384, "totalThroughputRps": 3.8374044258492184, "errorRate": 0.08723522853957637, "totalRequests": 3588, "successfulRequests": 3275, "failedRequests": 313, "latencyMs": {"p50": 11010.047, "p95": 35323.903, "p99": 107020.287, "p999": 237502.463, "max": 239206.399, "mean": 16107.926887130714, "meanSuccessful": 14780.225478167938, "meanFailed": 30000.355065945685, "meanTotal": 16107.926887130714}, "errorsByType": {"SQLTransientConnectionException": 313}, "firstErrorMessageByType": {"SQLTransientConnectionException": "HikariPool-1 - Connection is not available, request timed out after 30000ms (total=20, active=20, idle=0, waiting=74)"}, "appCpuMedian": 0.15022533800701052, "gcPauseMsTotal": 14}