{"runInfo": {"sut": "HIKARI_DISCIPLINED", "workload": "W5_HTAP", "loadMode": "open-loop", "targetRps": 4, "concurrency": 0, "poolSize": 19, "instanceId": 4, "totalInstances": 16, "configuredDbConnectionBudget": 300, "configuredReplicas": 16, "seed": 42, "durationSeconds": 900, "timestamp": "2026-07-15T20:57:59Z", "openLoopAttemptedOps": 3601, "openLoopMissedOpportunities": 0, "openLoopSchedulingDelayMs": 0.0, "clientPooling": "hikari"}, "attemptedRps": 3.8598682789201355, "achievedThroughputRps": 1.32940323377604, "successfulThroughputRps": 1.32940323377604, "errorThroughputRps": 2.651319884578281, "totalThroughputRps": 3.980723118354321, "errorRate": 0.6660397635679742, "totalRequests": 3722, "successfulRequests": 1243, "failedRequests": 2479, "latencyMs": {"p50": 24231.935, "p95": 143785.983, "p99": 406847.487, "p999": 450625.535, "max": 452722.687, "mean": 31318.414447824824, "meanSuccessful": 33947.14653258246, "meanFailed": 30000.22935325736, "meanTotal": 31318.414447824824}, "errorsByType": {"SQLTransientConnectionException": 2479}, "firstErrorMessageByType": {"SQLTransientConnectionException": "HikariPool-1 - Connection is not available, request timed out after 30000ms (total=19, active=19, idle=0, waiting=112)"}, "appCpuMedian": 0.025021894157387717, "gcPauseMsTotal": 0}