{"runInfo": {"sut": "PGBOUNCER", "workload": "W5_HTAP", "loadMode": "open-loop", "targetRps": 12, "concurrency": 0, "poolSize": 20, "instanceId": 2, "totalInstances": 4, "configuredDbConnectionBudget": 100, "configuredReplicas": 4, "seed": 42, "durationSeconds": 900, "timestamp": "2026-07-12T10:06:39Z", "openLoopAttemptedOps": 10801, "openLoopMissedOpportunities": 0, "openLoopSchedulingDelayMs": 0.0, "clientPooling": "hikari"}, "attemptedRps": 11.55178517380084, "achievedThroughputRps": 4.915471221071073, "successfulThroughputRps": 4.915471221071073, "errorThroughputRps": 7.029893893842506, "totalThroughputRps": 11.945365114913578, "errorRate": 0.5885038947085683, "totalRequests": 11169, "successfulRequests": 4596, "failedRequests": 6573, "latencyMs": {"p50": 29917.183, "p95": 38666.239, "p99": 44662.783, "p999": 61734.911, "max": 63242.239, "mean": 30454.537925349898, "meanSuccessful": 31104.450794821583, "meanFailed": 30000.17073923399, "meanTotal": 30454.537925349898}, "errorsByType": {"SQLTransientConnectionException": 6573}, "firstErrorMessageByType": {"SQLTransientConnectionException": "HikariPool-1 - Connection is not available, request timed out after 30000ms (total=9, active=9, idle=0, waiting=360)"}, "appCpuMedian": 0.1502253380070105, "gcPauseMsTotal": 11}