{"runInfo": {"sut": "HIKARI_DISCIPLINED", "workload": "W5_HTAP", "loadMode": "open-loop", "targetRps": 12, "concurrency": 0, "poolSize": 20, "instanceId": 2, "totalInstances": 4, "configuredDbConnectionBudget": 80, "configuredReplicas": 4, "seed": 42, "durationSeconds": 900, "timestamp": "2026-07-05T18:00:37Z", "openLoopAttemptedOps": 10801, "openLoopMissedOpportunities": 0, "openLoopSchedulingDelayMs": 0.0, "clientPooling": "hikari"}, "attemptedRps": 11.55178517380084, "achievedThroughputRps": 4.0908784640114995, "successfulThroughputRps": 4.0908784640114995, "errorThroughputRps": 7.849139097354352, "totalThroughputRps": 11.94001756136585, "errorRate": 0.6573808670727338, "totalRequests": 11164, "successfulRequests": 3825, "failedRequests": 7339, "latencyMs": {"p50": 29294.591, "p95": 79953.919, "p99": 181534.719, "p999": 195166.207, "max": 197787.647, "mean": 31123.490937035112, "meanSuccessful": 33278.35826666666, "meanFailed": 30000.23278646314, "meanTotal": 31123.490937035112}, "errorsByType": {"SQLTransientConnectionException": 7339}, "firstErrorMessageByType": {"SQLTransientConnectionException": "HikariPool-1 - Connection is not available, request timed out after 30000ms (total=20, active=20, idle=0, waiting=360)"}, "appCpuMedian": 0.250501002004008, "gcPauseMsTotal": 19}