{"runInfo": {"sut": "HIKARI_DISCIPLINED", "workload": "W5_HTAP", "loadMode": "open-loop", "targetRps": 3, "concurrency": 0, "poolSize": 19, "instanceId": 1, "totalInstances": 16, "configuredDbConnectionBudget": 300, "configuredReplicas": 16, "seed": 42, "durationSeconds": 900, "timestamp": "2026-07-15T10:59:10Z", "openLoopAttemptedOps": 2701, "openLoopMissedOpportunities": 0, "openLoopSchedulingDelayMs": 0.0, "clientPooling": "hikari"}, "attemptedRps": 2.898374022868278, "achievedThroughputRps": 1.2663006801018604, "successfulThroughputRps": 1.2663006801018604, "errorThroughputRps": 1.7187037102396026, "totalThroughputRps": 2.9850043903414627, "errorRate": 0.5757792905768542, "totalRequests": 2791, "successfulRequests": 1184, "failedRequests": 1607, "latencyMs": {"p50": 20267.007, "p95": 150208.511, "p99": 406585.343, "p999": 444596.223, "max": 448790.527, "mean": 30132.837333954136, "meanSuccessful": 30313.12712837838, "meanFailed": 30000.305493891727, "meanTotal": 30132.837333954136}, "errorsByType": {"SQLTransientConnectionException": 1607}, "firstErrorMessageByType": {"SQLTransientConnectionException": "HikariPool-1 - Connection is not available, request timed out after 30000ms (total=19, active=19, idle=0, waiting=80)"}, "appCpuMedian": 0.025021894157387717, "gcPauseMsTotal": 0}