{"runInfo": {"sut": "HIKARI_DISCIPLINED", "workload": "W5_HTAP", "loadMode": "open-loop", "targetRps": 3, "concurrency": 0, "poolSize": 19, "instanceId": 15, "totalInstances": 16, "configuredDbConnectionBudget": 300, "configuredReplicas": 16, "seed": 42, "durationSeconds": 900, "timestamp": "2026-07-15T14:18:01Z", "openLoopAttemptedOps": 2701, "openLoopMissedOpportunities": 0, "openLoopSchedulingDelayMs": 0.0, "clientPooling": "hikari"}, "attemptedRps": 2.8962380990068515, "achievedThroughputRps": 1.0759289245202706, "successfulThroughputRps": 1.0759289245202706, "errorThroughputRps": 1.9080091464653703, "totalThroughputRps": 2.9839380709856407, "errorRate": 0.6394265232974911, "totalRequests": 2790, "successfulRequests": 1006, "failedRequests": 1784, "latencyMs": {"p50": 23609.343, "p95": 159776.767, "p99": 406847.487, "p999": 440926.207, "max": 446431.231, "mean": 31764.847805868816, "meanSuccessful": 34893.670083499004, "meanFailed": 30000.293353234865, "meanTotal": 31764.847805868816}, "errorsByType": {"SQLTransientConnectionException": 1784}, "firstErrorMessageByType": {"SQLTransientConnectionException": "HikariPool-1 - Connection is not available, request timed out after 30000ms (total=19, active=19, idle=0, waiting=80)"}, "appCpuMedian": 0.025021894157387717, "gcPauseMsTotal": 0}