{"runInfo": {"sut": "HIKARI_DISCIPLINED", "workload": "W5_HTAP", "loadMode": "open-loop", "targetRps": 2, "concurrency": 0, "poolSize": 19, "instanceId": 1, "totalInstances": 16, "configuredDbConnectionBudget": 300, "configuredReplicas": 16, "seed": 42, "durationSeconds": 900, "timestamp": "2026-07-15T02:44:07Z", "openLoopAttemptedOps": 1801, "openLoopMissedOpportunities": 0, "openLoopSchedulingDelayMs": 0.0, "clientPooling": "hikari"}, "attemptedRps": 1.9261908479731682, "achievedThroughputRps": 1.1604203609388604, "successfulThroughputRps": 1.1604203609388604, "errorThroughputRps": 0.7593534159139086, "totalThroughputRps": 1.919773776852769, "errorRate": 0.3955431754874652, "totalRequests": 1795, "successfulRequests": 1085, "failedRequests": 710, "latencyMs": {"p50": 2344.959, "p95": 128122.879, "p99": 378798.079, "p999": 536084.479, "max": 546308.095, "mean": 24751.626260794987, "meanSuccessful": 21317.3682718894, "meanFailed": 30000.373898114085, "meanTotal": 24751.626260794987}, "errorsByType": {"SQLTransientConnectionException": 710}, "firstErrorMessageByType": {"SQLTransientConnectionException": "HikariPool-1 - Connection is not available, request timed out after 30001ms (total=19, active=19, idle=0, waiting=46)"}, "appCpuMedian": 0.025021894157387717, "gcPauseMsTotal": 0}