{"runInfo": {"sut": "HIKARI_DISCIPLINED", "workload": "W5_HTAP", "loadMode": "open-loop", "targetRps": 4, "concurrency": 0, "poolSize": 19, "instanceId": 7, "totalInstances": 16, "configuredDbConnectionBudget": 300, "configuredReplicas": 16, "seed": 42, "durationSeconds": 900, "timestamp": "2026-07-15T22:37:23Z", "openLoopAttemptedOps": 3601, "openLoopMissedOpportunities": 0, "openLoopSchedulingDelayMs": 0.0, "clientPooling": "hikari"}, "attemptedRps": 3.8598682789201355, "achievedThroughputRps": 1.2844837359332455, "successfulThroughputRps": 1.2844837359332455, "errorThroughputRps": 2.6983784061278753, "totalThroughputRps": 3.9828621420611205, "errorRate": 0.6774973147153598, "totalRequests": 3724, "successfulRequests": 1201, "failedRequests": 2523, "latencyMs": {"p50": 25460.735, "p95": 158466.047, "p99": 395313.151, "p999": 442499.071, "max": 443809.791, "mean": 32055.754928382383, "meanSuccessful": 36373.998888426315, "meanFailed": 30000.26916282164, "meanTotal": 32055.754928382383}, "errorsByType": {"SQLTransientConnectionException": 2523}, "firstErrorMessageByType": {"SQLTransientConnectionException": "HikariPool-1 - Connection is not available, request timed out after 30000ms (total=19, active=19, idle=0, waiting=112)"}, "appCpuMedian": 0.025025025025025023, "gcPauseMsTotal": 0}