{"runInfo": {"sut": "HIKARI_DISCIPLINED", "workload": "W5_HTAP", "loadMode": "open-loop", "targetRps": 8, "concurrency": 0, "poolSize": 20, "instanceId": 1, "totalInstances": 4, "configuredDbConnectionBudget": 80, "configuredReplicas": 4, "seed": 42, "durationSeconds": 900, "timestamp": "2026-07-05T05:30:27Z", "openLoopAttemptedOps": 7201, "openLoopMissedOpportunities": 0, "openLoopSchedulingDelayMs": 0.0, "clientPooling": "hikari"}, "attemptedRps": 7.7015466194370745, "achievedThroughputRps": 3.8267093187537635, "successfulThroughputRps": 3.8267093187537635, "errorThroughputRps": 4.129380849555138, "totalThroughputRps": 7.956090168308901, "errorRate": 0.51902137384057, "totalRequests": 7439, "successfulRequests": 3578, "failedRequests": 3861, "latencyMs": {"p50": 28557.311, "p95": 79233.023, "p99": 193593.343, "p999": 210108.415, "max": 211156.991, "mean": 31241.201327703588, "meanSuccessful": 32580.17316433762, "meanFailed": 30000.216843360013, "meanTotal": 31241.201327703588}, "errorsByType": {"SQLTransientConnectionException": 3861}, "firstErrorMessageByType": {"SQLTransientConnectionException": "HikariPool-1 - Connection is not available, request timed out after 30000ms (total=20, active=20, idle=0, waiting=240)"}, "appCpuMedian": 0.2004008016032064, "gcPauseMsTotal": 15}