{"runInfo": {"sut": "HIKARI_DISCIPLINED", "workload": "W5_HTAP", "loadMode": "open-loop", "targetRps": 4, "concurrency": 0, "poolSize": 19, "instanceId": 5, "totalInstances": 16, "configuredDbConnectionBudget": 300, "configuredReplicas": 16, "seed": 42, "durationSeconds": 900, "timestamp": "2026-07-15T17:39:11Z", "openLoopAttemptedOps": 3601, "openLoopMissedOpportunities": 0, "openLoopSchedulingDelayMs": 0.0, "clientPooling": "hikari"}, "attemptedRps": 3.85130806507331, "achievedThroughputRps": 1.0727192416741265, "successfulThroughputRps": 1.0727192416741265, "errorThroughputRps": 2.8994435335778235, "totalThroughputRps": 3.97216277525195, "errorRate": 0.7299407646742057, "totalRequests": 3714, "successfulRequests": 1003, "failedRequests": 2711, "latencyMs": {"p50": 26312.703, "p95": 175243.263, "p99": 414449.663, "p999": 448790.527, "max": 450363.391, "mean": 32325.230418948035, "meanSuccessful": 38608.84890927219, "meanFailed": 30000.267987479157, "meanTotal": 32325.230418948035}, "errorsByType": {"SQLTransientConnectionException": 2711}, "firstErrorMessageByType": {"SQLTransientConnectionException": "HikariPool-1 - Connection is not available, request timed out after 30000ms (total=19, active=19, idle=0, waiting=112)"}, "appCpuMedian": 0.025021894157387717, "gcPauseMsTotal": 0}