{"runInfo": {"sut": "HIKARI_DISCIPLINED", "workload": "W5_HTAP", "loadMode": "open-loop", "targetRps": 3, "concurrency": 0, "poolSize": 19, "instanceId": 9, "totalInstances": 16, "configuredDbConnectionBudget": 300, "configuredReplicas": 16, "seed": 42, "durationSeconds": 900, "timestamp": "2026-07-15T10:59:16Z", "openLoopAttemptedOps": 2701, "openLoopMissedOpportunities": 0, "openLoopSchedulingDelayMs": 0.0, "clientPooling": "hikari"}, "attemptedRps": 2.898374022868278, "achievedThroughputRps": 1.3625566439609544, "successfulThroughputRps": 1.3625566439609544, "errorThroughputRps": 1.623517257090054, "totalThroughputRps": 2.9860739010510082, "errorRate": 0.5436962750716332, "totalRequests": 2792, "successfulRequests": 1274, "failedRequests": 1518, "latencyMs": {"p50": 21594.111, "p95": 143917.055, "p99": 383778.815, "p999": 450625.535, "max": 451149.823, "mean": 30593.940877072706, "meanSuccessful": 31301.872460753533, "meanFailed": 30000.292191583005, "meanTotal": 30593.940877072706}, "errorsByType": {"SQLTransientConnectionException": 1518}, "firstErrorMessageByType": {"SQLTransientConnectionException": "HikariPool-1 - Connection is not available, request timed out after 30000ms (total=19, active=19, idle=0, waiting=80)"}, "appCpuMedian": 0.025021894157387717, "gcPauseMsTotal": 0}