{"runInfo": {"sut": "HIKARI_DISCIPLINED", "workload": "W5_HTAP", "loadMode": "open-loop", "targetRps": 12, "concurrency": 0, "poolSize": 20, "instanceId": 2, "totalInstances": 4, "configuredDbConnectionBudget": 80, "configuredReplicas": 4, "seed": 42, "durationSeconds": 900, "timestamp": "2026-07-05T11:44:33Z", "openLoopAttemptedOps": 10801, "openLoopMissedOpportunities": 0, "openLoopSchedulingDelayMs": 0.0, "clientPooling": "hikari"}, "attemptedRps": 11.55179752857201, "achievedThroughputRps": 4.416014442688068, "successfulThroughputRps": 4.416014442688068, "errorThroughputRps": 7.521876864961294, "totalThroughputRps": 11.937891307649362, "errorRate": 0.6300842142985128, "totalRequests": 11162, "successfulRequests": 4129, "failedRequests": 7033, "latencyMs": {"p50": 29327.359, "p95": 79495.167, "p99": 96403.455, "p999": 197263.359, "max": 198705.151, "mean": 31072.89571594974, "meanSuccessful": 32900.13700653912, "meanFailed": 30000.185884807906, "meanTotal": 31072.89571594974}, "errorsByType": {"SQLTransientConnectionException": 7033}, "firstErrorMessageByType": {"SQLTransientConnectionException": "HikariPool-1 - Connection is not available, request timed out after 30000ms (total=20, active=20, idle=0, waiting=360)"}, "appCpuMedian": 0.20050125313283207, "gcPauseMsTotal": 20}