{"runInfo": {"sut": "HIKARI_DISCIPLINED", "workload": "W5_HTAP", "loadMode": "open-loop", "targetRps": 3, "concurrency": 0, "poolSize": 19, "instanceId": 9, "totalInstances": 16, "configuredDbConnectionBudget": 300, "configuredReplicas": 16, "seed": 42, "durationSeconds": 900, "timestamp": "2026-07-15T12:38:02Z", "openLoopAttemptedOps": 2701, "openLoopMissedOpportunities": 0, "openLoopSchedulingDelayMs": 0.0, "clientPooling": "hikari"}, "attemptedRps": 2.8887484264823686, "achievedThroughputRps": 1.4064065830523196, "successfulThroughputRps": 1.4064065830523196, "errorThroughputRps": 1.5550685716791426, "totalThroughputRps": 2.961475154731462, "errorRate": 0.5250993138317082, "totalRequests": 2769, "successfulRequests": 1315, "failedRequests": 1454, "latencyMs": {"p50": 21331.967, "p95": 138149.887, "p99": 379322.367, "p999": 430964.735, "max": 438042.623, "mean": 30314.937724709278, "meanSuccessful": 30662.761161977185, "meanFailed": 30000.30780815337, "meanTotal": 30314.937724709278}, "errorsByType": {"SQLTransientConnectionException": 1454}, "firstErrorMessageByType": {"SQLTransientConnectionException": "HikariPool-1 - Connection is not available, request timed out after 30000ms (total=19, active=19, idle=0, waiting=80)"}, "appCpuMedian": 0.025021894157387717, "gcPauseMsTotal": 0}