{"runInfo": {"sut": "PGBOUNCER", "workload": "W5_HTAP", "loadMode": "open-loop", "targetRps": 4, "concurrency": 0, "poolSize": 20, "instanceId": 4, "totalInstances": 16, "configuredDbConnectionBudget": 100, "configuredReplicas": 16, "seed": 42, "durationSeconds": 900, "timestamp": "2026-07-16T00:50:32Z", "openLoopAttemptedOps": 3601, "openLoopMissedOpportunities": 0, "openLoopSchedulingDelayMs": 0.0, "clientPooling": "hikari"}, "attemptedRps": 3.8513121840929365, "achievedThroughputRps": 1.511220248854018, "successfulThroughputRps": 1.511220248854018, "errorThroughputRps": 2.4609467746731037, "totalThroughputRps": 3.972167023527122, "errorRate": 0.6195476575121163, "totalRequests": 3714, "successfulRequests": 1413, "failedRequests": 2301, "latencyMs": {"p50": 31850.495, "p95": 51740.671, "p99": 79626.239, "p999": 111935.487, "max": 112066.559, "mean": 31764.533896695477, "meanSuccessful": 34637.23481953291, "meanFailed": 30000.24480000304, "meanTotal": 31764.533896695477}, "errorsByType": {"SQLTransientConnectionException": 2301}, "firstErrorMessageByType": {"SQLTransientConnectionException": "HikariPool-1 - Connection is not available, request timed out after 30000ms (total=7, active=7, idle=0, waiting=120)"}, "appCpuMedian": 0.025015634771732333, "gcPauseMsTotal": 1}