{"runInfo": {"sut": "PGBOUNCER", "workload": "W5_HTAP", "loadMode": "open-loop", "targetRps": 12, "concurrency": 0, "poolSize": 20, "instanceId": 0, "totalInstances": 4, "configuredDbConnectionBudget": 100, "configuredReplicas": 4, "seed": 42, "durationSeconds": 900, "timestamp": "2026-07-05T13:49:56Z", "openLoopAttemptedOps": 10801, "openLoopMissedOpportunities": 0, "openLoopSchedulingDelayMs": 0.0, "clientPooling": "hikari"}, "attemptedRps": 11.55178517380084, "achievedThroughputRps": 4.642745990136972, "successfulThroughputRps": 4.642745990136972, "errorThroughputRps": 7.301549614067061, "totalThroughputRps": 11.944295604204033, "errorRate": 0.6113001432664756, "totalRequests": 11168, "successfulRequests": 4341, "failedRequests": 6827, "latencyMs": {"p50": 29949.951, "p95": 38862.847, "p99": 43876.351, "p999": 63635.455, "max": 67698.687, "mean": 30471.306082793246, "meanSuccessful": 31212.332570375493, "meanFailed": 30000.19305988941, "meanTotal": 30471.306082793246}, "errorsByType": {"SQLTransientConnectionException": 6827}, "firstErrorMessageByType": {"SQLTransientConnectionException": "HikariPool-1 - Connection is not available, request timed out after 30000ms (total=12, active=12, idle=0, waiting=360)"}, "appCpuMedian": 0.1502253380070105, "gcPauseMsTotal": 10}