{"runInfo": {"sut": "HIKARI_DISCIPLINED", "workload": "W5_HTAP", "loadMode": "open-loop", "targetRps": 4, "concurrency": 0, "poolSize": 19, "instanceId": 3, "totalInstances": 16, "configuredDbConnectionBudget": 300, "configuredReplicas": 16, "seed": 42, "durationSeconds": 900, "timestamp": "2026-07-15T19:18:33Z", "openLoopAttemptedOps": 3601, "openLoopMissedOpportunities": 0, "openLoopSchedulingDelayMs": 0.0, "clientPooling": "hikari"}, "attemptedRps": 3.8523775757828553, "achievedThroughputRps": 1.3743212617659548, "successfulThroughputRps": 1.3743212617659548, "errorThroughputRps": 2.5999805349050864, "totalThroughputRps": 3.974301796671041, "errorRate": 0.6541980624327234, "totalRequests": 3716, "successfulRequests": 1285, "failedRequests": 2431, "latencyMs": {"p50": 24788.991, "p95": 149684.223, "p99": 378011.647, "p999": 439615.487, "max": 450101.247, "mean": 31297.5165627796, "meanSuccessful": 33751.49813618677, "meanFailed": 30000.273056834634, "meanTotal": 31297.5165627796}, "errorsByType": {"SQLTransientConnectionException": 2431}, "firstErrorMessageByType": {"SQLTransientConnectionException": "HikariPool-1 - Connection is not available, request timed out after 30000ms (total=19, active=19, idle=0, waiting=112)"}, "appCpuMedian": 0.025021894157387717, "gcPauseMsTotal": 0}