{"runInfo": {"sut": "HIKARI_DISCIPLINED", "workload": "W5_HTAP", "loadMode": "open-loop", "targetRps": 12, "concurrency": 0, "poolSize": 20, "instanceId": 3, "totalInstances": 4, "configuredDbConnectionBudget": 80, "configuredReplicas": 4, "seed": 42, "durationSeconds": 900, "timestamp": "2026-07-05T14:52:23Z", "openLoopAttemptedOps": 10801, "openLoopMissedOpportunities": 0, "openLoopSchedulingDelayMs": 0.0, "clientPooling": "hikari"}, "attemptedRps": 11.551748109645887, "achievedThroughputRps": 4.191399022470348, "successfulThroughputRps": 4.191399022470348, "errorThroughputRps": 7.748580229088459, "totalThroughputRps": 11.939979251558807, "errorRate": 0.6489609458975277, "totalRequests": 11164, "successfulRequests": 3919, "failedRequests": 7245, "latencyMs": {"p50": 29343.743, "p95": 78970.879, "p99": 111083.519, "p999": 187957.247, "max": 189399.039, "mean": 31154.964095913292, "meanSuccessful": 33289.510507782594, "meanFailed": 30000.24133444472, "meanTotal": 31154.964095913292}, "errorsByType": {"SQLTransientConnectionException": 7245}, "firstErrorMessageByType": {"SQLTransientConnectionException": "HikariPool-1 - Connection is not available, request timed out after 30000ms (total=20, active=20, idle=0, waiting=360)"}, "appCpuMedian": 0.25037556334501754, "gcPauseMsTotal": 17}