{"runInfo": {"sut": "HIKARI_DISCIPLINED", "workload": "W5_HTAP", "loadMode": "open-loop", "targetRps": 8, "concurrency": 0, "poolSize": 20, "instanceId": 0, "totalInstances": 4, "configuredDbConnectionBudget": 80, "configuredReplicas": 4, "seed": 42, "durationSeconds": 900, "timestamp": "2026-07-02T01:38:33Z", "openLoopAttemptedOps": 7201, "openLoopMissedOpportunities": 0, "openLoopSchedulingDelayMs": 0.0, "clientPooling": "hikari"}, "attemptedRps": 6.825540659407322, "achievedThroughputRps": 3.1288862264551547, "successfulThroughputRps": 3.1288862264551547, "errorThroughputRps": 3.943098061815645, "totalThroughputRps": 7.0719842882708, "errorRate": 0.5575660099182416, "totalRequests": 7461, "successfulRequests": 3301, "failedRequests": 4160, "latencyMs": {"p50": 28655.615, "p95": 88276.991, "p99": 204079.103, "p999": 218365.951, "max": 220856.319, "mean": 31677.066234877228, "meanSuccessful": 33790.30005452893, "meanFailed": 30000.211981652166, "meanTotal": 31677.066234877228}, "errorsByType": {"SQLTransientConnectionException": 4160}, "firstErrorMessageByType": {"SQLTransientConnectionException": "HikariPool-1 - Connection is not available, request timed out after 30000ms (total=20, active=20, idle=0, waiting=240)"}, "appCpuMedian": 0.20030045067601399, "gcPauseMsTotal": 11}