{"runInfo": {"sut": "HIKARI_DISCIPLINED", "workload": "W5_HTAP", "loadMode": "open-loop", "targetRps": 4, "concurrency": 0, "poolSize": 19, "instanceId": 10, "totalInstances": 16, "configuredDbConnectionBudget": 300, "configuredReplicas": 16, "seed": 42, "durationSeconds": 900, "timestamp": "2026-07-16T00:17:15Z", "openLoopAttemptedOps": 3600, "openLoopMissedOpportunities": 0, "openLoopSchedulingDelayMs": 0.0, "clientPooling": "hikari"}, "attemptedRps": 3.8513121840929365, "achievedThroughputRps": 1.287692271493445, "successfulThroughputRps": 1.287692271493445, "errorThroughputRps": 2.65666744384528, "totalThroughputRps": 3.944359715338725, "errorRate": 0.6735357917570499, "totalRequests": 3688, "successfulRequests": 1204, "failedRequests": 2484, "latencyMs": {"p50": 25296.895, "p95": 151519.231, "p99": 380108.799, "p999": 434896.895, "max": 436994.047, "mean": 31601.47621078118, "meanSuccessful": 34904.84469518273, "meanFailed": 30000.220002090176, "meanTotal": 31601.47621078118}, "errorsByType": {"SQLTransientConnectionException": 2484}, "firstErrorMessageByType": {"SQLTransientConnectionException": "HikariPool-1 - Connection is not available, request timed out after 30000ms (total=19, active=19, idle=0, waiting=110)"}, "appCpuMedian": 0.02502815667626079, "gcPauseMsTotal": 0}