{"runInfo": {"sut": "HIKARI_DISCIPLINED", "workload": "W5_HTAP", "loadMode": "open-loop", "targetRps": 12, "concurrency": 0, "poolSize": 38, "instanceId": 0, "totalInstances": 2, "configuredDbConnectionBudget": 75, "configuredReplicas": 2, "seed": 42, "durationSeconds": 900, "timestamp": "2026-05-31T07:29:57Z", "openLoopAttemptedOps": 14401, "openLoopMissedOpportunities": 0, "openLoopSchedulingDelayMs": 0.098498, "clientPooling": "hikari"}, "attemptedRps": 7.971147118992304, "achievedThroughputRps": 1.1084772680979949, "successfulThroughputRps": 1.1084772680979949, "errorThroughputRps": 7.142372170873764, "totalThroughputRps": 8.250849438971759, "errorRate": 0.8656529516994633, "totalRequests": 11180, "successfulRequests": 1502, "failedRequests": 9678, "latencyMs": {"p50": 29507.583, "p95": 60030.975, "p99": 60030.975, "p999": 60030.975, "max": 60030.975, "mean": 33382.47847157325, "meanSuccessful": 30368.743667110517, "meanFailed": 30000.261138482747, "meanTotal": 33382.47847157325}, "errorsByType": {"SQLTransientConnectionException": 9678}, "firstErrorMessageByType": {"SQLTransientConnectionException": "HikariPool-1 - Connection is not available, request timed out after 30000ms (total=38, active=38, idle=0, waiting=358)"}, "appCpuMedian": 0.20030045067601399, "gcPauseMsTotal": 13}