{"runInfo": {"sut": "PGBOUNCER", "workload": "W5_HTAP", "loadMode": "open-loop", "targetRps": 3, "concurrency": 0, "poolSize": 20, "instanceId": 0, "totalInstances": 16, "configuredDbConnectionBudget": 100, "configuredReplicas": 16, "seed": 42, "durationSeconds": 900, "timestamp": "2026-07-15T14:51:14Z", "openLoopAttemptedOps": 2701, "openLoopMissedOpportunities": 0, "openLoopSchedulingDelayMs": 0.0, "clientPooling": "hikari"}, "attemptedRps": 2.8887484264823686, "achievedThroughputRps": 1.6395599177332363, "successfulThroughputRps": 1.6395599177332363, "errorThroughputRps": 1.3497225154464085, "totalThroughputRps": 2.989282433179645, "errorRate": 0.451520572450805, "totalRequests": 2795, "successfulRequests": 1533, "failedRequests": 1262, "latencyMs": {"p50": 29933.567, "p95": 50298.879, "p99": 90701.823, "p999": 102236.159, "max": 104857.599, "mean": 31309.95406846726, "meanSuccessful": 32388.041769080235, "meanFailed": 30000.309312369256, "meanTotal": 31309.95406846726}, "errorsByType": {"SQLTransientConnectionException": 1262}, "firstErrorMessageByType": {"SQLTransientConnectionException": "HikariPool-1 - Connection is not available, request timed out after 30000ms (total=12, active=12, idle=0, waiting=85)"}, "appCpuMedian": 0.02501876407305479, "gcPauseMsTotal": 2}