{"runInfo": {"sut": "PGBOUNCER", "workload": "W5_HTAP", "loadMode": "open-loop", "targetRps": 2, "concurrency": 0, "poolSize": 20, "instanceId": 5, "totalInstances": 16, "configuredDbConnectionBudget": 100, "configuredReplicas": 16, "seed": 42, "durationSeconds": 900, "timestamp": "2026-07-15T08:13:54Z", "openLoopAttemptedOps": 1801, "openLoopMissedOpportunities": 0, "openLoopSchedulingDelayMs": 0.0, "clientPooling": "hikari"}, "attemptedRps": 1.9280673506791592, "achievedThroughputRps": 1.5876312498929446, "successfulThroughputRps": 1.5876312498929446, "errorThroughputRps": 0.3457888696665011, "totalThroughputRps": 1.9334201195594456, "errorRate": 0.1788482834994463, "totalRequests": 1806, "successfulRequests": 1483, "failedRequests": 323, "latencyMs": {"p50": 20856.831, "p95": 39747.583, "p99": 73072.639, "p999": 102432.767, "max": 103153.663, "mean": 22776.832935951275, "meanSuccessful": 21203.66737086986, "meanFailed": 30000.479395284827, "meanTotal": 22776.832935951275}, "errorsByType": {"SQLTransientConnectionException": 323}, "firstErrorMessageByType": {"SQLTransientConnectionException": "HikariPool-1 - Connection is not available, request timed out after 30000ms (total=8, active=8, idle=0, waiting=33)"}, "appCpuMedian": 0.025025025025025023, "gcPauseMsTotal": 2}