{"runInfo": {"sut": "HIKARI_DISCIPLINED", "workload": "W5_HTAP", "loadMode": "open-loop", "targetRps": 8, "concurrency": 0, "poolSize": 38, "instanceId": 0, "totalInstances": 2, "configuredDbConnectionBudget": 75, "configuredReplicas": 2, "seed": 42, "durationSeconds": 900, "timestamp": "2026-05-31T05:48:50Z", "openLoopAttemptedOps": 9601, "openLoopMissedOpportunities": 0, "openLoopSchedulingDelayMs": 0.123505, "clientPooling": "hikari"}, "attemptedRps": 5.315086002991857, "achievedThroughputRps": 0.8789596542020692, "successfulThroughputRps": 0.8789596542020692, "errorThroughputRps": 4.616936689074849, "totalThroughputRps": 5.495896343276918, "errorRate": 0.8400698267758829, "totalRequests": 7447, "successfulRequests": 1191, "failedRequests": 6256, "latencyMs": {"p50": 27262.975, "p95": 60030.975, "p99": 60030.975, "p999": 60162.047, "max": 61767.679, "mean": 33413.78883273318, "meanSuccessful": 21693.247497061293, "meanFailed": 30000.272448895143, "meanTotal": 33413.78883273318}, "errorsByType": {"SQLTransientConnectionException": 6256}, "firstErrorMessageByType": {"SQLTransientConnectionException": "HikariPool-1 - Connection is not available, request timed out after 30000ms (total=38, active=38, idle=0, waiting=225)"}, "appCpuMedian": 0.1503006012024048, "gcPauseMsTotal": 11}