{"runInfo": {"sut": "HIKARI_DISCIPLINED", "workload": "W5_HTAP", "loadMode": "open-loop", "targetRps": 2, "concurrency": 0, "poolSize": 19, "instanceId": 4, "totalInstances": 16, "configuredDbConnectionBudget": 300, "configuredReplicas": 16, "seed": 42, "durationSeconds": 900, "timestamp": "2026-07-15T02:44:10Z", "openLoopAttemptedOps": 1800, "openLoopMissedOpportunities": 0, "openLoopSchedulingDelayMs": 0.0, "clientPooling": "hikari"}, "attemptedRps": 1.9261887878914277, "achievedThroughputRps": 1.139028905665947, "successfulThroughputRps": 1.139028905665947, "errorThroughputRps": 0.7828818393872987, "totalThroughputRps": 1.9219107450532458, "errorRate": 0.4073455759599332, "totalRequests": 1797, "successfulRequests": 1065, "failedRequests": 732, "latencyMs": {"p50": 166.399, "p95": 142737.407, "p99": 413925.375, "p999": 572522.495, "max": 594542.591, "mean": 24808.14184589705, "meanSuccessful": 21240.20120938967, "meanFailed": 30000.280453898908, "meanTotal": 24808.14184589705}, "errorsByType": {"SQLTransientConnectionException": 732}, "firstErrorMessageByType": {"SQLTransientConnectionException": "HikariPool-1 - Connection is not available, request timed out after 30000ms (total=19, active=19, idle=0, waiting=45)"}, "appCpuMedian": 0.025015634771732333, "gcPauseMsTotal": 0}