{"runInfo": {"sut": "PGBOUNCER", "workload": "W5_HTAP", "loadMode": "open-loop", "targetRps": 12, "concurrency": 0, "poolSize": 20, "instanceId": 1, "totalInstances": 4, "configuredDbConnectionBudget": 100, "configuredReplicas": 4, "seed": 42, "durationSeconds": 900, "timestamp": "2026-07-12T13:15:53Z", "openLoopAttemptedOps": 10801, "openLoopMissedOpportunities": 0, "openLoopSchedulingDelayMs": 0.0, "clientPooling": "hikari"}, "attemptedRps": 11.56188783866237, "achievedThroughputRps": 4.52477547393999, "successfulThroughputRps": 4.52477547393999, "errorThroughputRps": 7.434247851079545, "totalThroughputRps": 11.959023325019535, "errorRate": 0.6216433941997852, "totalRequests": 11172, "successfulRequests": 4227, "failedRequests": 6945, "latencyMs": {"p50": 29933.567, "p95": 39223.295, "p99": 44957.695, "p999": 62062.591, "max": 69468.159, "mean": 30430.364857610188, "meanSuccessful": 31136.990508634964, "meanFailed": 30000.185841649676, "meanTotal": 30430.364857610188}, "errorsByType": {"SQLTransientConnectionException": 6945}, "firstErrorMessageByType": {"SQLTransientConnectionException": "HikariPool-1 - Connection is not available, request timed out after 30000ms (total=11, active=11, idle=0, waiting=360)"}, "appCpuMedian": 0.1502253380070105, "gcPauseMsTotal": 11}