{"runInfo": {"sut": "HIKARI_DISCIPLINED", "workload": "W5_HTAP", "loadMode": "open-loop", "targetRps": 4, "concurrency": 0, "poolSize": 19, "instanceId": 1, "totalInstances": 16, "configuredDbConnectionBudget": 300, "configuredReplicas": 16, "seed": 42, "durationSeconds": 900, "timestamp": "2026-07-15T20:57:56Z", "openLoopAttemptedOps": 3601, "openLoopMissedOpportunities": 0, "openLoopSchedulingDelayMs": 0.0, "clientPooling": "hikari"}, "attemptedRps": 3.857725129330583, "achievedThroughputRps": 1.1925044411432215, "successfulThroughputRps": 1.1925044411432215, "errorThroughputRps": 2.786075398366002, "totalThroughputRps": 3.9785798395092233, "errorRate": 0.7002688172043011, "totalRequests": 3720, "successfulRequests": 1115, "failedRequests": 2605, "latencyMs": {"p50": 25329.663, "p95": 149946.367, "p99": 401866.751, "p999": 454295.551, "max": 454557.695, "mean": 31627.760375271773, "meanSuccessful": 35430.252488789236, "meanFailed": 30000.277305247986, "meanTotal": 31627.760375271773}, "errorsByType": {"SQLTransientConnectionException": 2605}, "firstErrorMessageByType": {"SQLTransientConnectionException": "HikariPool-1 - Connection is not available, request timed out after 30000ms (total=19, active=19, idle=0, waiting=112)"}, "appCpuMedian": 0.025021894157387717, "gcPauseMsTotal": 0}