{"runInfo": {"sut": "PGBOUNCER", "workload": "W5_HTAP", "loadMode": "open-loop", "targetRps": 8, "concurrency": 0, "poolSize": 20, "instanceId": 1, "totalInstances": 4, "configuredDbConnectionBudget": 100, "configuredReplicas": 4, "seed": 42, "durationSeconds": 900, "timestamp": "2026-07-02T03:44:09Z", "openLoopAttemptedOps": 7201, "openLoopMissedOpportunities": 0, "openLoopSchedulingDelayMs": 0.0, "clientPooling": "hikari"}, "attemptedRps": 6.825534189755727, "achievedThroughputRps": 3.7516267633735825, "successfulThroughputRps": 3.7516267633735825, "errorThroughputRps": 3.291915045274495, "totalThroughputRps": 7.043541808648078, "errorRate": 0.46736643789530347, "totalRequests": 7431, "successfulRequests": 3958, "failedRequests": 3473, "latencyMs": {"p50": 29605.887, "p95": 38699.007, "p99": 45744.127, "p999": 61898.751, "max": 67502.079, "mean": 29997.676437374375, "meanSuccessful": 29995.440056594238, "meanFailed": 30000.275999885114, "meanTotal": 29997.676437374375}, "errorsByType": {"SQLTransientConnectionException": 3473}, "firstErrorMessageByType": {"SQLTransientConnectionException": "HikariPool-1 - Connection is not available, request timed out after 30000ms (total=9, active=9, idle=0, waiting=240)"}, "appCpuMedian": 0.1502253380070105, "gcPauseMsTotal": 9}