{"runInfo": {"sut": "PGBOUNCER", "workload": "W5_HTAP", "loadMode": "open-loop", "targetRps": 8, "concurrency": 0, "poolSize": 20, "instanceId": 1, "totalInstances": 4, "configuredDbConnectionBudget": 100, "configuredReplicas": 4, "seed": 42, "durationSeconds": 900, "timestamp": "2026-07-05T06:01:50Z", "openLoopAttemptedOps": 7201, "openLoopMissedOpportunities": 0, "openLoopSchedulingDelayMs": 0.0, "clientPooling": "hikari"}, "attemptedRps": 7.701900821849825, "achievedThroughputRps": 4.33920450413064, "successfulThroughputRps": 4.33920450413064, "errorThroughputRps": 3.6247384926050628, "totalThroughputRps": 7.963942996735703, "errorRate": 0.4551437013161429, "totalRequests": 7446, "successfulRequests": 4057, "failedRequests": 3389, "latencyMs": {"p50": 29556.735, "p95": 38502.399, "p99": 44367.871, "p999": 61538.303, "max": 66519.039, "mean": 30070.953697285255, "meanSuccessful": 30130.004121271875, "meanFailed": 30000.274596571853, "meanTotal": 30070.953697285255}, "errorsByType": {"SQLTransientConnectionException": 3389}, "firstErrorMessageByType": {"SQLTransientConnectionException": "HikariPool-1 - Connection is not available, request timed out after 30000ms (total=8, active=8, idle=0, waiting=240)"}, "appCpuMedian": 0.1503006012024048, "gcPauseMsTotal": 11}