{"runInfo": {"sut": "HIKARI_DISCIPLINED", "workload": "W5_HTAP", "loadMode": "open-loop", "targetRps": 8, "concurrency": 0, "poolSize": 20, "instanceId": 3, "totalInstances": 4, "configuredDbConnectionBudget": 80, "configuredReplicas": 4, "seed": 42, "durationSeconds": 900, "timestamp": "2026-07-05T08:37:16Z", "openLoopAttemptedOps": 7201, "openLoopMissedOpportunities": 0, "openLoopSchedulingDelayMs": 0.0, "clientPooling": "hikari"}, "attemptedRps": 7.701554856332473, "achievedThroughputRps": 4.079118208867109, "successfulThroughputRps": 4.079118208867109, "errorThroughputRps": 3.865215838187135, "totalThroughputRps": 7.944334047054244, "errorRate": 0.48653742595584276, "totalRequests": 7428, "successfulRequests": 3814, "failedRequests": 3614, "latencyMs": {"p50": 28114.943, "p95": 75759.615, "p99": 182321.151, "p999": 194904.063, "max": 198574.079, "mean": 30852.921163323506, "meanSuccessful": 31660.9653180388, "meanFailed": 30000.258328867185, "meanTotal": 30852.921163323506}, "errorsByType": {"SQLTransientConnectionException": 3614}, "firstErrorMessageByType": {"SQLTransientConnectionException": "HikariPool-1 - Connection is not available, request timed out after 30000ms (total=20, active=20, idle=0, waiting=236)"}, "appCpuMedian": 0.2001000500250125, "gcPauseMsTotal": 15}