{"runInfo": {"sut": "PGBOUNCER", "workload": "W5_HTAP", "loadMode": "open-loop", "targetRps": 4, "concurrency": 0, "poolSize": 20, "instanceId": 3, "totalInstances": 16, "configuredDbConnectionBudget": 100, "configuredReplicas": 16, "seed": 42, "durationSeconds": 900, "timestamp": "2026-07-15T21:31:17Z", "openLoopAttemptedOps": 3601, "openLoopMissedOpportunities": 0, "openLoopSchedulingDelayMs": 0.0, "clientPooling": "hikari"}, "attemptedRps": 3.85130806507331, "achievedThroughputRps": 1.58180633941778, "successfulThroughputRps": 1.58180633941778, "errorThroughputRps": 2.397843010800989, "totalThroughputRps": 3.9796493502187684, "errorRate": 0.6025262026337006, "totalRequests": 3721, "successfulRequests": 1479, "failedRequests": 2242, "latencyMs": {"p50": 31277.055, "p95": 49971.199, "p99": 88014.847, "p999": 105578.495, "max": 109903.871, "mean": 31509.097929719966, "meanSuccessful": 33796.364635564576, "meanFailed": 30000.29952345361, "meanTotal": 31509.097929719966}, "errorsByType": {"SQLTransientConnectionException": 2242}, "firstErrorMessageByType": {"SQLTransientConnectionException": "HikariPool-1 - Connection is not available, request timed out after 30000ms (total=6, active=6, idle=0, waiting=120)"}, "appCpuMedian": 0.02502815667626079, "gcPauseMsTotal": 2}