{"runInfo": {"sut": "HIKARI_DISCIPLINED", "workload": "W5_HTAP", "loadMode": "open-loop", "targetRps": 4, "concurrency": 0, "poolSize": 19, "instanceId": 11, "totalInstances": 16, "configuredDbConnectionBudget": 300, "configuredReplicas": 16, "seed": 42, "durationSeconds": 900, "timestamp": "2026-07-15T20:58:04Z", "openLoopAttemptedOps": 3601, "openLoopMissedOpportunities": 0, "openLoopSchedulingDelayMs": 0.0, "clientPooling": "hikari"}, "attemptedRps": 3.8513121840929365, "achievedThroughputRps": 1.2171044891690534, "successfulThroughputRps": 1.2171044891690534, "errorThroughputRps": 2.7550625343580686, "totalThroughputRps": 3.972167023527122, "errorRate": 0.6935918147549811, "totalRequests": 3714, "successfulRequests": 1138, "failedRequests": 2576, "latencyMs": {"p50": 25116.671, "p95": 154664.959, "p99": 413401.087, "p999": 446693.375, "max": 447479.807, "mean": 31656.69492038072, "meanSuccessful": 35406.172365553604, "meanFailed": 30000.27136837151, "meanTotal": 31656.69492038072}, "errorsByType": {"SQLTransientConnectionException": 2576}, "firstErrorMessageByType": {"SQLTransientConnectionException": "HikariPool-1 - Connection is not available, request timed out after 30000ms (total=19, active=19, idle=0, waiting=112)"}, "appCpuMedian": 0.025025025025025023, "gcPauseMsTotal": 0}