{"runInfo": {"sut": "HIKARI_DISCIPLINED", "workload": "W5_HTAP", "loadMode": "open-loop", "targetRps": 4, "concurrency": 0, "poolSize": 19, "instanceId": 6, "totalInstances": 16, "configuredDbConnectionBudget": 300, "configuredReplicas": 16, "seed": 42, "durationSeconds": 900, "timestamp": "2026-07-16T00:17:12Z", "openLoopAttemptedOps": 3601, "openLoopMissedOpportunities": 0, "openLoopSchedulingDelayMs": 0.0, "clientPooling": "hikari"}, "attemptedRps": 3.8587987670667356, "achievedThroughputRps": 1.486621476225821, "successfulThroughputRps": 1.486621476225821, "errorThroughputRps": 2.4951711539818997, "totalThroughputRps": 3.9817926302077207, "errorRate": 0.626645178619393, "totalRequests": 3723, "successfulRequests": 1390, "failedRequests": 2333, "latencyMs": {"p50": 23674.879, "p95": 140902.399, "p99": 386400.255, "p999": 434110.463, "max": 443547.647, "mean": 30568.467712680635, "meanSuccessful": 31522.298007194244, "meanFailed": 30000.227720240462, "meanTotal": 30568.467712680635}, "errorsByType": {"SQLTransientConnectionException": 2333}, "firstErrorMessageByType": {"SQLTransientConnectionException": "HikariPool-1 - Connection is not available, request timed out after 30000ms (total=19, active=19, idle=0, waiting=112)"}, "appCpuMedian": 0.02502815667626079, "gcPauseMsTotal": 0}