{"runInfo": {"sut": "HIKARI_DISCIPLINED", "workload": "W5_HTAP", "loadMode": "open-loop", "targetRps": 12, "concurrency": 0, "poolSize": 20, "instanceId": 1, "totalInstances": 4, "configuredDbConnectionBudget": 80, "configuredReplicas": 4, "seed": 42, "durationSeconds": 900, "timestamp": "2026-07-05T13:18:28Z", "openLoopAttemptedOps": 10801, "openLoopMissedOpportunities": 0, "openLoopSchedulingDelayMs": 0.0, "clientPooling": "hikari"}, "attemptedRps": 11.55179752857201, "achievedThroughputRps": 4.105856005202106, "successfulThroughputRps": 4.105856005202106, "errorThroughputRps": 7.830965790593857, "totalThroughputRps": 11.936821795795963, "errorRate": 0.6560344055192187, "totalRequests": 11161, "successfulRequests": 3839, "failedRequests": 7322, "latencyMs": {"p50": 29409.279, "p95": 81985.535, "p99": 111607.807, "p999": 200146.943, "max": 205914.111, "mean": 31192.91443569107, "meanSuccessful": 33467.536134149515, "meanFailed": 30000.24750440863, "meanTotal": 31192.91443569107}, "errorsByType": {"SQLTransientConnectionException": 7322}, "firstErrorMessageByType": {"SQLTransientConnectionException": "HikariPool-1 - Connection is not available, request timed out after 30000ms (total=20, active=20, idle=0, waiting=359)"}, "appCpuMedian": 0.250501002004008, "gcPauseMsTotal": 19}