{"runInfo": {"sut": "PGBOUNCER", "workload": "W5_HTAP", "loadMode": "open-loop", "targetRps": 4, "concurrency": 0, "poolSize": 20, "instanceId": 11, "totalInstances": 16, "configuredDbConnectionBudget": 100, "configuredReplicas": 16, "seed": 42, "durationSeconds": 900, "timestamp": "2026-07-15T23:10:54Z", "openLoopAttemptedOps": 3601, "openLoopMissedOpportunities": 0, "openLoopSchedulingDelayMs": 0.0, "clientPooling": "hikari"}, "attemptedRps": 3.85130806507331, "achievedThroughputRps": 1.7165646888205115, "successfulThroughputRps": 1.7165646888205115, "errorThroughputRps": 2.2727102577841665, "totalThroughputRps": 3.989274946604678, "errorRate": 0.5697050938337802, "totalRequests": 3730, "successfulRequests": 1605, "failedRequests": 2125, "latencyMs": {"p50": 31244.287, "p95": 46956.543, "p99": 75497.471, "p999": 103809.023, "max": 106364.927, "mean": 30980.735697824934, "meanSuccessful": 32278.699424299066, "meanFailed": 30000.291359455998, "meanTotal": 30980.735697824934}, "errorsByType": {"SQLTransientConnectionException": 2125}, "firstErrorMessageByType": {"SQLTransientConnectionException": "HikariPool-1 - Connection is not available, request timed out after 30000ms (total=12, active=12, idle=0, waiting=119)"}, "appCpuMedian": 0.025025025025025023, "gcPauseMsTotal": 2}