{"runInfo": {"sut": "PGBOUNCER", "workload": "W5_HTAP", "loadMode": "open-loop", "targetRps": 2, "concurrency": 0, "poolSize": 20, "instanceId": 1, "totalInstances": 16, "configuredDbConnectionBudget": 100, "configuredReplicas": 16, "seed": 42, "durationSeconds": 900, "timestamp": "2026-07-15T04:56:19Z", "openLoopAttemptedOps": 1801, "openLoopMissedOpportunities": 0, "openLoopSchedulingDelayMs": 0.0, "clientPooling": "hikari"}, "attemptedRps": 1.9261908479731682, "achievedThroughputRps": 1.529401950361816, "successfulThroughputRps": 1.529401950361816, "errorThroughputRps": 0.4192486465327495, "totalThroughputRps": 1.9486505968945655, "errorRate": 0.21514818880351264, "totalRequests": 1822, "successfulRequests": 1430, "failedRequests": 392, "latencyMs": {"p50": 21266.431, "p95": 41811.967, "p99": 84410.367, "p999": 117768.191, "max": 121176.063, "mean": 23685.562323444567, "meanSuccessful": 21954.631845454544, "meanFailed": 30000.454411392857, "meanTotal": 23685.562323444567}, "errorsByType": {"SQLTransientConnectionException": 392}, "firstErrorMessageByType": {"SQLTransientConnectionException": "HikariPool-1 - Connection is not available, request timed out after 30000ms (total=6, active=6, idle=0, waiting=34)"}, "appCpuMedian": 0.025021894157387717, "gcPauseMsTotal": 2}