{"runInfo": {"sut": "HIKARI_DISCIPLINED", "workload": "W5_HTAP", "loadMode": "open-loop", "targetRps": 4, "concurrency": 0, "poolSize": 19, "instanceId": 0, "totalInstances": 16, "configuredDbConnectionBudget": 300, "configuredReplicas": 16, "seed": 42, "durationSeconds": 900, "timestamp": "2026-07-16T00:17:07Z", "openLoopAttemptedOps": 3600, "openLoopMissedOpportunities": 0, "openLoopSchedulingDelayMs": 0.0, "clientPooling": "hikari"}, "attemptedRps": 3.8598682789201355, "achievedThroughputRps": 1.2588154514516485, "successfulThroughputRps": 1.2588154514516485, "errorThroughputRps": 2.7219076669026725, "totalThroughputRps": 3.980723118354321, "errorRate": 0.683772165502418, "totalRequests": 3722, "successfulRequests": 1177, "failedRequests": 2545, "latencyMs": {"p50": 25952.255, "p95": 161611.775, "p99": 384565.247, "p999": 435421.183, "max": 441450.495, "mean": 31976.841865077917, "meanSuccessful": 36250.82789464741, "meanFailed": 30000.229974152848, "meanTotal": 31976.841865077917}, "errorsByType": {"SQLTransientConnectionException": 2545}, "firstErrorMessageByType": {"SQLTransientConnectionException": "HikariPool-1 - Connection is not available, request timed out after 30000ms (total=19, active=19, idle=0, waiting=112)"}, "appCpuMedian": 0.02502815667626079, "gcPauseMsTotal": 0}