{"runInfo": {"sut": "HIKARI_DISCIPLINED", "workload": "W5_HTAP", "loadMode": "open-loop", "targetRps": 4, "concurrency": 0, "poolSize": 19, "instanceId": 2, "totalInstances": 16, "configuredDbConnectionBudget": 300, "configuredReplicas": 16, "seed": 42, "durationSeconds": 900, "timestamp": "2026-07-15T22:37:19Z", "openLoopAttemptedOps": 3601, "openLoopMissedOpportunities": 0, "openLoopSchedulingDelayMs": 0.0, "clientPooling": "hikari"}, "attemptedRps": 3.8587987670667356, "achievedThroughputRps": 1.4267288124354283, "successfulThroughputRps": 1.4267288124354283, "errorThroughputRps": 2.552924794065493, "totalThroughputRps": 3.979653606500921, "errorRate": 0.6414942219833378, "totalRequests": 3721, "successfulRequests": 1334, "failedRequests": 2387, "latencyMs": {"p50": 23904.255, "p95": 143917.055, "p99": 402653.183, "p999": 434896.895, "max": 447479.807, "mean": 31103.760195686107, "meanSuccessful": 33077.97810269865, "meanFailed": 30000.231012953078, "meanTotal": 31103.760195686107}, "errorsByType": {"SQLTransientConnectionException": 2387}, "firstErrorMessageByType": {"SQLTransientConnectionException": "HikariPool-1 - Connection is not available, request timed out after 30000ms (total=19, active=19, idle=0, waiting=112)"}, "appCpuMedian": 0.025021894157387717, "gcPauseMsTotal": 0}