{"runInfo": {"sut": "HIKARI_DISCIPLINED", "workload": "W5_HTAP", "loadMode": "open-loop", "targetRps": 2, "concurrency": 0, "poolSize": 19, "instanceId": 10, "totalInstances": 16, "configuredDbConnectionBudget": 300, "configuredReplicas": 16, "seed": 42, "durationSeconds": 900, "timestamp": "2026-07-15T06:01:57Z", "openLoopAttemptedOps": 1801, "openLoopMissedOpportunities": 0, "openLoopSchedulingDelayMs": 0.0, "clientPooling": "hikari"}, "attemptedRps": 1.9261908479731682, "achievedThroughputRps": 1.0973191615882678, "successfulThroughputRps": 1.0973191615882678, "errorThroughputRps": 0.8245936389713008, "totalThroughputRps": 1.9219128005595687, "errorRate": 0.4290484140233723, "totalRequests": 1797, "successfulRequests": 1026, "failedRequests": 771, "latencyMs": {"p50": 3731.455, "p95": 151781.375, "p99": 356515.839, "p999": 567279.615, "max": 583008.255, "mean": 25368.51456101892, "meanSuccessful": 21888.130566276803, "meanFailed": 30000.276778941632, "meanTotal": 25368.51456101892}, "errorsByType": {"SQLTransientConnectionException": 771}, "firstErrorMessageByType": {"SQLTransientConnectionException": "HikariPool-1 - Connection is not available, request timed out after 30001ms (total=19, active=19, idle=0, waiting=46)"}, "appCpuMedian": 0.02501876407305479, "gcPauseMsTotal": 0}