{"runInfo": {"sut": "HIKARI_DISCIPLINED", "workload": "W5_HTAP", "loadMode": "open-loop", "targetRps": 12, "concurrency": 0, "poolSize": 20, "instanceId": 2, "totalInstances": 4, "configuredDbConnectionBudget": 80, "configuredReplicas": 4, "seed": 42, "durationSeconds": 900, "timestamp": "2026-07-12T12:44:14Z", "openLoopAttemptedOps": 10801, "openLoopMissedOpportunities": 0, "openLoopSchedulingDelayMs": 0.0, "clientPooling": "hikari"}, "attemptedRps": 11.551772819056094, "achievedThroughputRps": 3.929378144358123, "successfulThroughputRps": 3.929378144358123, "errorThroughputRps": 8.005279099216263, "totalThroughputRps": 11.934657243574385, "errorRate": 0.6707590285867909, "totalRequests": 11159, "successfulRequests": 3674, "failedRequests": 7485, "latencyMs": {"p50": 29310.975, "p95": 81068.031, "p99": 185860.095, "p999": 199098.367, "max": 200933.375, "mean": 31202.78632496209, "meanSuccessful": 33653.10580293958, "meanFailed": 30000.167489338277, "meanTotal": 31202.78632496209}, "errorsByType": {"SQLTransientConnectionException": 7485}, "firstErrorMessageByType": {"SQLTransientConnectionException": "HikariPool-1 - Connection is not available, request timed out after 30000ms (total=20, active=20, idle=0, waiting=360)"}, "appCpuMedian": 0.20030045067601399, "gcPauseMsTotal": 17}