{"runInfo": {"sut": "PGBOUNCER", "workload": "W5_HTAP", "loadMode": "open-loop", "targetRps": 2, "concurrency": 0, "poolSize": 20, "instanceId": 10, "totalInstances": 16, "configuredDbConnectionBudget": 100, "configuredReplicas": 16, "seed": 42, "durationSeconds": 900, "timestamp": "2026-07-15T08:13:57Z", "openLoopAttemptedOps": 1801, "openLoopMissedOpportunities": 0, "openLoopSchedulingDelayMs": 0.0, "clientPooling": "hikari"}, "attemptedRps": 1.9261908479731682, "achievedThroughputRps": 1.6598823964766003, "successfulThroughputRps": 1.6598823964766003, "errorThroughputRps": 0.26630845149656796, "totalThroughputRps": 1.9261908479731682, "errorRate": 0.13825652415324818, "totalRequests": 1801, "successfulRequests": 1552, "failedRequests": 249, "latencyMs": {"p50": 22609.919, "p95": 38797.311, "p99": 65732.607, "p999": 99155.967, "max": 102301.695, "mean": 23119.655310039976, "meanSuccessful": 22015.735647551548, "meanFailed": 30000.525249638555, "meanTotal": 23119.655310039976}, "errorsByType": {"SQLTransientConnectionException": 249}, "firstErrorMessageByType": {"SQLTransientConnectionException": "HikariPool-1 - Connection is not available, request timed out after 30000ms (total=7, active=7, idle=0, waiting=40)"}, "appCpuMedian": 0.025015634771732333, "gcPauseMsTotal": 1}