{"runInfo": {"sut": "PGBOUNCER", "workload": "W5_HTAP", "loadMode": "open-loop", "targetRps": 4, "concurrency": 0, "poolSize": 20, "instanceId": 14, "totalInstances": 16, "configuredDbConnectionBudget": 100, "configuredReplicas": 16, "seed": 42, "durationSeconds": 900, "timestamp": "2026-07-16T00:50:42Z", "openLoopAttemptedOps": 3601, "openLoopMissedOpportunities": 0, "openLoopSchedulingDelayMs": 0.0, "clientPooling": "hikari"}, "attemptedRps": 3.8513121840929365, "achievedThroughputRps": 1.645978742382402, "successfulThroughputRps": 1.645978742382402, "errorThroughputRps": 2.333674864118519, "totalThroughputRps": 3.979653606500921, "errorRate": 0.5864015049717818, "totalRequests": 3721, "successfulRequests": 1539, "failedRequests": 2182, "latencyMs": {"p50": 31080.447, "p95": 49676.287, "p99": 91881.471, "p999": 105185.279, "max": 109576.191, "mean": 31255.477004276807, "meanSuccessful": 33035.35012345679, "meanFailed": 30000.252001606324, "meanTotal": 31255.477004276807}, "errorsByType": {"SQLTransientConnectionException": 2182}, "firstErrorMessageByType": {"SQLTransientConnectionException": "HikariPool-1 - Connection is not available, request timed out after 30000ms (total=6, active=6, idle=0, waiting=120)"}, "appCpuMedian": 0.025015634771732333, "gcPauseMsTotal": 2}