{"runInfo": {"sut": "HIKARI_DISCIPLINED", "workload": "W5_HTAP", "loadMode": "open-loop", "targetRps": 3, "concurrency": 0, "poolSize": 19, "instanceId": 13, "totalInstances": 16, "configuredDbConnectionBudget": 300, "configuredReplicas": 16, "seed": 42, "durationSeconds": 900, "timestamp": "2026-07-15T10:59:18Z", "openLoopAttemptedOps": 2701, "openLoopMissedOpportunities": 0, "openLoopSchedulingDelayMs": 0.0, "clientPooling": "hikari"}, "attemptedRps": 2.8887515160330524, "achievedThroughputRps": 1.211756929902054, "successfulThroughputRps": 1.211756929902054, "errorThroughputRps": 1.7475823684553897, "totalThroughputRps": 2.9593392983574436, "errorRate": 0.59053126129382, "totalRequests": 2767, "successfulRequests": 1133, "failedRequests": 1634, "latencyMs": {"p50": 20201.471, "p95": 142999.551, "p99": 399245.311, "p999": 437256.191, "max": 441188.351, "mean": 30383.008814421755, "meanSuccessful": 30935.110233892323, "meanFailed": 30000.30361108874, "meanTotal": 30383.008814421755}, "errorsByType": {"SQLTransientConnectionException": 1634}, "firstErrorMessageByType": {"SQLTransientConnectionException": "HikariPool-1 - Connection is not available, request timed out after 30000ms (total=19, active=19, idle=0, waiting=66)"}, "appCpuMedian": 0.02501876407305479, "gcPauseMsTotal": 0}