{"runInfo": {"sut": "PGBOUNCER", "workload": "W5_HTAP", "loadMode": "open-loop", "targetRps": 12, "concurrency": 0, "poolSize": 20, "instanceId": 0, "totalInstances": 2, "configuredDbConnectionBudget": 100, "configuredReplicas": 2, "seed": 42, "durationSeconds": 900, "timestamp": "2026-05-31T09:43:57Z", "openLoopAttemptedOps": 14401, "openLoopMissedOpportunities": 0, "openLoopSchedulingDelayMs": 0.515503, "clientPooling": "hikari"}, "attemptedRps": 7.971135353583064, "achievedThroughputRps": 1.0324616572227299, "successfulThroughputRps": 1.0324616572227299, "errorThroughputRps": 7.207305607174539, "totalThroughputRps": 8.239767264397269, "errorRate": 0.8746977160770264, "totalRequests": 11165, "successfulRequests": 1399, "failedRequests": 9766, "latencyMs": {"p50": 29245.439, "p95": 60030.975, "p99": 60030.975, "p999": 63864.831, "max": 64094.207, "mean": 30489.17851897071, "meanSuccessful": 31249.554739099356, "meanFailed": 30000.24621142525, "meanTotal": 30489.17851897071}, "errorsByType": {"SQLTransientConnectionException": 9766}, "firstErrorMessageByType": {"SQLTransientConnectionException": "HikariPool-1 - Connection is not available, request timed out after 30000ms (total=4, active=4, idle=0, waiting=360)"}, "appCpuMedian": 0.2001000500250125, "gcPauseMsTotal": 7}