{"runInfo": {"sut": "HIKARI_DISCIPLINED", "workload": "W5_HTAP", "loadMode": "open-loop", "targetRps": 2, "concurrency": 0, "poolSize": 19, "instanceId": 2, "totalInstances": 16, "configuredDbConnectionBudget": 300, "configuredReplicas": 16, "seed": 42, "durationSeconds": 900, "timestamp": "2026-07-15T06:01:51Z", "openLoopAttemptedOps": 1800, "openLoopMissedOpportunities": 0, "openLoopSchedulingDelayMs": 0.0, "clientPooling": "hikari"}, "attemptedRps": 1.9261867278140934, "achievedThroughputRps": 1.039563297854136, "successfulThroughputRps": 1.039563297854136, "errorThroughputRps": 0.8823453916971833, "totalThroughputRps": 1.9219086895513193, "errorRate": 0.4590984974958264, "totalRequests": 1797, "successfulRequests": 972, "failedRequests": 825, "latencyMs": {"p50": 391.679, "p95": 155058.175, "p99": 340262.911, "p999": 574619.647, "max": 574619.647, "mean": 26108.266349468002, "meanSuccessful": 22804.772584362137, "meanFailed": 30000.284171964846, "meanTotal": 26108.266349468002}, "errorsByType": {"SQLTransientConnectionException": 825}, "firstErrorMessageByType": {"SQLTransientConnectionException": "HikariPool-1 - Connection is not available, request timed out after 30001ms (total=19, active=19, idle=0, waiting=46)"}, "appCpuMedian": 0.025015634771732333, "gcPauseMsTotal": 0}