{"runInfo": {"sut": "HIKARI_DISCIPLINED", "workload": "W5_HTAP", "loadMode": "open-loop", "targetRps": 4, "concurrency": 0, "poolSize": 20, "instanceId": 3, "totalInstances": 4, "configuredDbConnectionBudget": 80, "configuredReplicas": 4, "seed": 42, "durationSeconds": 900, "timestamp": "2026-07-11T17:51:54Z", "openLoopAttemptedOps": 3601, "openLoopMissedOpportunities": 0, "openLoopSchedulingDelayMs": 0.0, "clientPooling": "hikari"}, "attemptedRps": 3.85130806507331, "achievedThroughputRps": 3.3636111815205663, "successfulThroughputRps": 3.3636111815205663, "errorThroughputRps": 0.47272373361910663, "totalThroughputRps": 3.836334915139673, "errorRate": 0.12322274881516587, "totalRequests": 3587, "successfulRequests": 3145, "failedRequests": 442, "latencyMs": {"p50": 16457.727, "p95": 42500.095, "p99": 137494.527, "p999": 232914.943, "max": 236453.887, "mean": 19196.477779038752, "meanSuccessful": 17677.924033704294, "meanFailed": 30000.391378590495, "meanTotal": 19196.477779038752}, "errorsByType": {"SQLTransientConnectionException": 442}, "firstErrorMessageByType": {"SQLTransientConnectionException": "HikariPool-1 - Connection is not available, request timed out after 30001ms (total=20, active=20, idle=0, waiting=69)"}, "appCpuMedian": 0.1502253380070105, "gcPauseMsTotal": 16}