{"runInfo": {"sut": "HIKARI_DISCIPLINED", "workload": "W5_HTAP", "loadMode": "open-loop", "targetRps": 4, "concurrency": 0, "poolSize": 19, "instanceId": 1, "totalInstances": 16, "configuredDbConnectionBudget": 300, "configuredReplicas": 16, "seed": 42, "durationSeconds": 900, "timestamp": "2026-07-15T17:39:08Z", "openLoopAttemptedOps": 3601, "openLoopMissedOpportunities": 0, "openLoopSchedulingDelayMs": 0.0, "clientPooling": "hikari"}, "attemptedRps": 3.85130806507331, "achievedThroughputRps": 1.4224492436955019, "successfulThroughputRps": 1.4224492436955019, "errorThroughputRps": 2.5304623387846297, "totalThroughputRps": 3.9529115824801315, "errorRate": 0.6401515151515151, "totalRequests": 3696, "successfulRequests": 1330, "failedRequests": 2366, "latencyMs": {"p50": 24788.991, "p95": 142475.263, "p99": 386400.255, "p999": 444596.223, "max": 455081.983, "mean": 31383.969896753788, "meanSuccessful": 33845.57712481203, "meanFailed": 30000.279185553256, "meanTotal": 31383.969896753788}, "errorsByType": {"SQLTransientConnectionException": 2366}, "firstErrorMessageByType": {"SQLTransientConnectionException": "HikariPool-1 - Connection is not available, request timed out after 30000ms (total=19, active=19, idle=0, waiting=94)"}, "appCpuMedian": 0.025021894157387717, "gcPauseMsTotal": 0}