{"runInfo": {"sut": "PGBOUNCER", "workload": "W5_HTAP", "loadMode": "open-loop", "targetRps": 4, "concurrency": 0, "poolSize": 20, "instanceId": 15, "totalInstances": 16, "configuredDbConnectionBudget": 100, "configuredReplicas": 16, "seed": 42, "durationSeconds": 900, "timestamp": "2026-07-15T18:12:30Z", "openLoopAttemptedOps": 3601, "openLoopMissedOpportunities": 0, "openLoopSchedulingDelayMs": 0.0, "clientPooling": "hikari"}, "attemptedRps": 3.8513039460624934, "achievedThroughputRps": 1.4523939902118483, "successfulThroughputRps": 1.4523939902118483, "errorThroughputRps": 2.5283206132995653, "totalThroughputRps": 3.9807146035114136, "errorRate": 0.6351423965609887, "totalRequests": 3722, "successfulRequests": 1358, "failedRequests": 2364, "latencyMs": {"p50": 31801.343, "p95": 48496.639, "p99": 96862.207, "p999": 105316.351, "max": 110559.231, "mean": 31602.815586074154, "meanSuccessful": 34392.45836818851, "meanFailed": 30000.316454728003, "meanTotal": 31602.815586074154}, "errorsByType": {"SQLTransientConnectionException": 2364}, "firstErrorMessageByType": {"SQLTransientConnectionException": "HikariPool-1 - Connection is not available, request timed out after 30000ms (total=12, active=12, idle=0, waiting=119)"}, "appCpuMedian": 0.025037556334501748, "gcPauseMsTotal": 2}