{"runInfo": {"sut": "HIKARI_DISCIPLINED", "workload": "W5_HTAP", "loadMode": "open-loop", "targetRps": 4, "concurrency": 0, "poolSize": 38, "instanceId": 0, "totalInstances": 2, "configuredDbConnectionBudget": 75, "configuredReplicas": 2, "seed": 42, "durationSeconds": 900, "timestamp": "2026-05-30T18:09:00Z", "openLoopAttemptedOps": 4801, "openLoopMissedOpportunities": 0, "openLoopSchedulingDelayMs": 0.091567, "clientPooling": "hikari"}, "attemptedRps": 2.6575430014959287, "achievedThroughputRps": 1.0368919514306527, "successfulThroughputRps": 1.0368919514306527, "errorThroughputRps": 1.6435290931217532, "totalThroughputRps": 2.6804210445524057, "errorRate": 0.6131607929515418, "totalRequests": 3632, "successfulRequests": 1405, "failedRequests": 2227, "latencyMs": {"p50": 14680.063, "p95": 60030.975, "p99": 60030.975, "p999": 60030.975, "max": 66650.111, "mean": 31934.42086926459, "meanSuccessful": 14379.653655516013, "meanFailed": 30000.32188452537, "meanTotal": 31934.42086926459}, "errorsByType": {"SQLTransientConnectionException": 2227}, "firstErrorMessageByType": {"SQLTransientConnectionException": "HikariPool-1 - Connection is not available, request timed out after 30001ms (total=38, active=38, idle=0, waiting=93)"}, "appCpuMedian": 0.15015015015015015, "gcPauseMsTotal": 8}