{"runInfo": {"sut": "HIKARI_DISCIPLINED", "workload": "W5_HTAP", "loadMode": "open-loop", "targetRps": 12, "concurrency": 0, "poolSize": 20, "instanceId": 2, "totalInstances": 4, "configuredDbConnectionBudget": 80, "configuredReplicas": 4, "seed": 42, "durationSeconds": 900, "timestamp": "2026-07-12T14:18:22Z", "openLoopAttemptedOps": 10801, "openLoopMissedOpportunities": 0, "openLoopSchedulingDelayMs": 0.0, "clientPooling": "hikari"}, "attemptedRps": 11.55178517380084, "achievedThroughputRps": 4.143284488779229, "successfulThroughputRps": 4.143284488779229, "errorThroughputRps": 7.794594051167532, "totalThroughputRps": 11.93787853994676, "errorRate": 0.6529295825120947, "totalRequests": 11162, "successfulRequests": 3874, "failedRequests": 7288, "latencyMs": {"p50": 29343.743, "p95": 79101.951, "p99": 188874.751, "p999": 198443.007, "max": 202506.239, "mean": 31217.80774700905, "meanSuccessful": 33508.76754568921, "meanFailed": 30000.175534762897, "meanTotal": 31217.80774700905}, "errorsByType": {"SQLTransientConnectionException": 7288}, "firstErrorMessageByType": {"SQLTransientConnectionException": "HikariPool-1 - Connection is not available, request timed out after 30000ms (total=20, active=20, idle=0, waiting=360)"}, "appCpuMedian": 0.20030045067601399, "gcPauseMsTotal": 19}