{"runInfo": {"sut": "HIKARI_DISCIPLINED", "workload": "W5_HTAP", "loadMode": "open-loop", "targetRps": 3, "concurrency": 0, "poolSize": 19, "instanceId": 10, "totalInstances": 16, "configuredDbConnectionBudget": 300, "configuredReplicas": 16, "seed": 42, "durationSeconds": 900, "timestamp": "2026-07-15T15:57:08Z", "openLoopAttemptedOps": 2700, "openLoopMissedOpportunities": 0, "openLoopSchedulingDelayMs": 0.0, "clientPooling": "hikari"}, "attemptedRps": 2.8962350014491873, "achievedThroughputRps": 1.2577445944254964, "successfulThroughputRps": 1.2577445944254964, "errorThroughputRps": 1.726190285206421, "totalThroughputRps": 2.983934879631917, "errorRate": 0.578494623655914, "totalRequests": 2790, "successfulRequests": 1176, "failedRequests": 1614, "latencyMs": {"p50": 21774.335, "p95": 160956.415, "p99": 388759.551, "p999": 439353.343, "max": 454295.551, "mean": 30938.622120794265, "meanSuccessful": 32226.58674489796, "meanFailed": 30000.248615371125, "meanTotal": 30938.622120794265}, "errorsByType": {"SQLTransientConnectionException": 1614}, "firstErrorMessageByType": {"SQLTransientConnectionException": "HikariPool-1 - Connection is not available, request timed out after 30000ms (total=19, active=19, idle=0, waiting=80)"}, "appCpuMedian": 0.025025025025025023, "gcPauseMsTotal": 0}