{"runInfo": {"sut": "HIKARI_DISCIPLINED", "workload": "W5_HTAP", "loadMode": "open-loop", "targetRps": 5, "concurrency": 0, "poolSize": 19, "instanceId": 1, "totalInstances": 4, "configuredDbConnectionBudget": 75, "configuredReplicas": 4, "seed": 42, "durationSeconds": 1800, "timestamp": "2026-05-22T13:33:39Z", "openLoopAttemptedOps": 10501, "openLoopMissedOpportunities": 0, "openLoopSchedulingDelayMs": 0.091848, "clientPooling": "hikari"}, "attemptedRps": 3.993323323048105, "achievedThroughputRps": 0.4062059038214397, "successfulThroughputRps": 0.4062059038214397, "errorThroughputRps": 3.6567400468467155, "totalThroughputRps": 4.062945950668155, "errorRate": 0.9000218292949138, "totalRequests": 9162, "successfulRequests": 916, "failedRequests": 8246, "latencyMs": {"p50": 27312.127, "p95": 60030.975, "p99": 60030.975, "p999": 60620.799, "max": 60620.799, "mean": 32971.965991404606, "meanSuccessful": 23916.83758078603, "meanFailed": 30000.246352041475, "meanTotal": 32971.965991404606}, "errorsByType": {"SQLTransientConnectionException": 8246}, "firstErrorMessageByType": {"SQLTransientConnectionException": "HikariPool-1 - Connection is not available, request timed out after 30000ms (total=19, active=19, idle=0, waiting=145)"}, "appCpuMedian": 0.20060180541624875, "gcPauseMsTotal": 1836}