{"runInfo": {"sut": "HIKARI_DISCIPLINED", "workload": "W5_HTAP", "loadMode": "open-loop", "targetRps": 4, "concurrency": 0, "poolSize": 19, "instanceId": 14, "totalInstances": 16, "configuredDbConnectionBudget": 300, "configuredReplicas": 16, "seed": 42, "durationSeconds": 900, "timestamp": "2026-07-15T19:18:42Z", "openLoopAttemptedOps": 3600, "openLoopMissedOpportunities": 0, "openLoopSchedulingDelayMs": 0.0, "clientPooling": "hikari"}, "attemptedRps": 3.8513121840929365, "achievedThroughputRps": 1.2994569018808435, "successfulThroughputRps": 1.2994569018808435, "errorThroughputRps": 2.6459723253112815, "totalThroughputRps": 3.945429227192125, "errorRate": 0.6706424505285985, "totalRequests": 3689, "successfulRequests": 1215, "failedRequests": 2474, "latencyMs": {"p50": 24346.623, "p95": 155713.535, "p99": 405798.911, "p999": 434110.463, "max": 435945.471, "mean": 31514.90650638601, "meanSuccessful": 34599.319405761315, "meanFailed": 30000.222868613982, "meanTotal": 31514.90650638601}, "errorsByType": {"SQLTransientConnectionException": 2474}, "firstErrorMessageByType": {"SQLTransientConnectionException": "HikariPool-1 - Connection is not available, request timed out after 30000ms (total=19, active=19, idle=0, waiting=112)"}, "appCpuMedian": 0.025025025025025023, "gcPauseMsTotal": 0}