{"runInfo": {"sut": "HIKARI_DISCIPLINED", "workload": "W5_HTAP", "loadMode": "open-loop", "targetRps": 4, "concurrency": 0, "poolSize": 19, "instanceId": 10, "totalInstances": 16, "configuredDbConnectionBudget": 300, "configuredReplicas": 16, "seed": 42, "durationSeconds": 900, "timestamp": "2026-07-15T17:39:15Z", "openLoopAttemptedOps": 3601, "openLoopMissedOpportunities": 0, "openLoopSchedulingDelayMs": 0.0, "clientPooling": "hikari"}, "attemptedRps": 3.854520719653136, "achievedThroughputRps": 1.3668361486450356, "successfulThroughputRps": 1.3668361486450356, "errorThroughputRps": 2.6096089222956858, "totalThroughputRps": 3.9764450709407213, "errorRate": 0.656266810112964, "totalRequests": 3718, "successfulRequests": 1278, "failedRequests": 2440, "latencyMs": {"p50": 25264.127, "p95": 148373.503, "p99": 385875.967, "p999": 442236.927, "max": 446955.519, "mean": 31549.43810637547, "meanSuccessful": 34507.027733176845, "meanFailed": 30000.211568443032, "meanTotal": 31549.43810637547}, "errorsByType": {"SQLTransientConnectionException": 2440}, "firstErrorMessageByType": {"SQLTransientConnectionException": "HikariPool-1 - Connection is not available, request timed out after 30000ms (total=19, active=19, idle=0, waiting=112)"}, "appCpuMedian": 0.02501876407305479, "gcPauseMsTotal": 0}