{"runInfo": {"sut": "PGBOUNCER", "workload": "W5_HTAP", "loadMode": "open-loop", "targetRps": 8, "concurrency": 0, "poolSize": 20, "instanceId": 1, "totalInstances": 2, "configuredDbConnectionBudget": 100, "configuredReplicas": 2, "seed": 42, "durationSeconds": 900, "timestamp": "2026-05-31T06:23:25Z", "openLoopAttemptedOps": 9601, "openLoopMissedOpportunities": 0, "openLoopSchedulingDelayMs": 0.10035, "clientPooling": "hikari"}, "attemptedRps": 5.3143440796096275, "achievedThroughputRps": 1.3778475762576272, "successfulThroughputRps": 1.3778475762576272, "errorThroughputRps": 4.120258713575969, "totalThroughputRps": 5.498106289833596, "errorRate": 0.7493959731543625, "totalRequests": 7450, "successfulRequests": 1867, "failedRequests": 5583, "latencyMs": {"p50": 28459.007, "p95": 60030.975, "p99": 60030.975, "p999": 63602.687, "max": 65732.607, "mean": 30488.90996952738, "meanSuccessful": 29773.40975093733, "meanFailed": 30000.207653211717, "meanTotal": 30488.90996952738}, "errorsByType": {"SQLTransientConnectionException": 5583}, "firstErrorMessageByType": {"SQLTransientConnectionException": "HikariPool-1 - Connection is not available, request timed out after 30000ms (total=9, active=9, idle=0, waiting=240)"}, "appCpuMedian": 0.14992503748125938, "gcPauseMsTotal": 6}