{"runInfo": {"sut": "HIKARI_DISCIPLINED", "workload": "W5_HTAP", "loadMode": "open-loop", "targetRps": 3, "concurrency": 0, "poolSize": 19, "instanceId": 0, "totalInstances": 16, "configuredDbConnectionBudget": 300, "configuredReplicas": 16, "seed": 42, "durationSeconds": 900, "timestamp": "2026-07-15T10:59:09Z", "openLoopAttemptedOps": 2701, "openLoopMissedOpportunities": 0, "openLoopSchedulingDelayMs": 0.0, "clientPooling": "hikari"}, "attemptedRps": 2.8887484264823686, "achievedThroughputRps": 1.1625581412759478, "successfulThroughputRps": 1.1625581412759478, "errorThroughputRps": 1.7989170134555144, "totalThroughputRps": 2.961475154731462, "errorRate": 0.6074395088479595, "totalRequests": 2769, "successfulRequests": 1087, "failedRequests": 1682, "latencyMs": {"p50": 20299.775, "p95": 143654.911, "p99": 400556.031, "p999": 430440.447, "max": 454557.695, "mean": 30306.020655465512, "meanSuccessful": 30779.563800367985, "meanFailed": 30000.242924718194, "meanTotal": 30306.020655465512}, "errorsByType": {"SQLTransientConnectionException": 1682}, "firstErrorMessageByType": {"SQLTransientConnectionException": "HikariPool-1 - Connection is not available, request timed out after 30000ms (total=19, active=19, idle=0, waiting=77)"}, "appCpuMedian": 0.025021894157387717, "gcPauseMsTotal": 0}