{"runInfo": {"sut": "PGBOUNCER", "workload": "W5_HTAP", "loadMode": "open-loop", "targetRps": 12, "concurrency": 0, "poolSize": 20, "instanceId": 3, "totalInstances": 4, "configuredDbConnectionBudget": 100, "configuredReplicas": 4, "seed": 42, "durationSeconds": 900, "timestamp": "2026-07-12T14:50:03Z", "openLoopAttemptedOps": 10801, "openLoopMissedOpportunities": 0, "openLoopSchedulingDelayMs": 0.0, "clientPooling": "hikari"}, "attemptedRps": 11.585488159761962, "achievedThroughputRps": 4.547955726080059, "successfulThroughputRps": 4.547955726080059, "errorThroughputRps": 7.433333297578964, "totalThroughputRps": 11.981289023659023, "errorRate": 0.6204118173679498, "totalRequests": 11170, "successfulRequests": 4240, "failedRequests": 6930, "latencyMs": {"p50": 29966.335, "p95": 38699.007, "p99": 45580.287, "p999": 60063.743, "max": 63635.455, "mean": 30533.421928738764, "meanSuccessful": 31404.932424528302, "meanFailed": 30000.175027457866, "meanTotal": 30533.421928738764}, "errorsByType": {"SQLTransientConnectionException": 6930}, "firstErrorMessageByType": {"SQLTransientConnectionException": "HikariPool-1 - Connection is not available, request timed out after 30000ms (total=9, active=9, idle=0, waiting=360)"}, "appCpuMedian": 0.1502253380070105, "gcPauseMsTotal": 14}