{"runInfo": {"sut": "PGBOUNCER", "workload": "W5_HTAP", "loadMode": "open-loop", "targetRps": 12, "concurrency": 0, "poolSize": 20, "instanceId": 0, "totalInstances": 4, "configuredDbConnectionBudget": 100, "configuredReplicas": 4, "seed": 42, "durationSeconds": 900, "timestamp": "2026-07-05T12:16:06Z", "openLoopAttemptedOps": 10801, "openLoopMissedOpportunities": 0, "openLoopSchedulingDelayMs": 0.0, "clientPooling": "hikari"}, "attemptedRps": 11.551760464337777, "achievedThroughputRps": 4.787119696174048, "successfulThroughputRps": 4.787119696174048, "errorThroughputRps": 7.158219867402345, "totalThroughputRps": 11.945339563576393, "errorRate": 0.5992479183454203, "totalRequests": 11169, "successfulRequests": 4476, "failedRequests": 6693, "latencyMs": {"p50": 29949.951, "p95": 38502.399, "p99": 44040.191, "p999": 59441.151, "max": 64323.583, "mean": 30468.75900324398, "meanSuccessful": 31169.408800714926, "meanFailed": 30000.188830193038, "meanTotal": 30468.75900324398}, "errorsByType": {"SQLTransientConnectionException": 6693}, "firstErrorMessageByType": {"SQLTransientConnectionException": "HikariPool-1 - Connection is not available, request timed out after 30000ms (total=11, active=11, idle=0, waiting=360)"}, "appCpuMedian": 0.1503006012024048, "gcPauseMsTotal": 15}