{"runInfo": {"sut": "HIKARI_DISCIPLINED", "workload": "W5_HTAP", "loadMode": "open-loop", "targetRps": 2, "concurrency": 0, "poolSize": 19, "instanceId": 2, "totalInstances": 16, "configuredDbConnectionBudget": 300, "configuredReplicas": 16, "seed": 42, "durationSeconds": 900, "timestamp": "2026-07-15T01:05:19Z", "openLoopAttemptedOps": 1801, "openLoopMissedOpportunities": 0, "openLoopSchedulingDelayMs": 0.0, "clientPooling": "hikari"}, "attemptedRps": 1.9261887878914277, "achievedThroughputRps": 1.0310083240018524, "successfulThroughputRps": 1.0310083240018524, "errorThroughputRps": 0.8930414424704842, "totalThroughputRps": 1.9240497664723366, "errorRate": 0.4641467481934408, "totalRequests": 1799, "successfulRequests": 964, "failedRequests": 835, "latencyMs": {"p50": 119.615, "p95": 140509.183, "p99": 400293.887, "p999": 617086.975, "max": 617086.975, "mean": 26435.025414367985, "meanSuccessful": 23346.040723029048, "meanFailed": 30000.286177758084, "meanTotal": 26435.025414367985}, "errorsByType": {"SQLTransientConnectionException": 835}, "firstErrorMessageByType": {"SQLTransientConnectionException": "HikariPool-1 - Connection is not available, request timed out after 30001ms (total=19, active=19, idle=0, waiting=39)"}, "appCpuMedian": 0.025015634771732333, "gcPauseMsTotal": 0}