{"runInfo": {"sut": "PGBOUNCER", "workload": "W5_HTAP", "loadMode": "open-loop", "targetRps": 2, "concurrency": 0, "poolSize": 20, "instanceId": 3, "totalInstances": 16, "configuredDbConnectionBudget": 100, "configuredReplicas": 16, "seed": 42, "durationSeconds": 900, "timestamp": "2026-07-15T03:17:24Z", "openLoopAttemptedOps": 1801, "openLoopMissedOpportunities": 0, "openLoopSchedulingDelayMs": 0.0, "clientPooling": "hikari"}, "attemptedRps": 1.9261887878914277, "achievedThroughputRps": 1.3144286620314074, "successfulThroughputRps": 1.3144286620314074, "errorThroughputRps": 0.643845447146385, "totalThroughputRps": 1.9582741091777924, "errorRate": 0.3287820862916439, "totalRequests": 1831, "successfulRequests": 1229, "failedRequests": 602, "latencyMs": {"p50": 26574.847, "p95": 46399.487, "p99": 94896.127, "p999": 118620.159, "max": 121176.063, "mean": 27183.364832132713, "meanSuccessful": 25803.53597884459, "meanFailed": 30000.395537539865, "meanTotal": 27183.364832132713}, "errorsByType": {"SQLTransientConnectionException": 602}, "firstErrorMessageByType": {"SQLTransientConnectionException": "HikariPool-1 - Connection is not available, request timed out after 30000ms (total=9, active=9, idle=0, waiting=34)"}, "appCpuMedian": 0.025021894157387717, "gcPauseMsTotal": 2}