{"runInfo": {"sut": "HIKARI_DISCIPLINED", "workload": "W5_HTAP", "loadMode": "open-loop", "targetRps": 8, "concurrency": 0, "poolSize": 20, "instanceId": 2, "totalInstances": 4, "configuredDbConnectionBudget": 80, "configuredReplicas": 4, "seed": 42, "durationSeconds": 900, "timestamp": "2026-07-12T03:17:51Z", "openLoopAttemptedOps": 7201, "openLoopMissedOpportunities": 0, "openLoopSchedulingDelayMs": 0.0, "clientPooling": "hikari"}, "attemptedRps": 7.701554856332473, "achievedThroughputRps": 3.1144185171004253, "successfulThroughputRps": 3.1144185171004253, "errorThroughputRps": 4.823498458833419, "totalThroughputRps": 7.937916975933844, "errorRate": 0.6076529237402317, "totalRequests": 7422, "successfulRequests": 2912, "failedRequests": 4510, "latencyMs": {"p50": 28950.527, "p95": 98172.927, "p99": 231997.439, "p999": 243793.919, "max": 246677.503, "mean": 31627.128660656294, "meanSuccessful": 34146.973204670336, "meanFailed": 30000.182502455213, "meanTotal": 31627.128660656294}, "errorsByType": {"SQLTransientConnectionException": 4510}, "firstErrorMessageByType": {"SQLTransientConnectionException": "HikariPool-1 - Connection is not available, request timed out after 30001ms (total=20, active=20, idle=0, waiting=220)"}, "appCpuMedian": 0.15037593984962408, "gcPauseMsTotal": 17}