{"runInfo": {"sut": "PGBOUNCER", "workload": "W5_HTAP", "loadMode": "open-loop", "targetRps": 12, "concurrency": 0, "poolSize": 20, "instanceId": 2, "totalInstances": 4, "configuredDbConnectionBudget": 100, "configuredReplicas": 4, "seed": 42, "durationSeconds": 900, "timestamp": "2026-07-12T16:24:36Z", "openLoopAttemptedOps": 10801, "openLoopMissedOpportunities": 0, "openLoopSchedulingDelayMs": 0.0, "clientPooling": "hikari"}, "attemptedRps": 11.551772819056094, "achievedThroughputRps": 5.029903487456791, "successfulThroughputRps": 5.029903487456791, "errorThroughputRps": 6.919726890037304, "totalThroughputRps": 11.949630377494096, "errorRate": 0.579074554730153, "totalRequests": 11173, "successfulRequests": 4703, "failedRequests": 6470, "latencyMs": {"p50": 29917.183, "p95": 38436.863, "p99": 44761.087, "p999": 64192.511, "max": 67895.295, "mean": 30433.273500595365, "meanSuccessful": 31029.198401020625, "meanFailed": 30000.179909427512, "meanTotal": 30433.273500595365}, "errorsByType": {"SQLTransientConnectionException": 6470}, "firstErrorMessageByType": {"SQLTransientConnectionException": "HikariPool-1 - Connection is not available, request timed out after 30000ms (total=14, active=14, idle=0, waiting=360)"}, "appCpuMedian": 0.15007503751875936, "gcPauseMsTotal": 13}