{"runInfo": {"sut": "PGBOUNCER", "workload": "W5_HTAP", "loadMode": "open-loop", "targetRps": 2, "concurrency": 0, "poolSize": 20, "instanceId": 2, "totalInstances": 16, "configuredDbConnectionBudget": 100, "configuredReplicas": 16, "seed": 42, "durationSeconds": 900, "timestamp": "2026-07-15T03:17:23Z", "openLoopAttemptedOps": 1801, "openLoopMissedOpportunities": 0, "openLoopSchedulingDelayMs": 0.0, "clientPooling": "hikari"}, "attemptedRps": 1.9261867278140934, "achievedThroughputRps": 1.3582771484308156, "successfulThroughputRps": 1.3582771484308156, "errorThroughputRps": 0.616037509839488, "totalThroughputRps": 1.9743146582703035, "errorRate": 0.3120260021668472, "totalRequests": 1846, "successfulRequests": 1270, "failedRequests": 576, "latencyMs": {"p50": 27279.359, "p95": 45744.127, "p99": 80281.599, "p999": 115408.895, "max": 123797.503, "mean": 27671.527687975624, "meanSuccessful": 26615.478551968503, "meanFailed": 30000.39080684028, "meanTotal": 27671.527687975624}, "errorsByType": {"SQLTransientConnectionException": 576}, "firstErrorMessageByType": {"SQLTransientConnectionException": "HikariPool-1 - Connection is not available, request timed out after 30000ms (total=8, active=8, idle=0, waiting=38)"}, "appCpuMedian": 0.02501876407305479, "gcPauseMsTotal": 2}