{"runInfo": {"sut": "PGBOUNCER", "workload": "W5_HTAP", "loadMode": "open-loop", "targetRps": 5, "concurrency": 0, "poolSize": 20, "instanceId": 1, "totalInstances": 4, "configuredDbConnectionBudget": 100, "configuredReplicas": 4, "seed": 42, "durationSeconds": 1800, "timestamp": "2026-05-22T22:45:00Z", "openLoopAttemptedOps": 10501, "openLoopMissedOpportunities": 0, "openLoopSchedulingDelayMs": 0.165808, "clientPooling": "hikari"}, "attemptedRps": 3.991549498140588, "achievedThroughputRps": 0.8509924993813786, "successfulThroughputRps": 0.8509924993813786, "errorThroughputRps": 3.2101796263792597, "totalThroughputRps": 4.061172125760638, "errorRate": 0.7904564315352697, "totalRequests": 9158, "successfulRequests": 1919, "failedRequests": 7239, "latencyMs": {"p50": 29097.983, "p95": 60030.975, "p99": 60030.975, "p999": 66977.791, "max": 66977.791, "mean": 30738.66734102326, "meanSuccessful": 31688.91901198541, "meanFailed": 30000.26400897458, "meanTotal": 30738.66734102326}, "errorsByType": {"SQLTransientConnectionException": 7239}, "firstErrorMessageByType": {"SQLTransientConnectionException": "HikariPool-1 - Connection is not available, request timed out after 30000ms (total=12, active=12, idle=0, waiting=150)"}, "appCpuMedian": 0.10055304172951231, "gcPauseMsTotal": 3385}