{"runInfo": {"sut": "PGBOUNCER", "workload": "W5_HTAP", "loadMode": "open-loop", "targetRps": 3, "concurrency": 0, "poolSize": 20, "instanceId": 8, "totalInstances": 16, "configuredDbConnectionBudget": 100, "configuredReplicas": 16, "seed": 42, "durationSeconds": 900, "timestamp": "2026-07-15T14:51:21Z", "openLoopAttemptedOps": 2701, "openLoopMissedOpportunities": 0, "openLoopSchedulingDelayMs": 0.0, "clientPooling": "hikari"}, "attemptedRps": 2.8887484264823686, "achievedThroughputRps": 1.5422344431645967, "successfulThroughputRps": 1.5422344431645967, "errorThroughputRps": 1.4406309257577752, "totalThroughputRps": 2.982865368922372, "errorRate": 0.4829688060236644, "totalRequests": 2789, "successfulRequests": 1442, "failedRequests": 1347, "latencyMs": {"p50": 29982.719, "p95": 46727.167, "p99": 70909.951, "p999": 100401.151, "max": 108593.151, "mean": 31020.228069584082, "meanSuccessful": 31973.035140083215, "meanFailed": 30000.28708358723, "meanTotal": 31020.228069584082}, "errorsByType": {"SQLTransientConnectionException": 1347}, "firstErrorMessageByType": {"SQLTransientConnectionException": "HikariPool-1 - Connection is not available, request timed out after 30000ms (total=11, active=11, idle=0, waiting=80)"}, "appCpuMedian": 0.02501876407305479, "gcPauseMsTotal": 1}