{"runInfo": {"sut": "PGBOUNCER", "workload": "W5_HTAP", "loadMode": "open-loop", "targetRps": 4, "concurrency": 0, "poolSize": 20, "instanceId": 1, "totalInstances": 16, "configuredDbConnectionBudget": 100, "configuredReplicas": 16, "seed": 42, "durationSeconds": 900, "timestamp": "2026-07-15T23:10:46Z", "openLoopAttemptedOps": 3601, "openLoopMissedOpportunities": 0, "openLoopSchedulingDelayMs": 0.0, "clientPooling": "hikari"}, "attemptedRps": 3.8513121840929365, "achievedThroughputRps": 1.5572092585502126, "successfulThroughputRps": 1.5572092585502126, "errorThroughputRps": 2.423513859804108, "totalThroughputRps": 3.980723118354321, "errorRate": 0.6088124664159055, "totalRequests": 3722, "successfulRequests": 1456, "failedRequests": 2266, "latencyMs": {"p50": 31916.031, "p95": 52363.263, "p99": 74317.823, "p999": 103153.663, "max": 114294.783, "mean": 31702.966904324556, "meanSuccessful": 34352.81582417583, "meanFailed": 30000.28306794042, "meanTotal": 31702.966904324556}, "errorsByType": {"SQLTransientConnectionException": 2266}, "firstErrorMessageByType": {"SQLTransientConnectionException": "HikariPool-1 - Connection is not available, request timed out after 30000ms (total=9, active=9, idle=0, waiting=115)"}, "appCpuMedian": 0.025025025025025023, "gcPauseMsTotal": 2}