{"runInfo": {"sut": "PGBOUNCER", "workload": "W5_HTAP", "loadMode": "open-loop", "targetRps": 12, "concurrency": 0, "poolSize": 20, "instanceId": 0, "totalInstances": 2, "configuredDbConnectionBudget": 100, "configuredReplicas": 2, "seed": 42, "durationSeconds": 900, "timestamp": "2026-05-31T11:23:48Z", "openLoopAttemptedOps": 14401, "openLoopMissedOpportunities": 0, "openLoopSchedulingDelayMs": 0.187972, "clientPooling": "hikari"}, "attemptedRps": 7.971117705534321, "achievedThroughputRps": 0.9992494559108852, "successfulThroughputRps": 0.9992494559108852, "errorThroughputRps": 7.243451558172333, "totalThroughputRps": 8.242701014083218, "errorRate": 0.8787715999641866, "totalRequests": 11169, "successfulRequests": 1354, "failedRequests": 9815, "latencyMs": {"p50": 29343.743, "p95": 60030.975, "p99": 60030.975, "p999": 60030.975, "max": 60030.975, "mean": 30553.258770346765, "meanSuccessful": 31515.85219497784, "meanFailed": 30000.245104577785, "meanTotal": 30553.258770346765}, "errorsByType": {"SQLTransientConnectionException": 9815}, "firstErrorMessageByType": {"SQLTransientConnectionException": "HikariPool-1 - Connection is not available, request timed out after 30000ms (total=8, active=8, idle=0, waiting=360)"}, "appCpuMedian": 0.20030045067601399, "gcPauseMsTotal": 6}