{"runInfo": {"sut": "PGBOUNCER", "workload": "W5_HTAP", "loadMode": "open-loop", "targetRps": 3, "concurrency": 0, "poolSize": 20, "instanceId": 5, "totalInstances": 16, "configuredDbConnectionBudget": 100, "configuredReplicas": 16, "seed": 42, "durationSeconds": 900, "timestamp": "2026-07-15T16:32:13Z", "openLoopAttemptedOps": 2701, "openLoopMissedOpportunities": 0, "openLoopSchedulingDelayMs": 0.0, "clientPooling": "hikari"}, "attemptedRps": 2.8887453369382934, "achievedThroughputRps": 1.547580341558575, "successfulThroughputRps": 1.547580341558575, "errorThroughputRps": 1.417100174543961, "totalThroughputRps": 2.964680516102536, "errorRate": 0.47799422799422797, "totalRequests": 2772, "successfulRequests": 1447, "failedRequests": 1325, "latencyMs": {"p50": 30130.175, "p95": 50298.879, "p99": 73531.391, "p999": 103612.415, "max": 108789.759, "mean": 30929.80467338384, "meanSuccessful": 31781.066637180375, "meanFailed": 30000.356697926793, "meanTotal": 30929.80467338384}, "errorsByType": {"SQLTransientConnectionException": 1325}, "firstErrorMessageByType": {"SQLTransientConnectionException": "HikariPool-1 - Connection is not available, request timed out after 30000ms (total=13, active=13, idle=0, waiting=76)"}, "appCpuMedian": 0.025025025025025023, "gcPauseMsTotal": 2}