{"runInfo": {"sut": "HIKARI_DISCIPLINED", "workload": "W5_HTAP", "loadMode": "open-loop", "targetRps": 5, "concurrency": 0, "poolSize": 19, "instanceId": 3, "totalInstances": 4, "configuredDbConnectionBudget": 75, "configuredReplicas": 4, "seed": 42, "durationSeconds": 1800, "timestamp": "2026-05-22T17:38:47Z", "openLoopAttemptedOps": 10501, "openLoopMissedOpportunities": 0, "openLoopSchedulingDelayMs": 0.116905, "clientPooling": "hikari"}, "attemptedRps": 3.9973179743611116, "achievedThroughputRps": 0.5361390538054785, "successfulThroughputRps": 0.5361390538054785, "errorThroughputRps": 3.5290277834441675, "totalThroughputRps": 4.065166837249646, "errorRate": 0.8681138867677539, "totalRequests": 9167, "successfulRequests": 1209, "failedRequests": 7958, "latencyMs": {"p50": 27967.487, "p95": 60030.975, "p99": 60030.975, "p999": 60030.975, "max": 60030.975, "mean": 32738.92576780528, "meanSuccessful": 25678.014092638543, "meanFailed": 30000.275354605932, "meanTotal": 32738.92576780528}, "errorsByType": {"SQLTransientConnectionException": 7958}, "firstErrorMessageByType": {"SQLTransientConnectionException": "HikariPool-1 - Connection is not available, request timed out after 30000ms (total=19, active=19, idle=0, waiting=145)"}, "appCpuMedian": 0.5524861878453038, "gcPauseMsTotal": 3651}