{"runInfo": {"sut": "HIKARI_DISCIPLINED", "workload": "W5_HTAP", "loadMode": "open-loop", "targetRps": 5, "concurrency": 0, "poolSize": 19, "instanceId": 2, "totalInstances": 4, "configuredDbConnectionBudget": 75, "configuredReplicas": 4, "seed": 42, "durationSeconds": 1800, "timestamp": "2026-05-22T13:33:39Z", "openLoopAttemptedOps": 10501, "openLoopMissedOpportunities": 0, "openLoopSchedulingDelayMs": 0.131098, "clientPooling": "hikari"}, "attemptedRps": 4.000863853113042, "achievedThroughputRps": 0.589353586875109, "successfulThroughputRps": 0.589353586875109, "errorThroughputRps": 3.481576381156118, "totalThroughputRps": 4.070929968031226, "errorRate": 0.8552287581699346, "totalRequests": 9180, "successfulRequests": 1329, "failedRequests": 7851, "latencyMs": {"p50": 27164.671, "p95": 60030.975, "p99": 60030.975, "p999": 60030.975, "max": 61014.015, "mean": 32843.078348026254, "meanSuccessful": 24164.64823852521, "meanFailed": 30000.309334347472, "meanTotal": 32843.078348026254}, "errorsByType": {"SQLTransientConnectionException": 7851}, "firstErrorMessageByType": {"SQLTransientConnectionException": "HikariPool-1 - Connection is not available, request timed out after 30000ms (total=19, active=19, idle=0, waiting=145)"}, "appCpuMedian": 0.5522088353413654, "gcPauseMsTotal": 3524}