{"runInfo": {"sut": "PGBOUNCER", "workload": "W5_HTAP", "loadMode": "open-loop", "targetRps": 12, "concurrency": 0, "poolSize": 20, "instanceId": 0, "totalInstances": 4, "configuredDbConnectionBudget": 100, "configuredReplicas": 4, "seed": 42, "durationSeconds": 900, "timestamp": "2026-07-05T15:23:46Z", "openLoopAttemptedOps": 10800, "openLoopMissedOpportunities": 0, "openLoopSchedulingDelayMs": 0.0, "clientPooling": "hikari"}, "attemptedRps": 11.5507033094904, "achievedThroughputRps": 4.60530818987645, "successfulThroughputRps": 4.60530818987645, "errorThroughputRps": 7.338974639789178, "totalThroughputRps": 11.944282829665628, "errorRate": 0.6144340974212035, "totalRequests": 11168, "successfulRequests": 4306, "failedRequests": 6862, "latencyMs": {"p50": 29982.719, "p95": 38895.615, "p99": 44859.391, "p999": 61046.783, "max": 64815.103, "mean": 30534.47419362563, "meanSuccessful": 31385.92991546679, "meanFailed": 30000.19858494579, "meanTotal": 30534.47419362563}, "errorsByType": {"SQLTransientConnectionException": 6862}, "firstErrorMessageByType": {"SQLTransientConnectionException": "HikariPool-1 - Connection is not available, request timed out after 30000ms (total=10, active=10, idle=0, waiting=359)"}, "appCpuMedian": 0.15037593984962408, "gcPauseMsTotal": 10}