{"runInfo": {"sut": "HIKARI_DISCIPLINED", "workload": "W5_HTAP", "loadMode": "open-loop", "targetRps": 3, "concurrency": 0, "poolSize": 19, "instanceId": 2, "totalInstances": 16, "configuredDbConnectionBudget": 300, "configuredReplicas": 16, "seed": 42, "durationSeconds": 900, "timestamp": "2026-07-15T12:37:57Z", "openLoopAttemptedOps": 2701, "openLoopMissedOpportunities": 0, "openLoopSchedulingDelayMs": 0.0, "clientPooling": "hikari"}, "attemptedRps": 2.898377122713651, "achievedThroughputRps": 1.221382536582653, "successfulThroughputRps": 1.221382536582653, "errorThroughputRps": 1.7646945581097875, "totalThroughputRps": 2.9860770946924404, "errorRate": 0.5909742120343839, "totalRequests": 2792, "successfulRequests": 1142, "failedRequests": 1650, "latencyMs": {"p50": 22298.623, "p95": 144703.487, "p99": 400293.887, "p999": 430964.735, "max": 439877.631, "mean": 31167.944100493554, "meanSuccessful": 32854.649611208406, "meanFailed": 30000.235598191513, "meanTotal": 31167.944100493554}, "errorsByType": {"SQLTransientConnectionException": 1650}, "firstErrorMessageByType": {"SQLTransientConnectionException": "HikariPool-1 - Connection is not available, request timed out after 30000ms (total=19, active=19, idle=0, waiting=80)"}, "appCpuMedian": 0.025021894157387717, "gcPauseMsTotal": 0}