{"runInfo": {"sut": "PGBOUNCER", "workload": "W5_HTAP", "loadMode": "open-loop", "targetRps": 3, "concurrency": 0, "poolSize": 20, "instanceId": 2, "totalInstances": 16, "configuredDbConnectionBudget": 100, "configuredReplicas": 16, "seed": 42, "durationSeconds": 900, "timestamp": "2026-07-15T14:51:16Z", "openLoopAttemptedOps": 2701, "openLoopMissedOpportunities": 0, "openLoopSchedulingDelayMs": 0.0, "clientPooling": "hikari"}, "attemptedRps": 2.8887515160330524, "achievedThroughputRps": 1.7507909040155893, "successfulThroughputRps": 1.7507909040155893, "errorThroughputRps": 1.2320776551166517, "totalThroughputRps": 2.982868559132241, "errorRate": 0.4130512728576551, "totalRequests": 2789, "successfulRequests": 1637, "failedRequests": 1152, "latencyMs": {"p50": 29523.967, "p95": 48562.175, "p99": 74252.287, "p999": 99221.503, "max": 103809.023, "mean": 30760.2107497422, "meanSuccessful": 31294.778790470373, "meanFailed": 30000.3246109158, "meanTotal": 30760.2107497422}, "errorsByType": {"SQLTransientConnectionException": 1152}, "firstErrorMessageByType": {"SQLTransientConnectionException": "HikariPool-1 - Connection is not available, request timed out after 30001ms (total=10, active=10, idle=0, waiting=83)"}, "appCpuMedian": 0.025021894157387717, "gcPauseMsTotal": 2}