{"runInfo": {"sut": "PGBOUNCER", "workload": "W5_HTAP", "loadMode": "open-loop", "targetRps": 3, "concurrency": 0, "poolSize": 20, "instanceId": 6, "totalInstances": 16, "configuredDbConnectionBudget": 100, "configuredReplicas": 16, "seed": 42, "durationSeconds": 900, "timestamp": "2026-07-15T16:32:14Z", "openLoopAttemptedOps": 2701, "openLoopMissedOpportunities": 0, "openLoopSchedulingDelayMs": 0.0, "clientPooling": "hikari"}, "attemptedRps": 2.8887515160330524, "achievedThroughputRps": 1.7133579891465938, "successfulThroughputRps": 1.7133579891465938, "errorThroughputRps": 1.2491898447710497, "totalThroughputRps": 2.962547833917643, "errorRate": 0.4216606498194946, "totalRequests": 2770, "successfulRequests": 1602, "failedRequests": 1168, "latencyMs": {"p50": 29556.735, "p95": 47808.511, "p99": 81461.247, "p999": 106233.855, "max": 109838.335, "mean": 30746.3606777296, "meanSuccessful": 31289.926801498128, "meanFailed": 30000.296520440068, "meanTotal": 30746.3606777296}, "errorsByType": {"SQLTransientConnectionException": 1168}, "firstErrorMessageByType": {"SQLTransientConnectionException": "HikariPool-1 - Connection is not available, request timed out after 30000ms (total=11, active=11, idle=0, waiting=82)"}, "appCpuMedian": 0.025021894157387717, "gcPauseMsTotal": 2}