{"runInfo": {"sut": "PGBOUNCER", "workload": "W5_HTAP", "loadMode": "open-loop", "targetRps": 2, "concurrency": 0, "poolSize": 20, "instanceId": 9, "totalInstances": 16, "configuredDbConnectionBudget": 100, "configuredReplicas": 16, "seed": 42, "durationSeconds": 900, "timestamp": "2026-07-15T08:13:57Z", "openLoopAttemptedOps": 1801, "openLoopMissedOpportunities": 0, "openLoopSchedulingDelayMs": 0.0, "clientPooling": "hikari"}, "attemptedRps": 1.9421705508280376, "achievedThroughputRps": 1.610028113484875, "successfulThroughputRps": 1.610028113484875, "errorThroughputRps": 0.33429920641681937, "totalThroughputRps": 1.9443273199016944, "errorRate": 0.1719356627842485, "totalRequests": 1803, "successfulRequests": 1493, "failedRequests": 310, "latencyMs": {"p50": 21921.791, "p95": 38567.935, "p99": 64880.639, "p999": 98369.535, "max": 99614.719, "mean": 22783.76096573988, "meanSuccessful": 21285.21277026122, "meanFailed": 30000.515149687097, "meanTotal": 22783.76096573988}, "errorsByType": {"SQLTransientConnectionException": 310}, "firstErrorMessageByType": {"SQLTransientConnectionException": "HikariPool-1 - Connection is not available, request timed out after 30001ms (total=6, active=6, idle=0, waiting=38)"}, "appCpuMedian": 0.025025025025025023, "gcPauseMsTotal": 1}