{"runInfo": {"sut": "PGBOUNCER", "workload": "W5_HTAP", "loadMode": "open-loop", "targetRps": 4, "concurrency": 0, "poolSize": 20, "instanceId": 2, "totalInstances": 16, "configuredDbConnectionBudget": 100, "configuredReplicas": 16, "seed": 42, "durationSeconds": 900, "timestamp": "2026-07-15T23:10:47Z", "openLoopAttemptedOps": 3600, "openLoopMissedOpportunities": 0, "openLoopSchedulingDelayMs": 0.0, "clientPooling": "hikari"}, "attemptedRps": 3.85130806507331, "achievedThroughputRps": 1.5711112323223249, "successfulThroughputRps": 1.5711112323223249, "errorThroughputRps": 2.3860783929959886, "totalThroughputRps": 3.957189625318313, "errorRate": 0.6029729729729729, "totalRequests": 3700, "successfulRequests": 1469, "failedRequests": 2231, "latencyMs": {"p50": 31997.951, "p95": 50528.255, "p99": 72220.671, "p999": 103677.951, "max": 107151.359, "mean": 31711.299838185678, "meanSuccessful": 34309.565560245064, "meanFailed": 30000.247393353206, "meanTotal": 31711.299838185678}, "errorsByType": {"SQLTransientConnectionException": 2231}, "firstErrorMessageByType": {"SQLTransientConnectionException": "HikariPool-1 - Connection is not available, request timed out after 30000ms (total=11, active=11, idle=0, waiting=97)"}, "appCpuMedian": 0.025021894157387717, "gcPauseMsTotal": 2}