{"runInfo": {"sut": "HIKARI_DISCIPLINED", "workload": "W5_HTAP", "loadMode": "open-loop", "targetRps": 8, "concurrency": 0, "poolSize": 20, "instanceId": 0, "totalInstances": 4, "configuredDbConnectionBudget": 80, "configuredReplicas": 4, "seed": 42, "durationSeconds": 900, "timestamp": "2026-07-02T06:19:48Z", "openLoopAttemptedOps": 7200, "openLoopMissedOpportunities": 0, "openLoopSchedulingDelayMs": 0.0, "clientPooling": "hikari"}, "attemptedRps": 6.825540659407322, "achievedThroughputRps": 3.118459765234008, "successfulThroughputRps": 3.118459765234008, "errorThroughputRps": 3.9516288028147653, "totalThroughputRps": 7.070088568048773, "errorRate": 0.5589221075211155, "totalRequests": 7459, "successfulRequests": 3290, "failedRequests": 4169, "latencyMs": {"p50": 28721.151, "p95": 88211.455, "p99": 209321.983, "p999": 218759.167, "max": 224526.335, "mean": 31735.69037728851, "meanSuccessful": 33934.84018966565, "meanFailed": 30000.214449131447, "meanTotal": 31735.69037728851}, "errorsByType": {"SQLTransientConnectionException": 4169}, "firstErrorMessageByType": {"SQLTransientConnectionException": "HikariPool-1 - Connection is not available, request timed out after 30000ms (total=20, active=20, idle=0, waiting=240)"}, "appCpuMedian": 0.2004008016032064, "gcPauseMsTotal": 11}