{"runInfo": {"sut": "HIKARI_DISCIPLINED", "workload": "W5_HTAP", "loadMode": "open-loop", "targetRps": 3, "concurrency": 0, "poolSize": 19, "instanceId": 15, "totalInstances": 16, "configuredDbConnectionBudget": 300, "configuredReplicas": 16, "seed": 42, "durationSeconds": 900, "timestamp": "2026-07-15T12:38:06Z", "openLoopAttemptedOps": 2701, "openLoopMissedOpportunities": 0, "openLoopSchedulingDelayMs": 0.0, "clientPooling": "hikari"}, "attemptedRps": 2.8887484264823686, "achievedThroughputRps": 1.2598836158445874, "successfulThroughputRps": 1.2598836158445874, "errorThroughputRps": 1.7015915388868748, "totalThroughputRps": 2.961475154731462, "errorRate": 0.5745756590827014, "totalRequests": 2769, "successfulRequests": 1178, "failedRequests": 1591, "latencyMs": {"p50": 21315.583, "p95": 144441.343, "p99": 399245.311, "p999": 442499.071, "max": 443285.503, "mean": 30745.27840882232, "meanSuccessful": 31750.598886247877, "meanFailed": 30000.30278333941, "meanTotal": 30745.27840882232}, "errorsByType": {"SQLTransientConnectionException": 1591}, "firstErrorMessageByType": {"SQLTransientConnectionException": "HikariPool-1 - Connection is not available, request timed out after 30000ms (total=19, active=19, idle=0, waiting=67)"}, "appCpuMedian": 0.025021894157387717, "gcPauseMsTotal": 0}