{"runInfo": {"sut": "HIKARI_DISCIPLINED", "workload": "W5_HTAP", "loadMode": "open-loop", "targetRps": 3, "concurrency": 0, "poolSize": 19, "instanceId": 6, "totalInstances": 16, "configuredDbConnectionBudget": 300, "configuredReplicas": 16, "seed": 42, "durationSeconds": 900, "timestamp": "2026-07-15T12:38:00Z", "openLoopAttemptedOps": 2701, "openLoopMissedOpportunities": 0, "openLoopSchedulingDelayMs": 0.0, "clientPooling": "hikari"}, "attemptedRps": 2.898377122713651, "achievedThroughputRps": 1.1326130527504636, "successfulThroughputRps": 1.1326130527504636, "errorThroughputRps": 1.8545335537953769, "totalThroughputRps": 2.9871466065458403, "errorRate": 0.6208378088077336, "totalRequests": 2793, "successfulRequests": 1059, "failedRequests": 1734, "latencyMs": {"p50": 21446.655, "p95": 156106.751, "p99": 405274.623, "p999": 435159.039, "max": 440139.775, "mean": 31036.63351763516, "meanSuccessful": 32733.3161095373, "meanFailed": 30000.25743682526, "meanTotal": 31036.63351763516}, "errorsByType": {"SQLTransientConnectionException": 1734}, "firstErrorMessageByType": {"SQLTransientConnectionException": "HikariPool-1 - Connection is not available, request timed out after 30000ms (total=19, active=19, idle=0, waiting=80)"}, "appCpuMedian": 0.025021894157387717, "gcPauseMsTotal": 0}