{"runInfo": {"sut": "PGBOUNCER", "workload": "W5_HTAP", "loadMode": "open-loop", "targetRps": 12, "concurrency": 0, "poolSize": 20, "instanceId": 1, "totalInstances": 4, "configuredDbConnectionBudget": 100, "configuredReplicas": 4, "seed": 42, "durationSeconds": 900, "timestamp": "2026-07-02T14:40:59Z", "openLoopAttemptedOps": 10801, "openLoopMissedOpportunities": 0, "openLoopSchedulingDelayMs": 0.0, "clientPooling": "hikari"}, "attemptedRps": 10.237837059055476, "achievedThroughputRps": 3.996178228032394, "successfulThroughputRps": 3.996178228032394, "errorThroughputRps": 6.590471351876005, "totalThroughputRps": 10.586649579908398, "errorRate": 0.6225266362252664, "totalRequests": 11169, "successfulRequests": 4216, "failedRequests": 6953, "latencyMs": {"p50": 29949.951, "p95": 39616.511, "p99": 43810.815, "p999": 66453.503, "max": 69140.479, "mean": 30567.744458091143, "meanSuccessful": 31503.72824857685, "meanFailed": 30000.214392247806, "meanTotal": 30567.744458091143}, "errorsByType": {"SQLTransientConnectionException": 6953}, "firstErrorMessageByType": {"SQLTransientConnectionException": "HikariPool-1 - Connection is not available, request timed out after 30000ms (total=8, active=8, idle=0, waiting=360)"}, "appCpuMedian": 0.15045135406218654, "gcPauseMsTotal": 13}