{"runInfo": {"sut": "PGBOUNCER", "workload": "W5_HTAP", "loadMode": "open-loop", "targetRps": 2, "concurrency": 0, "poolSize": 20, "instanceId": 13, "totalInstances": 16, "configuredDbConnectionBudget": 100, "configuredReplicas": 16, "seed": 42, "durationSeconds": 900, "timestamp": "2026-07-15T03:17:32Z", "openLoopAttemptedOps": 1801, "openLoopMissedOpportunities": 0, "openLoopSchedulingDelayMs": 0.0, "clientPooling": "hikari"}, "attemptedRps": 1.9261908479731682, "achievedThroughputRps": 1.3015959255876433, "successfulThroughputRps": 1.3015959255876433, "errorThroughputRps": 0.6919741691497167, "totalThroughputRps": 1.99357009473736, "errorRate": 0.3471030042918455, "totalRequests": 1864, "successfulRequests": 1217, "failedRequests": 647, "latencyMs": {"p50": 26820.607, "p95": 43515.903, "p99": 84606.975, "p999": 121831.423, "max": 133365.759, "mean": 27550.08366162929, "meanSuccessful": 26247.59397288414, "meanFailed": 30000.40120199382, "meanTotal": 27550.08366162929}, "errorsByType": {"SQLTransientConnectionException": 647}, "firstErrorMessageByType": {"SQLTransientConnectionException": "HikariPool-1 - Connection is not available, request timed out after 30000ms (total=12, active=12, idle=0, waiting=53)"}, "appCpuMedian": 0.025025025025025023, "gcPauseMsTotal": 2}