{"runInfo": {"sut": "HIKARI_DISCIPLINED", "workload": "W5_HTAP", "loadMode": "open-loop", "targetRps": 4, "concurrency": 0, "poolSize": 38, "instanceId": 0, "totalInstances": 2, "configuredDbConnectionBudget": 75, "configuredReplicas": 2, "seed": 42, "durationSeconds": 900, "timestamp": "2026-05-30T14:50:00Z", "openLoopAttemptedOps": 4801, "openLoopMissedOpportunities": 0, "openLoopSchedulingDelayMs": 0.090375, "clientPooling": "hikari"}, "attemptedRps": 2.65754104022695, "achievedThroughputRps": 0.8826490097504672, "successfulThroughputRps": 0.8826490097504672, "errorThroughputRps": 1.794818053271853, "totalThroughputRps": 2.6774670630223203, "errorRate": 0.6703417861080485, "totalRequests": 3628, "successfulRequests": 1196, "failedRequests": 2432, "latencyMs": {"p50": 166.783, "p95": 60030.975, "p99": 60030.975, "p999": 60030.975, "max": 65339.391, "mean": 31644.77865227095, "meanSuccessful": 12635.414637959866, "meanFailed": 30000.328175738076, "meanTotal": 31644.77865227095}, "errorsByType": {"SQLTransientConnectionException": 2432}, "firstErrorMessageByType": {"SQLTransientConnectionException": "HikariPool-1 - Connection is not available, request timed out after 30000ms (total=38, active=38, idle=0, waiting=93)"}, "appCpuMedian": 0.15007503751875936, "gcPauseMsTotal": 9}