{"runInfo": {"sut": "HIKARI_DISCIPLINED", "workload": "W5_HTAP", "loadMode": "open-loop", "targetRps": 3, "concurrency": 0, "poolSize": 19, "instanceId": 0, "totalInstances": 16, "configuredDbConnectionBudget": 300, "configuredReplicas": 16, "seed": 42, "durationSeconds": 900, "timestamp": "2026-07-15T15:57:00Z", "openLoopAttemptedOps": 2701, "openLoopMissedOpportunities": 0, "openLoopSchedulingDelayMs": 0.0, "clientPooling": "hikari"}, "attemptedRps": 2.898377122713651, "achievedThroughputRps": 1.4577446561840246, "successfulThroughputRps": 1.4577446561840246, "errorThroughputRps": 1.5272629266550162, "totalThroughputRps": 2.9850075828390406, "errorRate": 0.5116445718380509, "totalRequests": 2791, "successfulRequests": 1363, "failedRequests": 1428, "latencyMs": {"p50": 22839.295, "p95": 134742.015, "p99": 382730.239, "p999": 436469.759, "max": 436731.903, "mean": 30099.568711378004, "meanSuccessful": 30204.038371973587, "meanFailed": 30000.257149863446, "meanTotal": 30099.568711378004}, "errorsByType": {"SQLTransientConnectionException": 1428}, "firstErrorMessageByType": {"SQLTransientConnectionException": "HikariPool-1 - Connection is not available, request timed out after 30000ms (total=19, active=19, idle=0, waiting=80)"}, "appCpuMedian": 0.025021894157387717, "gcPauseMsTotal": 0}