{"runInfo": {"sut": "HIKARI_DISCIPLINED", "workload": "W5_HTAP", "loadMode": "open-loop", "targetRps": 8, "concurrency": 0, "poolSize": 20, "instanceId": 3, "totalInstances": 4, "configuredDbConnectionBudget": 80, "configuredReplicas": 4, "seed": 42, "durationSeconds": 900, "timestamp": "2026-07-02T06:19:51Z", "openLoopAttemptedOps": 7201, "openLoopMissedOpportunities": 0, "openLoopSchedulingDelayMs": 0.0, "clientPooling": "hikari"}, "attemptedRps": 6.825540659407322, "achievedThroughputRps": 3.192392853893051, "successfulThroughputRps": 3.192392853893051, "errorThroughputRps": 3.8795914343777484, "totalThroughputRps": 7.0719842882708, "errorRate": 0.5485859804315776, "totalRequests": 7461, "successfulRequests": 3368, "failedRequests": 4093, "latencyMs": {"p50": 28770.303, "p95": 88473.599, "p99": 206700.543, "p999": 217710.591, "max": 218628.095, "mean": 31766.086159608098, "meanSuccessful": 33911.965614014254, "meanFailed": 30000.19674029196, "meanTotal": 31766.086159608098}, "errorsByType": {"SQLTransientConnectionException": 4093}, "firstErrorMessageByType": {"SQLTransientConnectionException": "HikariPool-1 - Connection is not available, request timed out after 30000ms (total=20, active=20, idle=0, waiting=240)"}, "appCpuMedian": 0.2004008016032064, "gcPauseMsTotal": 14}