{"runInfo": {"sut": "HIKARI_DISCIPLINED", "workload": "W5_HTAP", "loadMode": "open-loop", "targetRps": 3, "concurrency": 0, "poolSize": 19, "instanceId": 13, "totalInstances": 16, "configuredDbConnectionBudget": 300, "configuredReplicas": 16, "seed": 42, "durationSeconds": 900, "timestamp": "2026-07-15T09:19:33Z", "openLoopAttemptedOps": 2701, "openLoopMissedOpportunities": 0, "openLoopSchedulingDelayMs": 0.0, "clientPooling": "hikari"}, "attemptedRps": 2.8983709230295354, "achievedThroughputRps": 1.2844809883979602, "successfulThroughputRps": 1.2844809883979602, "errorThroughputRps": 1.7026592285841404, "totalThroughputRps": 2.9871402169821004, "errorRate": 0.5699964196204798, "totalRequests": 2793, "successfulRequests": 1201, "failedRequests": 1592, "latencyMs": {"p50": 22118.399, "p95": 141819.903, "p99": 371458.047, "p999": 435159.039, "max": 440664.063, "mean": 30739.347296499822, "meanSuccessful": 31718.631204829308, "meanFailed": 30000.308415778265, "meanTotal": 30739.347296499822}, "errorsByType": {"SQLTransientConnectionException": 1592}, "firstErrorMessageByType": {"SQLTransientConnectionException": "HikariPool-1 - Connection is not available, request timed out after 30000ms (total=19, active=19, idle=0, waiting=80)"}, "appCpuMedian": 0.025021894157387717, "gcPauseMsTotal": 0}