{"runInfo": {"sut": "HIKARI_DISCIPLINED", "workload": "W5_HTAP", "loadMode": "open-loop", "targetRps": 3, "concurrency": 0, "poolSize": 19, "instanceId": 5, "totalInstances": 16, "configuredDbConnectionBudget": 300, "configuredReplicas": 16, "seed": 42, "durationSeconds": 900, "timestamp": "2026-07-15T09:19:26Z", "openLoopAttemptedOps": 2701, "openLoopMissedOpportunities": 0, "openLoopSchedulingDelayMs": 0.0, "clientPooling": "hikari"}, "attemptedRps": 2.8887484264823686, "achievedThroughputRps": 1.4438394578864115, "successfulThroughputRps": 1.4438394578864115, "errorThroughputRps": 1.5165661861355049, "totalThroughputRps": 2.9604056440219164, "errorRate": 0.5122832369942196, "totalRequests": 2768, "successfulRequests": 1350, "failedRequests": 1418, "latencyMs": {"p50": 21102.591, "p95": 132055.039, "p99": 361496.575, "p999": 436207.615, "max": 436469.759, "mean": 29882.433779332005, "meanSuccessful": 29758.86245777778, "meanFailed": 30000.315091260225, "meanTotal": 29882.433779332005}, "errorsByType": {"SQLTransientConnectionException": 1418}, "firstErrorMessageByType": {"SQLTransientConnectionException": "HikariPool-1 - Connection is not available, request timed out after 30000ms (total=19, active=19, idle=0, waiting=80)"}, "appCpuMedian": 0.025021894157387717, "gcPauseMsTotal": 0}