{"runInfo": {"sut": "PGBOUNCER", "workload": "W5_HTAP", "loadMode": "open-loop", "targetRps": 3, "concurrency": 0, "poolSize": 20, "instanceId": 9, "totalInstances": 16, "configuredDbConnectionBudget": 100, "configuredReplicas": 16, "seed": 42, "durationSeconds": 900, "timestamp": "2026-07-15T11:32:08Z", "openLoopAttemptedOps": 2701, "openLoopMissedOpportunities": 0, "openLoopSchedulingDelayMs": 0.0, "clientPooling": "hikari"}, "attemptedRps": 2.8887484264823686, "achievedThroughputRps": 1.7572060957832403, "successfulThroughputRps": 1.7572060957832403, "errorThroughputRps": 1.2138946553341312, "totalThroughputRps": 2.9711007511173713, "errorRate": 0.4085673146148308, "totalRequests": 2778, "successfulRequests": 1643, "failedRequests": 1135, "latencyMs": {"p50": 29736.959, "p95": 44204.031, "p99": 79691.775, "p999": 107872.255, "max": 108724.223, "mean": 30727.616872353134, "meanSuccessful": 31230.12273158856, "meanFailed": 30000.363186970044, "meanTotal": 30727.616872353134}, "errorsByType": {"SQLTransientConnectionException": 1135}, "firstErrorMessageByType": {"SQLTransientConnectionException": "HikariPool-1 - Connection is not available, request timed out after 30000ms (total=12, active=12, idle=0, waiting=73)"}, "appCpuMedian": 0.025025025025025023, "gcPauseMsTotal": 2}