{"runInfo": {"sut": "HIKARI_DISCIPLINED", "workload": "W5_HTAP", "loadMode": "open-loop", "targetRps": 8, "concurrency": 0, "poolSize": 20, "instanceId": 2, "totalInstances": 4, "configuredDbConnectionBudget": 80, "configuredReplicas": 4, "seed": 42, "durationSeconds": 900, "timestamp": "2026-07-12T06:26:01Z", "openLoopAttemptedOps": 7201, "openLoopMissedOpportunities": 0, "openLoopSchedulingDelayMs": 0.0, "clientPooling": "hikari"}, "attemptedRps": 7.701554856332473, "achievedThroughputRps": 3.0470392703362332, "successfulThroughputRps": 3.0470392703362332, "errorThroughputRps": 4.912267942665609, "totalThroughputRps": 7.959307213001842, "errorRate": 0.6171728030099436, "totalRequests": 7442, "successfulRequests": 2849, "failedRequests": 4593, "latencyMs": {"p50": 28819.455, "p95": 96468.991, "p99": 233570.303, "p999": 243531.775, "max": 244449.279, "mean": 31646.085935685165, "meanSuccessful": 34299.4533015093, "meanFailed": 30000.187192087746, "meanTotal": 31646.085935685165}, "errorsByType": {"SQLTransientConnectionException": 4593}, "firstErrorMessageByType": {"SQLTransientConnectionException": "HikariPool-1 - Connection is not available, request timed out after 30000ms (total=20, active=20, idle=0, waiting=240)"}, "appCpuMedian": 0.1502253380070105, "gcPauseMsTotal": 12}