{"runInfo": {"sut": "HIKARI_DISCIPLINED", "workload": "W5_HTAP", "loadMode": "open-loop", "targetRps": 8, "concurrency": 0, "poolSize": 20, "instanceId": 1, "totalInstances": 4, "configuredDbConnectionBudget": 80, "configuredReplicas": 4, "seed": 42, "durationSeconds": 900, "timestamp": "2026-07-12T01:43:28Z", "openLoopAttemptedOps": 7201, "openLoopMissedOpportunities": 0, "openLoopSchedulingDelayMs": 0.0, "clientPooling": "hikari"}, "attemptedRps": 7.7015466194370745, "achievedThroughputRps": 2.974309283246008, "successfulThroughputRps": 2.974309283246008, "errorThroughputRps": 4.984989417191529, "totalThroughputRps": 7.959298700437537, "errorRate": 0.6263101316850309, "totalRequests": 7442, "successfulRequests": 2781, "failedRequests": 4661, "latencyMs": {"p50": 28999.679, "p95": 97517.567, "p99": 234487.807, "p999": 242221.055, "max": 243269.631, "mean": 31824.895699388202, "meanSuccessful": 34883.08203667746, "meanFailed": 30000.188306104912, "meanTotal": 31824.895699388202}, "errorsByType": {"SQLTransientConnectionException": 4661}, "firstErrorMessageByType": {"SQLTransientConnectionException": "HikariPool-1 - Connection is not available, request timed out after 30000ms (total=20, active=20, idle=0, waiting=240)"}, "appCpuMedian": 0.15015015015015015, "gcPauseMsTotal": 11}