{"runInfo": {"sut": "HIKARI_DISCIPLINED", "workload": "W5_HTAP", "loadMode": "open-loop", "targetRps": 5, "concurrency": 0, "poolSize": 19, "instanceId": 3, "totalInstances": 4, "configuredDbConnectionBudget": 75, "configuredReplicas": 4, "seed": 42, "durationSeconds": 1800, "timestamp": "2026-05-23T05:51:18Z", "openLoopAttemptedOps": 10501, "openLoopMissedOpportunities": 0, "openLoopSchedulingDelayMs": 0.132598, "clientPooling": "hikari"}, "attemptedRps": 3.991980562487001, "achievedThroughputRps": 0.6922330213332825, "successfulThroughputRps": 0.6922330213332825, "errorThroughputRps": 3.3680395881013965, "totalThroughputRps": 4.060272609434679, "errorRate": 0.8295107033639144, "totalRequests": 9156, "successfulRequests": 1561, "failedRequests": 7595, "latencyMs": {"p50": 28000.255, "p95": 60030.975, "p99": 60030.975, "p999": 60030.975, "max": 60030.975, "mean": 32762.926413050896, "meanSuccessful": 26549.033262011533, "meanFailed": 30000.27694727097, "meanTotal": 32762.926413050896}, "errorsByType": {"SQLTransientConnectionException": 7595}, "firstErrorMessageByType": {"SQLTransientConnectionException": "HikariPool-1 - Connection is not available, request timed out after 30000ms (total=19, active=19, idle=0, waiting=145)"}, "appCpuMedian": 0.7537688442211055, "gcPauseMsTotal": 4975}