{"runInfo": {"sut": "PGBOUNCER", "workload": "W5_HTAP", "loadMode": "open-loop", "targetRps": 3, "concurrency": 0, "poolSize": 20, "instanceId": 4, "totalInstances": 16, "configuredDbConnectionBudget": 100, "configuredReplicas": 16, "seed": 42, "durationSeconds": 900, "timestamp": "2026-07-15T11:32:04Z", "openLoopAttemptedOps": 2701, "openLoopMissedOpportunities": 0, "openLoopSchedulingDelayMs": 0.0, "clientPooling": "hikari"}, "attemptedRps": 2.8887453369382934, "achievedThroughputRps": 1.7475786303432697, "successfulThroughputRps": 1.7475786303432697, "errorThroughputRps": 1.2331445292446694, "totalThroughputRps": 2.980723159587939, "errorRate": 0.4137064944384643, "totalRequests": 2787, "successfulRequests": 1634, "failedRequests": 1153, "latencyMs": {"p50": 29753.343, "p95": 48431.103, "p99": 73269.247, "p999": 99876.863, "max": 101974.015, "mean": 30884.110207038037, "meanSuccessful": 31507.577742962054, "meanFailed": 30000.306090764094, "meanTotal": 30884.110207038037}, "errorsByType": {"SQLTransientConnectionException": 1153}, "firstErrorMessageByType": {"SQLTransientConnectionException": "HikariPool-1 - Connection is not available, request timed out after 30000ms (total=9, active=9, idle=0, waiting=83)"}, "appCpuMedian": 0.025021894157387717, "gcPauseMsTotal": 1}