{"runInfo": {"sut": "HIKARI_DISCIPLINED", "workload": "W5_HTAP", "loadMode": "open-loop", "targetRps": 2, "concurrency": 0, "poolSize": 19, "instanceId": 14, "totalInstances": 16, "configuredDbConnectionBudget": 300, "configuredReplicas": 16, "seed": 42, "durationSeconds": 900, "timestamp": "2026-07-15T07:40:43Z", "openLoopAttemptedOps": 1801, "openLoopMissedOpportunities": 0, "openLoopSchedulingDelayMs": 0.0, "clientPooling": "hikari"}, "attemptedRps": 1.9261887878914277, "achievedThroughputRps": 1.5614856359364155, "successfulThroughputRps": 1.5614856359364155, "errorThroughputRps": 0.35293853415001175, "totalThroughputRps": 1.9144241700864273, "errorRate": 0.18435754189944134, "totalRequests": 1790, "successfulRequests": 1460, "failedRequests": 330, "latencyMs": {"p50": 62.783, "p95": 47808.511, "p99": 228982.783, "p999": 401604.607, "max": 420741.119, "mean": 17633.032943317878, "meanSuccessful": 14837.462835616438, "meanFailed": 30000.351901718182, "meanTotal": 17633.032943317878}, "errorsByType": {"SQLTransientConnectionException": 330}, "firstErrorMessageByType": {"SQLTransientConnectionException": "HikariPool-1 - Connection is not available, request timed out after 30001ms (total=19, active=19, idle=0, waiting=18)"}, "appCpuMedian": 0.02502815667626079, "gcPauseMsTotal": 0}