{"runInfo": {"sut": "PGBOUNCER", "workload": "W5_HTAP", "loadMode": "open-loop", "targetRps": 2, "concurrency": 0, "poolSize": 20, "instanceId": 3, "totalInstances": 16, "configuredDbConnectionBudget": 100, "configuredReplicas": 16, "seed": 42, "durationSeconds": 900, "timestamp": "2026-07-15T01:38:31Z", "openLoopAttemptedOps": 1801, "openLoopMissedOpportunities": 0, "openLoopSchedulingDelayMs": 0.0, "clientPooling": "hikari"}, "attemptedRps": 1.9261908479731682, "achievedThroughputRps": 1.3101520204148422, "successfulThroughputRps": 1.3101520204148422, "errorThroughputRps": 0.6395680883331231, "totalThroughputRps": 1.9497201087479654, "errorRate": 0.32803071859572136, "totalRequests": 1823, "successfulRequests": 1225, "failedRequests": 598, "latencyMs": {"p50": 25870.335, "p95": 47841.279, "p99": 90243.071, "p999": 117440.511, "max": 130154.495, "mean": 27038.10586961492, "meanSuccessful": 25592.054721632652, "meanFailed": 30000.400895479936, "meanTotal": 27038.10586961492}, "errorsByType": {"SQLTransientConnectionException": 598}, "firstErrorMessageByType": {"SQLTransientConnectionException": "HikariPool-1 - Connection is not available, request timed out after 30000ms (total=5, active=5, idle=0, waiting=38)"}, "appCpuMedian": 0.02501876407305479, "gcPauseMsTotal": 2}