{"runInfo": {"sut": "HIKARI_DISCIPLINED", "workload": "W5_HTAP", "loadMode": "open-loop", "targetRps": 2, "concurrency": 0, "poolSize": 19, "instanceId": 5, "totalInstances": 16, "configuredDbConnectionBudget": 300, "configuredReplicas": 16, "seed": 42, "durationSeconds": 900, "timestamp": "2026-07-15T04:23:10Z", "openLoopAttemptedOps": 1801, "openLoopMissedOpportunities": 0, "openLoopSchedulingDelayMs": 0.0, "clientPooling": "hikari"}, "attemptedRps": 1.9261887878914277, "achievedThroughputRps": 1.2320763373964045, "successfulThroughputRps": 1.2320763373964045, "errorThroughputRps": 0.6876953862377502, "totalThroughputRps": 1.9197717236341547, "errorRate": 0.35821727019498606, "totalRequests": 1795, "successfulRequests": 1152, "failedRequests": 643, "latencyMs": {"p50": 2633.727, "p95": 76873.727, "p99": 331350.015, "p999": 592969.727, "max": 603979.775, "mean": 23591.120182125906, "meanSuccessful": 20013.432003472222, "meanFailed": 30000.32710164852, "meanTotal": 23591.120182125906}, "errorsByType": {"SQLTransientConnectionException": 643}, "firstErrorMessageByType": {"SQLTransientConnectionException": "HikariPool-1 - Connection is not available, request timed out after 30000ms (total=19, active=19, idle=0, waiting=46)"}, "appCpuMedian": 0.025025025025025023, "gcPauseMsTotal": 0}