{"runInfo": {"sut": "HIKARI_DISCIPLINED", "workload": "W5_HTAP", "loadMode": "open-loop", "targetRps": 12, "concurrency": 0, "poolSize": 20, "instanceId": 3, "totalInstances": 4, "configuredDbConnectionBudget": 80, "configuredReplicas": 4, "seed": 42, "durationSeconds": 900, "timestamp": "2026-07-12T15:52:54Z", "openLoopAttemptedOps": 10801, "openLoopMissedOpportunities": 0, "openLoopSchedulingDelayMs": 0.0, "clientPooling": "hikari"}, "attemptedRps": 11.55178517380084, "achievedThroughputRps": 4.0331248856960435, "successfulThroughputRps": 4.0331248856960435, "errorThroughputRps": 7.904753654250717, "totalThroughputRps": 11.93787853994676, "errorRate": 0.6621573194767962, "totalRequests": 11162, "successfulRequests": 3771, "failedRequests": 7391, "latencyMs": {"p50": 29343.743, "p95": 82640.895, "p99": 184811.519, "p999": 195821.567, "max": 200409.087, "mean": 31200.71861223338, "meanSuccessful": 33553.50225616548, "meanFailed": 30000.179866324044, "meanTotal": 31200.71861223338}, "errorsByType": {"SQLTransientConnectionException": 7391}, "firstErrorMessageByType": {"SQLTransientConnectionException": "HikariPool-1 - Connection is not available, request timed out after 30000ms (total=20, active=20, idle=0, waiting=360)"}, "appCpuMedian": 0.20020020020020018, "gcPauseMsTotal": 17}