{"runInfo": {"sut": "HIKARI_DISCIPLINED", "workload": "W5_HTAP", "loadMode": "open-loop", "targetRps": 2, "concurrency": 0, "poolSize": 19, "instanceId": 7, "totalInstances": 16, "configuredDbConnectionBudget": 300, "configuredReplicas": 16, "seed": 42, "durationSeconds": 900, "timestamp": "2026-07-15T02:44:12Z", "openLoopAttemptedOps": 1801, "openLoopMissedOpportunities": 0, "openLoopSchedulingDelayMs": 0.0, "clientPooling": "hikari"}, "attemptedRps": 1.9261908479731682, "achievedThroughputRps": 1.0449130807716742, "successfulThroughputRps": 1.0449130807716742, "errorThroughputRps": 0.8769997197878945, "totalThroughputRps": 1.9219128005595687, "errorRate": 0.45631608235948806, "totalRequests": 1797, "successfulRequests": 977, "failedRequests": 820, "latencyMs": {"p50": 229.503, "p95": 151257.087, "p99": 409206.783, "p999": 531103.743, "max": 531103.743, "mean": 25682.024070182528, "meanSuccessful": 22056.999511770726, "meanFailed": 30000.354057363416, "meanTotal": 25682.024070182528}, "errorsByType": {"SQLTransientConnectionException": 820}, "firstErrorMessageByType": {"SQLTransientConnectionException": "HikariPool-1 - Connection is not available, request timed out after 30001ms (total=19, active=19, idle=0, waiting=46)"}, "appCpuMedian": 0.025021894157387717, "gcPauseMsTotal": 0}