{"runInfo": {"sut": "HIKARI_DISCIPLINED", "workload": "W5_HTAP", "loadMode": "open-loop", "targetRps": 12, "concurrency": 0, "poolSize": 20, "instanceId": 2, "totalInstances": 4, "configuredDbConnectionBudget": 80, "configuredReplicas": 4, "seed": 42, "durationSeconds": 900, "timestamp": "2026-07-02T14:08:40Z", "openLoopAttemptedOps": 10800, "openLoopMissedOpportunities": 0, "openLoopSchedulingDelayMs": 0.0, "clientPooling": "hikari"}, "attemptedRps": 10.237837059055476, "achievedThroughputRps": 3.3649033940974853, "successfulThroughputRps": 3.3649033940974853, "errorThroughputRps": 7.233120507143074, "totalThroughputRps": 10.598023901240559, "errorRate": 0.6824970932832484, "totalRequests": 11181, "successfulRequests": 3550, "failedRequests": 7631, "latencyMs": {"p50": 29507.583, "p95": 87949.311, "p99": 207486.975, "p999": 220332.031, "max": 220594.175, "mean": 31441.370509951346, "meanSuccessful": 34539.27121352113, "meanFailed": 30000.21905524322, "meanTotal": 31441.370509951346}, "errorsByType": {"SQLTransientConnectionException": 7631}, "firstErrorMessageByType": {"SQLTransientConnectionException": "HikariPool-1 - Connection is not available, request timed out after 30000ms (total=20, active=20, idle=0, waiting=360)"}, "appCpuMedian": 0.2502502502502503, "gcPauseMsTotal": 15}