{"runInfo": {"sut": "PGBOUNCER", "workload": "W5_HTAP", "loadMode": "open-loop", "targetRps": 4, "concurrency": 0, "poolSize": 20, "instanceId": 8, "totalInstances": 16, "configuredDbConnectionBudget": 100, "configuredReplicas": 16, "seed": 42, "durationSeconds": 900, "timestamp": "2026-07-15T21:31:21Z", "openLoopAttemptedOps": 3601, "openLoopMissedOpportunities": 0, "openLoopSchedulingDelayMs": 0.0, "clientPooling": "hikari"}, "attemptedRps": 3.8513121840929365, "achievedThroughputRps": 1.5347495096288153, "successfulThroughputRps": 1.5347495096288153, "errorThroughputRps": 2.4449040968721056, "totalThroughputRps": 3.979653606500921, "errorRate": 0.6143509809191078, "totalRequests": 3721, "successfulRequests": 1435, "failedRequests": 2286, "latencyMs": {"p50": 31637.503, "p95": 48398.335, "p99": 93978.623, "p999": 116129.791, "max": 118489.087, "mean": 31462.770845664872, "meanSuccessful": 33792.783520557496, "meanFailed": 30000.254093557738, "meanTotal": 31462.770845664872}, "errorsByType": {"SQLTransientConnectionException": 2286}, "firstErrorMessageByType": {"SQLTransientConnectionException": "HikariPool-1 - Connection is not available, request timed out after 30000ms (total=8, active=8, idle=0, waiting=120)"}, "appCpuMedian": 0.025021894157387717, "gcPauseMsTotal": 1}