{"runInfo": {"sut": "HIKARI_DISCIPLINED", "workload": "W5_HTAP", "loadMode": "open-loop", "targetRps": 4, "concurrency": 0, "poolSize": 20, "instanceId": 3, "totalInstances": 4, "configuredDbConnectionBudget": 80, "configuredReplicas": 4, "seed": 42, "durationSeconds": 900, "timestamp": "2026-07-11T19:26:16Z", "openLoopAttemptedOps": 3601, "openLoopMissedOpportunities": 0, "openLoopSchedulingDelayMs": 0.0, "clientPooling": "hikari"}, "attemptedRps": 3.8513039460624934, "achievedThroughputRps": 3.505852356343475, "successfulThroughputRps": 3.505852356343475, "errorThroughputRps": 0.3304784557993087, "totalThroughputRps": 3.8363308121427835, "errorRate": 0.08614441037078338, "totalRequests": 3587, "successfulRequests": 3278, "failedRequests": 309, "latencyMs": {"p50": 13860.863, "p95": 37453.823, "p99": 110493.695, "p999": 229244.927, "max": 239337.471, "mean": 17590.476035012824, "meanSuccessful": 16420.62981452105, "meanFailed": 30000.465342692554, "meanTotal": 17590.476035012824}, "errorsByType": {"SQLTransientConnectionException": 309}, "firstErrorMessageByType": {"SQLTransientConnectionException": "HikariPool-1 - Connection is not available, request timed out after 30001ms (total=20, active=20, idle=0, waiting=91)"}, "appCpuMedian": 0.1500750375187594, "gcPauseMsTotal": 17}