{"runInfo": {"sut": "HIKARI_DISCIPLINED", "workload": "W5_HTAP", "loadMode": "open-loop", "targetRps": 4, "concurrency": 0, "poolSize": 19, "instanceId": 12, "totalInstances": 16, "configuredDbConnectionBudget": 300, "configuredReplicas": 16, "seed": 42, "durationSeconds": 900, "timestamp": "2026-07-15T19:18:40Z", "openLoopAttemptedOps": 3601, "openLoopMissedOpportunities": 0, "openLoopSchedulingDelayMs": 0.0, "clientPooling": "hikari"}, "attemptedRps": 3.8598682789201355, "achievedThroughputRps": 1.4053385753674308, "successfulThroughputRps": 1.4053385753674308, "errorThroughputRps": 2.57538454298689, "totalThroughputRps": 3.980723118354321, "errorRate": 0.646963997850618, "totalRequests": 3722, "successfulRequests": 1314, "failedRequests": 2408, "latencyMs": {"p50": 24002.559, "p95": 144834.559, "p99": 391905.279, "p999": 433848.319, "max": 434372.607, "mean": 31040.74884890865, "meanSuccessful": 32947.50883181126, "meanFailed": 30000.238389639537, "meanTotal": 31040.74884890865}, "errorsByType": {"SQLTransientConnectionException": 2408}, "firstErrorMessageByType": {"SQLTransientConnectionException": "HikariPool-1 - Connection is not available, request timed out after 30000ms (total=19, active=19, idle=0, waiting=112)"}, "appCpuMedian": 0.025025025025025023, "gcPauseMsTotal": 0}