{"runInfo": {"sut": "HIKARI_DISCIPLINED", "workload": "W5_HTAP", "loadMode": "open-loop", "targetRps": 3, "concurrency": 0, "poolSize": 19, "instanceId": 12, "totalInstances": 16, "configuredDbConnectionBudget": 300, "configuredReplicas": 16, "seed": 42, "durationSeconds": 900, "timestamp": "2026-07-15T10:59:18Z", "openLoopAttemptedOps": 2700, "openLoopMissedOpportunities": 0, "openLoopSchedulingDelayMs": 0.0, "clientPooling": "hikari"}, "attemptedRps": 2.8887515160330524, "achievedThroughputRps": 1.32940323377604, "successfulThroughputRps": 1.32940323377604, "errorThroughputRps": 1.6320750882882036, "totalThroughputRps": 2.9614783220642433, "errorRate": 0.5511014806789455, "totalRequests": 2769, "successfulRequests": 1243, "failedRequests": 1526, "latencyMs": {"p50": 20856.831, "p95": 145883.135, "p99": 390070.271, "p999": 437780.479, "max": 439877.631, "mean": 30094.74914005345, "meanSuccessful": 30210.600148028963, "meanFailed": 30000.25061945937, "meanTotal": 30094.74914005345}, "errorsByType": {"SQLTransientConnectionException": 1526}, "firstErrorMessageByType": {"SQLTransientConnectionException": "HikariPool-1 - Connection is not available, request timed out after 30000ms (total=19, active=19, idle=0, waiting=66)"}, "appCpuMedian": 0.025021894157387717, "gcPauseMsTotal": 0}