{"runInfo": {"sut": "PGBOUNCER", "workload": "W5_HTAP", "loadMode": "open-loop", "targetRps": 2, "concurrency": 0, "poolSize": 20, "instanceId": 14, "totalInstances": 16, "configuredDbConnectionBudget": 100, "configuredReplicas": 16, "seed": 42, "durationSeconds": 900, "timestamp": "2026-07-15T03:17:32Z", "openLoopAttemptedOps": 1800, "openLoopMissedOpportunities": 0, "openLoopSchedulingDelayMs": 0.0, "clientPooling": "hikari"}, "attemptedRps": 1.93943910258136, "achievedThroughputRps": 1.3546998284549423, "successfulThroughputRps": 1.3546998284549423, "errorThroughputRps": 0.6138147076465159, "totalThroughputRps": 1.9685145361014582, "errorRate": 0.31181619256017507, "totalRequests": 1828, "successfulRequests": 1258, "failedRequests": 570, "latencyMs": {"p50": 26640.383, "p95": 46202.879, "p99": 99680.255, "p999": 118423.551, "max": 121307.135, "mean": 27399.897337228667, "meanSuccessful": 26221.97407074722, "meanFailed": 30000.363147177195, "meanTotal": 27399.897337228667}, "errorsByType": {"SQLTransientConnectionException": 570}, "firstErrorMessageByType": {"SQLTransientConnectionException": "HikariPool-1 - Connection is not available, request timed out after 30001ms (total=10, active=10, idle=0, waiting=29)"}, "appCpuMedian": 0.025015634771732333, "gcPauseMsTotal": 2}