{"runInfo": {"sut": "HIKARI_DISCIPLINED", "workload": "W5_HTAP", "loadMode": "open-loop", "targetRps": 2, "concurrency": 0, "poolSize": 19, "instanceId": 8, "totalInstances": 16, "configuredDbConnectionBudget": 300, "configuredReplicas": 16, "seed": 42, "durationSeconds": 900, "timestamp": "2026-07-15T02:44:13Z", "openLoopAttemptedOps": 1801, "openLoopMissedOpportunities": 0, "openLoopSchedulingDelayMs": 0.0, "clientPooling": "hikari"}, "attemptedRps": 1.9261887878914277, "achievedThroughputRps": 1.1475849913423108, "successfulThroughputRps": 1.1475849913423108, "errorThroughputRps": 0.7743257537109348, "totalThroughputRps": 1.9219107450532458, "errorRate": 0.4028937117417919, "totalRequests": 1797, "successfulRequests": 1073, "failedRequests": 724, "latencyMs": {"p50": 3563.519, "p95": 151781.375, "p99": 343670.783, "p999": 563085.311, "max": 568852.479, "mean": 24928.502187981638, "meanSuccessful": 21505.696853681267, "meanFailed": 30000.29851521409, "meanTotal": 24928.502187981638}, "errorsByType": {"SQLTransientConnectionException": 724}, "firstErrorMessageByType": {"SQLTransientConnectionException": "HikariPool-1 - Connection is not available, request timed out after 30001ms (total=19, active=19, idle=0, waiting=46)"}, "appCpuMedian": 0.02501876407305479, "gcPauseMsTotal": 0}