{"runInfo": {"sut": "HIKARI_DISCIPLINED", "workload": "W5_HTAP", "loadMode": "open-loop", "targetRps": 8, "concurrency": 0, "poolSize": 20, "instanceId": 1, "totalInstances": 4, "configuredDbConnectionBudget": 80, "configuredReplicas": 4, "seed": 42, "durationSeconds": 900, "timestamp": "2026-07-02T03:12:43Z", "openLoopAttemptedOps": 7201, "openLoopMissedOpportunities": 0, "openLoopSchedulingDelayMs": 0.0, "clientPooling": "hikari"}, "attemptedRps": 6.825540659407322, "achievedThroughputRps": 2.9374184840304527, "successfulThroughputRps": 2.9374184840304527, "errorThroughputRps": 4.133617944129333, "totalThroughputRps": 7.071036428159786, "errorRate": 0.5845844504021448, "totalRequests": 7460, "successfulRequests": 3099, "failedRequests": 4361, "latencyMs": {"p50": 29032.447, "p95": 91029.503, "p99": 211419.135, "p999": 219545.599, "max": 222691.327, "mean": 31993.95121726783, "meanSuccessful": 34799.70568247822, "meanFailed": 30000.22218363128, "meanTotal": 31993.95121726783}, "errorsByType": {"SQLTransientConnectionException": 4361}, "firstErrorMessageByType": {"SQLTransientConnectionException": "HikariPool-1 - Connection is not available, request timed out after 30000ms (total=20, active=20, idle=0, waiting=239)"}, "appCpuMedian": 0.2004008016032064, "gcPauseMsTotal": 12}