{"runInfo": {"sut": "PGBOUNCER", "workload": "W5_HTAP", "loadMode": "open-loop", "targetRps": 12, "concurrency": 0, "poolSize": 20, "instanceId": 2, "totalInstances": 4, "configuredDbConnectionBudget": 100, "configuredReplicas": 4, "seed": 42, "durationSeconds": 900, "timestamp": "2026-07-12T14:50:02Z", "openLoopAttemptedOps": 10801, "openLoopMissedOpportunities": 0, "openLoopSchedulingDelayMs": 0.0, "clientPooling": "hikari"}, "attemptedRps": 11.559227529818441, "achievedThroughputRps": 4.625403331531831, "successfulThroughputRps": 4.625403331531831, "errorThroughputRps": 7.333008706074989, "totalThroughputRps": 11.95841203760682, "errorRate": 0.613209235725792, "totalRequests": 11174, "successfulRequests": 4322, "failedRequests": 6852, "latencyMs": {"p50": 29982.719, "p95": 39157.759, "p99": 46170.111, "p999": 62685.183, "max": 67698.687, "mean": 30565.08133977394, "meanSuccessful": 31460.65372697825, "meanFailed": 30000.175246688996, "meanTotal": 30565.08133977394}, "errorsByType": {"SQLTransientConnectionException": 6852}, "firstErrorMessageByType": {"SQLTransientConnectionException": "HikariPool-1 - Connection is not available, request timed out after 30000ms (total=13, active=13, idle=0, waiting=360)"}, "appCpuMedian": 0.1502253380070105, "gcPauseMsTotal": 12}