{"runInfo": {"sut": "HIKARI_DISCIPLINED", "workload": "W5_HTAP", "loadMode": "open-loop", "targetRps": 8, "concurrency": 0, "poolSize": 20, "instanceId": 3, "totalInstances": 4, "configuredDbConnectionBudget": 80, "configuredReplicas": 4, "seed": 42, "durationSeconds": 900, "timestamp": "2026-07-05T10:11:05Z", "openLoopAttemptedOps": 7200, "openLoopMissedOpportunities": 0, "openLoopSchedulingDelayMs": 0.0, "clientPooling": "hikari"}, "attemptedRps": 7.701554856332473, "achievedThroughputRps": 3.8192268284909403, "successfulThroughputRps": 3.8192268284909403, "errorThroughputRps": 4.139010872657502, "totalThroughputRps": 7.958237701148442, "errorRate": 0.5200913855664562, "totalRequests": 7441, "successfulRequests": 3571, "failedRequests": 3870, "latencyMs": {"p50": 28459.007, "p95": 79822.847, "p99": 187826.175, "p999": 196739.071, "max": 197656.575, "mean": 31260.853955899744, "meanSuccessful": 32626.996434332123, "meanFailed": 30000.284217452197, "meanTotal": 31260.853955899744}, "errorsByType": {"SQLTransientConnectionException": 3870}, "firstErrorMessageByType": {"SQLTransientConnectionException": "HikariPool-1 - Connection is not available, request timed out after 30000ms (total=20, active=20, idle=0, waiting=240)"}, "appCpuMedian": 0.20060180541624875, "gcPauseMsTotal": 14}