{"runInfo": {"sut": "PGBOUNCER", "workload": "W5_HTAP", "loadMode": "open-loop", "targetRps": 8, "concurrency": 0, "poolSize": 20, "instanceId": 1, "totalInstances": 4, "configuredDbConnectionBudget": 100, "configuredReplicas": 4, "seed": 42, "durationSeconds": 900, "timestamp": "2026-07-05T09:08:42Z", "openLoopAttemptedOps": 7201, "openLoopMissedOpportunities": 0, "openLoopSchedulingDelayMs": 0.0, "clientPooling": "hikari"}, "attemptedRps": 7.712426420817232, "achievedThroughputRps": 5.235153498813308, "successfulThroughputRps": 5.235153498813308, "errorThroughputRps": 2.740744231477753, "totalThroughputRps": 7.975897730291061, "errorRate": 0.34362830670068484, "totalRequests": 7447, "successfulRequests": 4888, "failedRequests": 2559, "latencyMs": {"p50": 29261.823, "p95": 37126.143, "p99": 42237.951, "p999": 58228.735, "max": 66715.647, "mean": 29458.59620001705, "meanSuccessful": 29175.045237315873, "meanFailed": 30000.291648204377, "meanTotal": 29458.59620001705}, "errorsByType": {"SQLTransientConnectionException": 2559}, "firstErrorMessageByType": {"SQLTransientConnectionException": "HikariPool-1 - Connection is not available, request timed out after 30000ms (total=8, active=8, idle=0, waiting=240)"}, "appCpuMedian": 0.17532577713119338, "gcPauseMsTotal": 13}