{"runInfo": {"sut": "PGBOUNCER", "workload": "W5_HTAP", "loadMode": "open-loop", "targetRps": 12, "concurrency": 0, "poolSize": 20, "instanceId": 0, "totalInstances": 4, "configuredDbConnectionBudget": 100, "configuredReplicas": 4, "seed": 42, "durationSeconds": 900, "timestamp": "2026-07-12T14:49:59Z", "openLoopAttemptedOps": 10801, "openLoopMissedOpportunities": 0, "openLoopSchedulingDelayMs": 0.0, "clientPooling": "hikari"}, "attemptedRps": 11.55178517380084, "achievedThroughputRps": 5.17215379136199, "successfulThroughputRps": 5.17215379136199, "errorThroughputRps": 6.771072302132498, "totalThroughputRps": 11.943226093494488, "errorRate": 0.5669383003492433, "totalRequests": 11167, "successfulRequests": 4836, "failedRequests": 6331, "latencyMs": {"p50": 29917.183, "p95": 38666.239, "p99": 43515.903, "p999": 59179.007, "max": 70189.055, "mean": 30451.362986700904, "meanSuccessful": 31042.035432588917, "meanFailed": 30000.167283798295, "meanTotal": 30451.362986700904}, "errorsByType": {"SQLTransientConnectionException": 6331}, "firstErrorMessageByType": {"SQLTransientConnectionException": "HikariPool-1 - Connection is not available, request timed out after 30000ms (total=9, active=9, idle=0, waiting=360)"}, "appCpuMedian": 0.1502253380070105, "gcPauseMsTotal": 14}