{"runInfo": {"sut": "PGBOUNCER", "workload": "W5_HTAP", "loadMode": "open-loop", "targetRps": 12, "concurrency": 0, "poolSize": 20, "instanceId": 1, "totalInstances": 2, "configuredDbConnectionBudget": 100, "configuredReplicas": 2, "seed": 42, "durationSeconds": 900, "timestamp": "2026-05-31T11:23:50Z", "openLoopAttemptedOps": 14401, "openLoopMissedOpportunities": 0, "openLoopSchedulingDelayMs": 0.17884, "clientPooling": "hikari"}, "attemptedRps": 7.971147118992304, "achievedThroughputRps": 1.2656714479281366, "successfulThroughputRps": 1.2656714479281366, "errorThroughputRps": 6.978535983445165, "totalThroughputRps": 8.244207431373303, "errorRate": 0.8464774863485811, "totalRequests": 11171, "successfulRequests": 1715, "failedRequests": 9456, "latencyMs": {"p50": 29097.983, "p95": 60030.975, "p99": 60030.975, "p999": 62128.127, "max": 65404.927, "mean": 30614.08500156414, "meanSuccessful": 31022.826971428574, "meanFailed": 30000.185123951145, "meanTotal": 30614.08500156414}, "errorsByType": {"SQLTransientConnectionException": 9456}, "firstErrorMessageByType": {"SQLTransientConnectionException": "HikariPool-1 - Connection is not available, request timed out after 30000ms (total=10, active=10, idle=0, waiting=360)"}, "appCpuMedian": 0.1500750375187594, "gcPauseMsTotal": 11}