{"runInfo": {"sut": "PGBOUNCER", "workload": "W5_HTAP", "loadMode": "open-loop", "targetRps": 4, "concurrency": 0, "poolSize": 20, "instanceId": 14, "totalInstances": 16, "configuredDbConnectionBudget": 100, "configuredReplicas": 16, "seed": 42, "durationSeconds": 900, "timestamp": "2026-07-15T21:31:26Z", "openLoopAttemptedOps": 3601, "openLoopMissedOpportunities": 0, "openLoopSchedulingDelayMs": 0.0, "clientPooling": "hikari"}, "attemptedRps": 3.85130806507331, "achievedThroughputRps": 1.663089153343237, "successfulThroughputRps": 1.663089153343237, "errorThroughputRps": 2.3208382397137135, "totalThroughputRps": 3.9839273930569505, "errorRate": 0.5825503355704698, "totalRequests": 3725, "successfulRequests": 1555, "failedRequests": 2170, "latencyMs": {"p50": 31473.663, "p95": 44826.623, "p99": 73072.639, "p999": 103219.199, "max": 108331.007, "mean": 31009.889340652346, "meanSuccessful": 32418.662564630224, "meanFailed": 30000.24791089954, "meanTotal": 31009.889340652346}, "errorsByType": {"SQLTransientConnectionException": 2170}, "firstErrorMessageByType": {"SQLTransientConnectionException": "HikariPool-1 - Connection is not available, request timed out after 30000ms (total=5, active=5, idle=0, waiting=120)"}, "appCpuMedian": 0.025021894157387717, "gcPauseMsTotal": 3}