{"runInfo": {"sut": "PGBOUNCER", "workload": "W5_HTAP", "loadMode": "open-loop", "targetRps": 3, "concurrency": 0, "poolSize": 20, "instanceId": 6, "totalInstances": 16, "configuredDbConnectionBudget": 100, "configuredReplicas": 16, "seed": 42, "durationSeconds": 900, "timestamp": "2026-07-15T09:53:01Z", "openLoopAttemptedOps": 2701, "openLoopMissedOpportunities": 0, "openLoopSchedulingDelayMs": 0.0, "clientPooling": "hikari"}, "attemptedRps": 2.8887484264823686, "achievedThroughputRps": 1.6117526392850536, "successfulThroughputRps": 1.6117526392850536, "errorThroughputRps": 1.3711127296373182, "totalThroughputRps": 2.982865368922372, "errorRate": 0.45966296163499465, "totalRequests": 2789, "successfulRequests": 1507, "failedRequests": 1282, "latencyMs": {"p50": 31490.047, "p95": 49545.215, "p99": 76283.903, "p999": 104398.847, "max": 105381.887, "mean": 31985.003066734313, "meanSuccessful": 33673.228358327804, "meanFailed": 30000.305590630265, "meanTotal": 31985.003066734313}, "errorsByType": {"SQLTransientConnectionException": 1282}, "firstErrorMessageByType": {"SQLTransientConnectionException": "HikariPool-1 - Connection is not available, request timed out after 30000ms (total=10, active=10, idle=0, waiting=83)"}, "appCpuMedian": 0.02502815667626079, "gcPauseMsTotal": 2}