{"runInfo": {"sut": "PGBOUNCER", "workload": "W5_HTAP", "loadMode": "open-loop", "targetRps": 5, "concurrency": 0, "poolSize": 20, "instanceId": 2, "totalInstances": 4, "configuredDbConnectionBudget": 100, "configuredReplicas": 4, "seed": 42, "durationSeconds": 1800, "timestamp": "2026-05-22T18:40:19Z", "openLoopAttemptedOps": 10501, "openLoopMissedOpportunities": 0, "openLoopSchedulingDelayMs": 0.127473, "clientPooling": "hikari"}, "attemptedRps": 3.991551268218853, "achievedThroughputRps": 0.7090868212289686, "successfulThroughputRps": 0.7090868212289686, "errorThroughputRps": 3.3525305619080688, "totalThroughputRps": 4.061617383137038, "errorRate": 0.8254176220111366, "totalRequests": 9159, "successfulRequests": 1599, "failedRequests": 7560, "latencyMs": {"p50": 29540.351, "p95": 60030.975, "p99": 60030.975, "p999": 65634.303, "max": 65667.071, "mean": 31120.90014277312, "meanSuccessful": 33197.583479674795, "meanFailed": 30000.285207264682, "meanTotal": 31120.90014277312}, "errorsByType": {"SQLTransientConnectionException": 7560}, "firstErrorMessageByType": {"SQLTransientConnectionException": "HikariPool-1 - Connection is not available, request timed out after 30000ms (total=8, active=8, idle=0, waiting=150)"}, "appCpuMedian": 0.1502253380070105, "gcPauseMsTotal": 4316}