{"runInfo": {"sut": "PGBOUNCER", "workload": "W5_HTAP", "loadMode": "open-loop", "targetRps": 2, "concurrency": 0, "poolSize": 20, "instanceId": 0, "totalInstances": 16, "configuredDbConnectionBudget": 100, "configuredReplicas": 16, "seed": 42, "durationSeconds": 900, "timestamp": "2026-07-15T08:13:49Z", "openLoopAttemptedOps": 1800, "openLoopMissedOpportunities": 0, "openLoopSchedulingDelayMs": 0.0, "clientPooling": "hikari"}, "attemptedRps": 1.9261867278140934, "achievedThroughputRps": 1.5732485711352202, "successfulThroughputRps": 1.5732485711352202, "errorThroughputRps": 0.3582857045073411, "totalThroughputRps": 1.9315342756425613, "errorRate": 0.18549280177187155, "totalRequests": 1806, "successfulRequests": 1471, "failedRequests": 335, "latencyMs": {"p50": 23789.567, "p95": 40075.263, "p99": 73596.927, "p999": 102760.447, "max": 103219.199, "mean": 23855.560971117942, "meanSuccessful": 22456.142355540447, "meanFailed": 30000.455562862688, "meanTotal": 23855.560971117942}, "errorsByType": {"SQLTransientConnectionException": 335}, "firstErrorMessageByType": {"SQLTransientConnectionException": "HikariPool-1 - Connection is not available, request timed out after 30000ms (total=8, active=8, idle=0, waiting=42)"}, "appCpuMedian": 0.02501876407305479, "gcPauseMsTotal": 1}