{"runInfo": {"sut": "HIKARI_DISCIPLINED", "workload": "W5_HTAP", "loadMode": "open-loop", "targetRps": 12, "concurrency": 0, "poolSize": 20, "instanceId": 0, "totalInstances": 4, "configuredDbConnectionBudget": 80, "configuredReplicas": 4, "seed": 42, "durationSeconds": 900, "timestamp": "2026-07-05T11:44:31Z", "openLoopAttemptedOps": 10801, "openLoopMissedOpportunities": 0, "openLoopSchedulingDelayMs": 0.0, "clientPooling": "hikari"}, "attemptedRps": 11.55178517380084, "achievedThroughputRps": 4.044889503501044, "successfulThroughputRps": 4.044889503501044, "errorThroughputRps": 7.891919525736172, "totalThroughputRps": 11.936809029237216, "errorRate": 0.6611414747782457, "totalRequests": 11161, "successfulRequests": 3782, "failedRequests": 7379, "latencyMs": {"p50": 29360.127, "p95": 81199.103, "p99": 181272.575, "p999": 195821.567, "max": 199491.583, "mean": 31087.772570619476, "meanSuccessful": 33209.63890613432, "meanFailed": 30000.191853894295, "meanTotal": 31087.772570619476}, "errorsByType": {"SQLTransientConnectionException": 7379}, "firstErrorMessageByType": {"SQLTransientConnectionException": "HikariPool-1 - Connection is not available, request timed out after 30000ms (total=20, active=20, idle=0, waiting=360)"}, "appCpuMedian": 0.2004008016032064, "gcPauseMsTotal": 19}