{"runInfo": {"sut": "PGBOUNCER", "workload": "W5_HTAP", "loadMode": "open-loop", "targetRps": 8, "concurrency": 0, "poolSize": 20, "instanceId": 2, "totalInstances": 4, "configuredDbConnectionBudget": 100, "configuredReplicas": 4, "seed": 42, "durationSeconds": 900, "timestamp": "2026-07-05T10:42:31Z", "openLoopAttemptedOps": 7201, "openLoopMissedOpportunities": 0, "openLoopSchedulingDelayMs": 0.0, "clientPooling": "hikari"}, "attemptedRps": 7.7015466194370745, "achievedThroughputRps": 5.025630824154258, "successfulThroughputRps": 5.025630824154258, "errorThroughputRps": 2.9336678762832795, "totalThroughputRps": 7.959298700437537, "errorRate": 0.36858371405536144, "totalRequests": 7442, "successfulRequests": 4699, "failedRequests": 2743, "latencyMs": {"p50": 29392.895, "p95": 37519.359, "p99": 44400.639, "p999": 60850.175, "max": 67764.223, "mean": 29727.044775017872, "meanSuccessful": 29567.5717897425, "meanFailed": 30000.24114922676, "meanTotal": 29727.044775017872}, "errorsByType": {"SQLTransientConnectionException": 2743}, "firstErrorMessageByType": {"SQLTransientConnectionException": "HikariPool-1 - Connection is not available, request timed out after 30000ms (total=11, active=11, idle=0, waiting=240)"}, "appCpuMedian": 0.15015015015015015, "gcPauseMsTotal": 12}