{"runInfo": {"sut": "HIKARI_DISCIPLINED", "workload": "W5_HTAP", "loadMode": "open-loop", "targetRps": 4, "concurrency": 0, "poolSize": 19, "instanceId": 3, "totalInstances": 16, "configuredDbConnectionBudget": 300, "configuredReplicas": 16, "seed": 42, "durationSeconds": 900, "timestamp": "2026-07-15T17:39:09Z", "openLoopAttemptedOps": 3601, "openLoopMissedOpportunities": 0, "openLoopSchedulingDelayMs": 0.0, "clientPooling": "hikari"}, "attemptedRps": 3.8513121840929365, "achievedThroughputRps": 1.303734949294443, "successfulThroughputRps": 1.303734949294443, "errorThroughputRps": 2.648111349018081, "totalThroughputRps": 3.951846298312524, "errorRate": 0.6700947225981055, "totalRequests": 3695, "successfulRequests": 1219, "failedRequests": 2476, "latencyMs": {"p50": 22986.751, "p95": 152698.879, "p99": 386138.111, "p999": 436731.903, "max": 446431.231, "mean": 31025.58095711881, "meanSuccessful": 33108.41289663659, "meanFailed": 30000.277161652666, "meanTotal": 31025.58095711881}, "errorsByType": {"SQLTransientConnectionException": 2476}, "firstErrorMessageByType": {"SQLTransientConnectionException": "HikariPool-1 - Connection is not available, request timed out after 30000ms (total=19, active=19, idle=0, waiting=112)"}, "appCpuMedian": 0.025025025025025023, "gcPauseMsTotal": 0}