{"runInfo": {"sut": "HIKARI_DISCIPLINED", "workload": "W5_HTAP", "loadMode": "open-loop", "targetRps": 2, "concurrency": 0, "poolSize": 19, "instanceId": 3, "totalInstances": 16, "configuredDbConnectionBudget": 300, "configuredReplicas": 16, "seed": 42, "durationSeconds": 900, "timestamp": "2026-07-15T07:40:34Z", "openLoopAttemptedOps": 1800, "openLoopMissedOpportunities": 0, "openLoopSchedulingDelayMs": 0.0, "clientPooling": "hikari"}, "attemptedRps": 1.9261887878914277, "achievedThroughputRps": 1.566833189484143, "successfulThroughputRps": 1.566833189484143, "errorThroughputRps": 0.34866049131182975, "totalThroughputRps": 1.9154936807959728, "errorRate": 0.1820212171970966, "totalRequests": 1791, "successfulRequests": 1465, "failedRequests": 326, "latencyMs": {"p50": 76.863, "p95": 43646.975, "p99": 238813.183, "p999": 413138.943, "max": 418906.111, "mean": 17591.717427677275, "meanSuccessful": 14830.460527645051, "meanFailed": 30000.41270148773, "meanTotal": 17591.717427677275}, "errorsByType": {"SQLTransientConnectionException": 326}, "firstErrorMessageByType": {"SQLTransientConnectionException": "HikariPool-1 - Connection is not available, request timed out after 30001ms (total=19, active=19, idle=0, waiting=35)"}, "appCpuMedian": 0.025025025025025023, "gcPauseMsTotal": 0}