{"runInfo": {"sut": "PGBOUNCER", "workload": "W5_HTAP", "loadMode": "open-loop", "targetRps": 12, "concurrency": 0, "poolSize": 20, "instanceId": 1, "totalInstances": 2, "configuredDbConnectionBudget": 100, "configuredReplicas": 2, "seed": 42, "durationSeconds": 900, "timestamp": "2026-05-31T13:03:57Z", "openLoopAttemptedOps": 14401, "openLoopMissedOpportunities": 0, "openLoopSchedulingDelayMs": 0.14609, "clientPooling": "hikari"}, "attemptedRps": 7.971147118992304, "achievedThroughputRps": 1.1712073398611968, "successfulThroughputRps": 1.1712073398611968, "errorThroughputRps": 7.070786088979286, "totalThroughputRps": 8.241993428840482, "errorRate": 0.857897564469914, "totalRequests": 11168, "successfulRequests": 1587, "failedRequests": 9581, "latencyMs": {"p50": 29376.511, "p95": 60030.975, "p99": 60030.975, "p999": 66224.127, "max": 66256.895, "mean": 30635.70787300788, "meanSuccessful": 31566.378188405797, "meanFailed": 30000.18532873792, "meanTotal": 30635.70787300788}, "errorsByType": {"SQLTransientConnectionException": 9581}, "firstErrorMessageByType": {"SQLTransientConnectionException": "HikariPool-1 - Connection is not available, request timed out after 30000ms (total=7, active=7, idle=0, waiting=360)"}, "appCpuMedian": 0.15015015015015015, "gcPauseMsTotal": 6}