{"runInfo": {"sut": "PGBOUNCER", "workload": "W5_HTAP", "loadMode": "open-loop", "targetRps": 3, "concurrency": 0, "poolSize": 20, "instanceId": 14, "totalInstances": 16, "configuredDbConnectionBudget": 100, "configuredReplicas": 16, "seed": 42, "durationSeconds": 900, "timestamp": "2026-07-15T09:53:19Z", "openLoopAttemptedOps": 2701, "openLoopMissedOpportunities": 0, "openLoopSchedulingDelayMs": 0.0, "clientPooling": "hikari"}, "attemptedRps": 2.8887515160330524, "achievedThroughputRps": 1.5828775430318094, "successfulThroughputRps": 1.5828775430318094, "errorThroughputRps": 1.4021300398072312, "totalThroughputRps": 2.9850075828390406, "errorRate": 0.4697241132210677, "totalRequests": 2791, "successfulRequests": 1480, "failedRequests": 1311, "latencyMs": {"p50": 31571.967, "p95": 50561.023, "p99": 79626.239, "p999": 104202.239, "max": 108527.615, "mean": 31814.85916070333, "meanSuccessful": 33422.179329729726, "meanFailed": 30000.303923543095, "meanTotal": 31814.85916070333}, "errorsByType": {"SQLTransientConnectionException": 1311}, "firstErrorMessageByType": {"SQLTransientConnectionException": "HikariPool-1 - Connection is not available, request timed out after 30000ms (total=7, active=7, idle=0, waiting=90)"}, "appCpuMedian": 0.025025025025025023, "gcPauseMsTotal": 2}