{"runInfo": {"sut": "HIKARI_DISCIPLINED", "workload": "W5_HTAP", "loadMode": "open-loop", "targetRps": 12, "concurrency": 0, "poolSize": 20, "instanceId": 0, "totalInstances": 4, "configuredDbConnectionBudget": 80, "configuredReplicas": 4, "seed": 42, "durationSeconds": 900, "timestamp": "2026-07-02T14:08:38Z", "openLoopAttemptedOps": 10801, "openLoopMissedOpportunities": 0, "openLoopSchedulingDelayMs": 0.0, "clientPooling": "hikari"}, "attemptedRps": 10.237837059055476, "achievedThroughputRps": 3.3762777154296457, "successfulThroughputRps": 3.3762777154296457, "errorThroughputRps": 7.221746185810913, "totalThroughputRps": 10.598023901240559, "errorRate": 0.6814238440211072, "totalRequests": 11181, "successfulRequests": 3562, "failedRequests": 7619, "latencyMs": {"p50": 29523.967, "p95": 88997.887, "p99": 147980.287, "p999": 218365.951, "max": 222691.327, "mean": 31492.936100445037, "meanSuccessful": 34685.98815665357, "meanFailed": 30000.21930888319, "meanTotal": 31492.936100445037}, "errorsByType": {"SQLTransientConnectionException": 7619}, "firstErrorMessageByType": {"SQLTransientConnectionException": "HikariPool-1 - Connection is not available, request timed out after 30000ms (total=20, active=20, idle=0, waiting=360)"}, "appCpuMedian": 0.2502502502502503, "gcPauseMsTotal": 17}