{"runInfo": {"sut": "PGBOUNCER", "workload": "W5_HTAP", "loadMode": "open-loop", "targetRps": 2, "concurrency": 0, "poolSize": 20, "instanceId": 11, "totalInstances": 16, "configuredDbConnectionBudget": 100, "configuredReplicas": 16, "seed": 42, "durationSeconds": 900, "timestamp": "2026-07-15T08:13:58Z", "openLoopAttemptedOps": 1801, "openLoopMissedOpportunities": 0, "openLoopSchedulingDelayMs": 0.0, "clientPooling": "hikari"}, "attemptedRps": 1.927889854439499, "achievedThroughputRps": 1.5971191909071252, "successfulThroughputRps": 1.5971191909071252, "errorThroughputRps": 0.332911573975949, "totalThroughputRps": 1.9300307648830741, "errorRate": 0.17249029395452026, "totalRequests": 1803, "successfulRequests": 1492, "failedRequests": 311, "latencyMs": {"p50": 23281.663, "p95": 39256.063, "p99": 76021.759, "p999": 97845.247, "max": 100794.367, "mean": 23807.69948936883, "meanSuccessful": 22516.814672922254, "meanFailed": 30000.55295378135, "meanTotal": 23807.69948936883}, "errorsByType": {"SQLTransientConnectionException": 311}, "firstErrorMessageByType": {"SQLTransientConnectionException": "HikariPool-1 - Connection is not available, request timed out after 30000ms (total=9, active=9, idle=0, waiting=43)"}, "appCpuMedian": 0.025025025025025023, "gcPauseMsTotal": 1}