{"runInfo": {"sut": "HIKARI_DISCIPLINED", "workload": "W5_HTAP", "loadMode": "open-loop", "targetRps": 4, "concurrency": 0, "poolSize": 20, "instanceId": 1, "totalInstances": 4, "configuredDbConnectionBudget": 80, "configuredReplicas": 4, "seed": 42, "durationSeconds": 900, "timestamp": "2026-07-11T19:26:14Z", "openLoopAttemptedOps": 3600, "openLoopMissedOpportunities": 0, "openLoopSchedulingDelayMs": 0.0, "clientPooling": "hikari"}, "attemptedRps": 3.8513039460624934, "achievedThroughputRps": 3.4021099284712, "successfulThroughputRps": 3.4021099284712, "errorThroughputRps": 0.43422088367158357, "totalThroughputRps": 3.8363308121427835, "errorRate": 0.11318650683022025, "totalRequests": 3587, "successfulRequests": 3181, "failedRequests": 406, "latencyMs": {"p50": 14311.423, "p95": 39419.903, "p99": 112590.847, "p999": 231866.367, "max": 239468.543, "mean": 18458.186237022303, "meanSuccessful": 16985.162108456458, "meanFailed": 30000.413153115765, "meanTotal": 18458.186237022303}, "errorsByType": {"SQLTransientConnectionException": 406}, "firstErrorMessageByType": {"SQLTransientConnectionException": "HikariPool-1 - Connection is not available, request timed out after 30000ms (total=20, active=20, idle=0, waiting=81)"}, "appCpuMedian": 0.15015015015015015, "gcPauseMsTotal": 16}