{"runInfo": {"sut": "HIKARI_DISCIPLINED", "workload": "W5_HTAP", "loadMode": "open-loop", "targetRps": 2, "concurrency": 0, "poolSize": 19, "instanceId": 7, "totalInstances": 16, "configuredDbConnectionBudget": 300, "configuredReplicas": 16, "seed": 42, "durationSeconds": 900, "timestamp": "2026-07-15T06:01:55Z", "openLoopAttemptedOps": 1800, "openLoopMissedOpportunities": 0, "openLoopSchedulingDelayMs": 0.0, "clientPooling": "hikari"}, "attemptedRps": 1.9261887878914277, "achievedThroughputRps": 1.115499670055946, "successfulThroughputRps": 1.115499670055946, "errorThroughputRps": 0.8085500964163905, "totalThroughputRps": 1.9240497664723366, "errorRate": 0.42023346303501946, "totalRequests": 1799, "successfulRequests": 1043, "failedRequests": 756, "latencyMs": {"p50": 2543.615, "p95": 116981.759, "p99": 418906.111, "p999": 584581.119, "max": 597164.031, "mean": 25481.198344406333, "meanSuccessful": 22205.085191754555, "meanFailed": 30000.353066653435, "meanTotal": 25481.198344406333}, "errorsByType": {"SQLTransientConnectionException": 756}, "firstErrorMessageByType": {"SQLTransientConnectionException": "HikariPool-1 - Connection is not available, request timed out after 30001ms (total=19, active=19, idle=0, waiting=46)"}, "appCpuMedian": 0.02501876407305479, "gcPauseMsTotal": 0}