{"runInfo": {"sut": "HIKARI_DISCIPLINED", "workload": "W5_HTAP", "loadMode": "open-loop", "targetRps": 8, "concurrency": 0, "poolSize": 20, "instanceId": 3, "totalInstances": 4, "configuredDbConnectionBudget": 80, "configuredReplicas": 4, "seed": 42, "durationSeconds": 900, "timestamp": "2026-07-02T04:46:12Z", "openLoopAttemptedOps": 7201, "openLoopMissedOpportunities": 0, "openLoopSchedulingDelayMs": 0.0, "clientPooling": "hikari"}, "attemptedRps": 6.825540659407322, "achievedThroughputRps": 3.2284115381115592, "successfulThroughputRps": 3.2284115381115592, "errorThroughputRps": 3.8227198277169463, "totalThroughputRps": 7.051131365828505, "errorRate": 0.542142761123807, "totalRequests": 7439, "successfulRequests": 3406, "failedRequests": 4033, "latencyMs": {"p50": 28704.767, "p95": 86048.767, "p99": 203292.671, "p999": 211681.279, "max": 216006.655, "mean": 31512.319127177576, "meanSuccessful": 33302.851579565475, "meanFailed": 30000.226754222414, "meanTotal": 31512.319127177576}, "errorsByType": {"SQLTransientConnectionException": 4033}, "firstErrorMessageByType": {"SQLTransientConnectionException": "HikariPool-1 - Connection is not available, request timed out after 30000ms (total=20, active=20, idle=0, waiting=232)"}, "appCpuMedian": 0.2004008016032064, "gcPauseMsTotal": 11}