{"runInfo": {"sut": "PGBOUNCER", "workload": "W5_HTAP", "loadMode": "open-loop", "targetRps": 4, "concurrency": 0, "poolSize": 20, "instanceId": 15, "totalInstances": 16, "configuredDbConnectionBudget": 100, "configuredReplicas": 16, "seed": 42, "durationSeconds": 900, "timestamp": "2026-07-16T00:50:43Z", "openLoopAttemptedOps": 3601, "openLoopMissedOpportunities": 0, "openLoopSchedulingDelayMs": 0.0, "clientPooling": "hikari"}, "attemptedRps": 3.8513121840929365, "achievedThroughputRps": 1.5796690074716098, "successfulThroughputRps": 1.5796690074716098, "errorThroughputRps": 2.40747118200311, "totalThroughputRps": 3.98714018947472, "errorRate": 0.6038090128755365, "totalRequests": 3728, "successfulRequests": 1477, "failedRequests": 2251, "latencyMs": {"p50": 31752.191, "p95": 49741.823, "p99": 91947.007, "p999": 104792.063, "max": 106037.247, "mean": 31464.997613311425, "meanSuccessful": 33697.45527420447, "meanFailed": 30000.289839414927, "meanTotal": 31464.997613311425}, "errorsByType": {"SQLTransientConnectionException": 2251}, "firstErrorMessageByType": {"SQLTransientConnectionException": "HikariPool-1 - Connection is not available, request timed out after 30000ms (total=9, active=9, idle=0, waiting=120)"}, "appCpuMedian": 0.02502815667626079, "gcPauseMsTotal": 2}