{"runInfo": {"sut": "PGBOUNCER", "workload": "W5_HTAP", "loadMode": "open-loop", "targetRps": 3, "concurrency": 0, "poolSize": 20, "instanceId": 13, "totalInstances": 16, "configuredDbConnectionBudget": 100, "configuredReplicas": 16, "seed": 42, "durationSeconds": 900, "timestamp": "2026-07-15T16:32:19Z", "openLoopAttemptedOps": 2701, "openLoopMissedOpportunities": 0, "openLoopSchedulingDelayMs": 0.0, "clientPooling": "hikari"}, "attemptedRps": 2.8887515160330524, "achievedThroughputRps": 1.7582774869893885, "successfulThroughputRps": 1.7582774869893885, "errorThroughputRps": 1.2320776551166517, "totalThroughputRps": 2.99035514210604, "errorRate": 0.41201716738197425, "totalRequests": 2796, "successfulRequests": 1644, "failedRequests": 1152, "latencyMs": {"p50": 29835.263, "p95": 46006.271, "p99": 73596.927, "p999": 103677.951, "max": 104267.775, "mean": 30997.198426221745, "meanSuccessful": 31695.779523114354, "meanFailed": 30000.384204881946, "meanTotal": 30997.198426221745}, "errorsByType": {"SQLTransientConnectionException": 1152}, "firstErrorMessageByType": {"SQLTransientConnectionException": "HikariPool-1 - Connection is not available, request timed out after 30000ms (total=7, active=7, idle=0, waiting=90)"}, "appCpuMedian": 0.025025025025025023, "gcPauseMsTotal": 2}