{"runInfo": {"sut": "HIKARI_DISCIPLINED", "workload": "W5_HTAP", "loadMode": "open-loop", "targetRps": 4, "concurrency": 0, "poolSize": 19, "instanceId": 15, "totalInstances": 16, "configuredDbConnectionBudget": 300, "configuredReplicas": 16, "seed": 42, "durationSeconds": 900, "timestamp": "2026-07-15T19:18:43Z", "openLoopAttemptedOps": 3601, "openLoopMissedOpportunities": 0, "openLoopSchedulingDelayMs": 0.0, "clientPooling": "hikari"}, "attemptedRps": 3.85130806507331, "achievedThroughputRps": 1.1743227590809482, "successfulThroughputRps": 1.1743227590809482, "errorThroughputRps": 2.797840016171002, "totalThroughputRps": 3.97216277525195, "errorRate": 0.7043618739903069, "totalRequests": 3714, "successfulRequests": 1098, "failedRequests": 2616, "latencyMs": {"p50": 26017.791, "p95": 168427.519, "p99": 404226.047, "p999": 445382.655, "max": 449052.671, "mean": 32323.404229039577, "meanSuccessful": 37858.13696994536, "meanFailed": 30000.269959643345, "meanTotal": 32323.404229039577}, "errorsByType": {"SQLTransientConnectionException": 2616}, "firstErrorMessageByType": {"SQLTransientConnectionException": "HikariPool-1 - Connection is not available, request timed out after 30000ms (total=19, active=19, idle=0, waiting=112)"}, "appCpuMedian": 0.025025025025025023, "gcPauseMsTotal": 0}