{"runInfo": {"sut": "HIKARI_DISCIPLINED", "workload": "W5_HTAP", "loadMode": "open-loop", "targetRps": 8, "concurrency": 0, "poolSize": 20, "instanceId": 0, "totalInstances": 4, "configuredDbConnectionBudget": 80, "configuredReplicas": 4, "seed": 42, "durationSeconds": 900, "timestamp": "2026-07-02T07:53:20Z", "openLoopAttemptedOps": 7200, "openLoopMissedOpportunities": 0, "openLoopSchedulingDelayMs": 0.0, "clientPooling": "hikari"}, "attemptedRps": 6.825540659407322, "achievedThroughputRps": 3.235046558888653, "successfulThroughputRps": 3.235046558888653, "errorThroughputRps": 3.836937729382147, "totalThroughputRps": 7.0719842882708, "errorRate": 0.5425546173435196, "totalRequests": 7461, "successfulRequests": 3413, "failedRequests": 4048, "latencyMs": {"p50": 28246.015, "p95": 87949.311, "p99": 207749.119, "p999": 219807.743, "max": 222298.111, "mean": 31259.976804589598, "meanSuccessful": 32754.039255786698, "meanFailed": 30000.213577646246, "meanTotal": 31259.976804589598}, "errorsByType": {"SQLTransientConnectionException": 4048}, "firstErrorMessageByType": {"SQLTransientConnectionException": "HikariPool-1 - Connection is not available, request timed out after 30000ms (total=20, active=20, idle=0, waiting=240)"}, "appCpuMedian": 0.15045135406218657, "gcPauseMsTotal": 13}