{"runInfo": {"sut": "HIKARI_DISCIPLINED", "workload": "W5_HTAP", "loadMode": "open-loop", "targetRps": 2, "concurrency": 0, "poolSize": 19, "instanceId": 2, "totalInstances": 16, "configuredDbConnectionBudget": 300, "configuredReplicas": 16, "seed": 42, "durationSeconds": 900, "timestamp": "2026-07-15T02:44:08Z", "openLoopAttemptedOps": 1801, "openLoopMissedOpportunities": 0, "openLoopSchedulingDelayMs": 0.0, "clientPooling": "hikari"}, "attemptedRps": 1.9261887878914277, "achievedThroughputRps": 1.2470494873300415, "successfulThroughputRps": 1.2470494873300415, "errorThroughputRps": 0.6727222363041133, "totalThroughputRps": 1.9197717236341547, "errorRate": 0.35041782729805016, "totalRequests": 1795, "successfulRequests": 1166, "failedRequests": 629, "latencyMs": {"p50": 4143.103, "p95": 72876.031, "p99": 386138.111, "p999": 577765.375, "max": 580911.103, "mean": 23913.68403419777, "meanSuccessful": 20630.88804631218, "meanFailed": 30000.305242290935, "meanTotal": 23913.68403419777}, "errorsByType": {"SQLTransientConnectionException": 629}, "firstErrorMessageByType": {"SQLTransientConnectionException": "HikariPool-1 - Connection is not available, request timed out after 30001ms (total=19, active=19, idle=0, waiting=46)"}, "appCpuMedian": 0.025021894157387717, "gcPauseMsTotal": 0}