{"runInfo": {"sut": "PGBOUNCER", "workload": "W5_HTAP", "loadMode": "open-loop", "targetRps": 12, "concurrency": 0, "poolSize": 20, "instanceId": 0, "totalInstances": 4, "configuredDbConnectionBudget": 100, "configuredReplicas": 4, "seed": 42, "durationSeconds": 900, "timestamp": "2026-07-12T16:24:33Z", "openLoopAttemptedOps": 10801, "openLoopMissedOpportunities": 0, "openLoopSchedulingDelayMs": 0.0, "clientPooling": "hikari"}, "attemptedRps": 11.551760464337777, "achievedThroughputRps": 4.741130834034752, "successfulThroughputRps": 4.741130834034752, "errorThroughputRps": 7.204208729541641, "totalThroughputRps": 11.945339563576393, "errorRate": 0.6030978601486257, "totalRequests": 11169, "successfulRequests": 4433, "failedRequests": 6736, "latencyMs": {"p50": 29884.415, "p95": 39157.759, "p99": 45285.375, "p999": 58654.719, "max": 62357.503, "mean": 30351.23698570472, "meanSuccessful": 30884.57127182495, "meanFailed": 30000.15403356903, "meanTotal": 30351.23698570472}, "errorsByType": {"SQLTransientConnectionException": 6736}, "firstErrorMessageByType": {"SQLTransientConnectionException": "HikariPool-1 - Connection is not available, request timed out after 30000ms (total=10, active=10, idle=0, waiting=360)"}, "appCpuMedian": 0.15007503751875936, "gcPauseMsTotal": 11}