{"runInfo": {"sut": "HIKARI_DISCIPLINED", "workload": "W5_HTAP", "loadMode": "open-loop", "targetRps": 3, "concurrency": 0, "poolSize": 19, "instanceId": 3, "totalInstances": 16, "configuredDbConnectionBudget": 300, "configuredReplicas": 16, "seed": 42, "durationSeconds": 900, "timestamp": "2026-07-15T15:57:03Z", "openLoopAttemptedOps": 2701, "openLoopMissedOpportunities": 0, "openLoopSchedulingDelayMs": 0.0, "clientPooling": "hikari"}, "attemptedRps": 2.8962350014491873, "achievedThroughputRps": 1.3679041975086819, "successfulThroughputRps": 1.3679041975086819, "errorThroughputRps": 1.61496117141369, "totalThroughputRps": 2.982865368922372, "errorRate": 0.5414126927214056, "totalRequests": 2789, "successfulRequests": 1279, "failedRequests": 1510, "latencyMs": {"p50": 20103.167, "p95": 135004.159, "p99": 379322.367, "p999": 438566.911, "max": 440139.775, "mean": 29580.438212035857, "meanSuccessful": 29084.571326035966, "meanFailed": 30000.30103252053, "meanTotal": 29580.438212035857}, "errorsByType": {"SQLTransientConnectionException": 1510}, "firstErrorMessageByType": {"SQLTransientConnectionException": "HikariPool-1 - Connection is not available, request timed out after 30000ms (total=19, active=19, idle=0, waiting=80)"}, "appCpuMedian": 0.025021894157387717, "gcPauseMsTotal": 0}