{"runInfo": {"sut": "HIKARI_DISCIPLINED", "workload": "W5_HTAP", "loadMode": "open-loop", "targetRps": 4, "concurrency": 0, "poolSize": 19, "instanceId": 9, "totalInstances": 16, "configuredDbConnectionBudget": 300, "configuredReplicas": 16, "seed": 42, "durationSeconds": 900, "timestamp": "2026-07-15T17:39:14Z", "openLoopAttemptedOps": 3601, "openLoopMissedOpportunities": 0, "openLoopSchedulingDelayMs": 0.0, "clientPooling": "hikari"}, "attemptedRps": 3.8598641507496736, "achievedThroughputRps": 1.3582786011227723, "successfulThroughputRps": 1.3582786011227723, "errorThroughputRps": 2.6224402598055416, "totalThroughputRps": 3.980718860928314, "errorRate": 0.6587855991402471, "totalRequests": 3722, "successfulRequests": 1270, "failedRequests": 2452, "latencyMs": {"p50": 24805.375, "p95": 142344.191, "p99": 408682.495, "p999": 442236.927, "max": 443023.359, "mean": 31134.973772258196, "meanSuccessful": 33325.54309685039, "meanFailed": 30000.280610169655, "meanTotal": 31134.973772258196}, "errorsByType": {"SQLTransientConnectionException": 2452}, "firstErrorMessageByType": {"SQLTransientConnectionException": "HikariPool-1 - Connection is not available, request timed out after 30000ms (total=19, active=19, idle=0, waiting=112)"}, "appCpuMedian": 0.025025025025025023, "gcPauseMsTotal": 0}