{"runInfo": {"sut": "PGBOUNCER", "workload": "W5_HTAP", "loadMode": "open-loop", "targetRps": 12, "concurrency": 0, "poolSize": 20, "instanceId": 0, "totalInstances": 4, "configuredDbConnectionBudget": 100, "configuredReplicas": 4, "seed": 42, "durationSeconds": 900, "timestamp": "2026-07-02T09:58:54Z", "openLoopAttemptedOps": 10801, "openLoopMissedOpportunities": 0, "openLoopSchedulingDelayMs": 0.0, "clientPooling": "hikari"}, "attemptedRps": 10.237837059055476, "achievedThroughputRps": 3.563006157299281, "successfulThroughputRps": 3.563006157299281, "errorThroughputRps": 7.027434863053171, "totalThroughputRps": 10.590441020352452, "errorRate": 0.6635639488051552, "totalRequests": 11173, "successfulRequests": 3759, "failedRequests": 7414, "latencyMs": {"p50": 29982.719, "p95": 40042.495, "p99": 46268.415, "p999": 66355.199, "max": 69271.551, "mean": 30567.67370315439, "meanSuccessful": 31686.954836924713, "meanFailed": 30000.19603610035, "meanTotal": 30567.67370315439}, "errorsByType": {"SQLTransientConnectionException": 7414}, "firstErrorMessageByType": {"SQLTransientConnectionException": "HikariPool-1 - Connection is not available, request timed out after 30000ms (total=15, active=15, idle=0, waiting=360)"}, "appCpuMedian": 0.1503006012024048, "gcPauseMsTotal": 11}