{"runInfo": {"sut": "HIKARI_DISCIPLINED", "workload": "W5_HTAP", "loadMode": "open-loop", "targetRps": 8, "concurrency": 0, "poolSize": 20, "instanceId": 0, "totalInstances": 4, "configuredDbConnectionBudget": 80, "configuredReplicas": 4, "seed": 42, "durationSeconds": 900, "timestamp": "2026-07-12T04:51:54Z", "openLoopAttemptedOps": 7201, "openLoopMissedOpportunities": 0, "openLoopSchedulingDelayMs": 0.0, "clientPooling": "hikari"}, "attemptedRps": 7.7015466194370745, "achievedThroughputRps": 3.546497512852845, "successfulThroughputRps": 3.546497512852845, "errorThroughputRps": 4.401036569779691, "totalThroughputRps": 7.9475340826325365, "errorRate": 0.5537612703539228, "totalRequests": 7431, "successfulRequests": 3316, "failedRequests": 4115, "latencyMs": {"p50": 28688.383, "p95": 92078.079, "p99": 132972.543, "p999": 241696.767, "max": 244842.495, "mean": 31443.77871025299, "meanSuccessful": 33235.00789354644, "meanFailed": 30000.17748066391, "meanTotal": 31443.77871025299}, "errorsByType": {"SQLTransientConnectionException": 4115}, "firstErrorMessageByType": {"SQLTransientConnectionException": "HikariPool-1 - Connection is not available, request timed out after 30000ms (total=20, active=20, idle=0, waiting=236)"}, "appCpuMedian": 0.15037593984962408, "gcPauseMsTotal": 12}