{"runInfo": {"sut": "PGBOUNCER", "workload": "W5_HTAP", "loadMode": "open-loop", "targetRps": 2, "concurrency": 0, "poolSize": 20, "instanceId": 15, "totalInstances": 16, "configuredDbConnectionBudget": 100, "configuredReplicas": 16, "seed": 42, "durationSeconds": 900, "timestamp": "2026-07-15T08:14:01Z", "openLoopAttemptedOps": 1801, "openLoopMissedOpportunities": 0, "openLoopSchedulingDelayMs": 0.0, "clientPooling": "hikari"}, "attemptedRps": 1.9415696420871065, "achievedThroughputRps": 1.5189736955584303, "successfulThroughputRps": 1.5189736955584303, "errorThroughputRps": 0.4247520482966796, "totalThroughputRps": 1.9437257438551099, "errorRate": 0.2185246810870771, "totalRequests": 1803, "successfulRequests": 1409, "failedRequests": 394, "latencyMs": {"p50": 26066.943, "p95": 40402.943, "p99": 72351.743, "p999": 99221.503, "max": 101056.511, "mean": 25694.4220208203, "meanSuccessful": 24490.18654222853, "meanFailed": 30000.49308135533, "meanTotal": 25694.4220208203}, "errorsByType": {"SQLTransientConnectionException": 394}, "firstErrorMessageByType": {"SQLTransientConnectionException": "HikariPool-1 - Connection is not available, request timed out after 30001ms (total=6, active=6, idle=0, waiting=44)"}, "appCpuMedian": 0.025025025025025023, "gcPauseMsTotal": 2}