{"runInfo": {"sut": "HIKARI_DISCIPLINED", "workload": "W5_HTAP", "loadMode": "open-loop", "targetRps": 2, "concurrency": 0, "poolSize": 19, "instanceId": 5, "totalInstances": 16, "configuredDbConnectionBudget": 300, "configuredReplicas": 16, "seed": 42, "durationSeconds": 900, "timestamp": "2026-07-15T07:40:36Z", "openLoopAttemptedOps": 1801, "openLoopMissedOpportunities": 0, "openLoopSchedulingDelayMs": 0.0, "clientPooling": "hikari"}, "attemptedRps": 1.9261867278140934, "achievedThroughputRps": 1.4662976145658646, "successfulThroughputRps": 1.4662976145658646, "errorThroughputRps": 0.4481245080255998, "totalThroughputRps": 1.9144221225914644, "errorRate": 0.2340782122905028, "totalRequests": 1790, "successfulRequests": 1371, "failedRequests": 419, "latencyMs": {"p50": 41.919, "p95": 61603.839, "p99": 239861.759, "p999": 413401.087, "max": 434372.607, "mean": 17643.431074180447, "meanSuccessful": 13866.848439824946, "meanFailed": 30000.35688200716, "meanTotal": 17643.431074180447}, "errorsByType": {"SQLTransientConnectionException": 419}, "firstErrorMessageByType": {"SQLTransientConnectionException": "HikariPool-1 - Connection is not available, request timed out after 30000ms (total=19, active=19, idle=0, waiting=46)"}, "appCpuMedian": 0.025025025025025023, "gcPauseMsTotal": 0}