{"runInfo": {"sut": "PGBOUNCER", "workload": "W5_HTAP", "loadMode": "open-loop", "targetRps": 8, "concurrency": 0, "poolSize": 20, "instanceId": 0, "totalInstances": 4, "configuredDbConnectionBudget": 100, "configuredReplicas": 4, "seed": 42, "durationSeconds": 900, "timestamp": "2026-07-05T07:35:19Z", "openLoopAttemptedOps": 7201, "openLoopMissedOpportunities": 0, "openLoopSchedulingDelayMs": 0.0, "clientPooling": "hikari"}, "attemptedRps": 7.7015466194370745, "achievedThroughputRps": 5.136859937946989, "successfulThroughputRps": 5.136859937946989, "errorThroughputRps": 2.8331338695860033, "totalThroughputRps": 7.969993807532992, "errorRate": 0.355475040257649, "totalRequests": 7452, "successfulRequests": 4803, "failedRequests": 2649, "latencyMs": {"p50": 29310.975, "p95": 37158.911, "p99": 44335.103, "p999": 59113.471, "max": 65339.391, "mean": 29598.168227824477, "meanSuccessful": 29376.407705184258, "meanFailed": 30000.247872410342, "meanTotal": 29598.168227824477}, "errorsByType": {"SQLTransientConnectionException": 2649}, "firstErrorMessageByType": {"SQLTransientConnectionException": "HikariPool-1 - Connection is not available, request timed out after 30000ms (total=12, active=12, idle=0, waiting=240)"}, "appCpuMedian": 0.1503006012024048, "gcPauseMsTotal": 12}