{"runInfo": {"sut": "PGBOUNCER", "workload": "W5_HTAP", "loadMode": "open-loop", "targetRps": 2, "concurrency": 0, "poolSize": 20, "instanceId": 6, "totalInstances": 16, "configuredDbConnectionBudget": 100, "configuredReplicas": 16, "seed": 42, "durationSeconds": 900, "timestamp": "2026-07-15T03:17:26Z", "openLoopAttemptedOps": 1801, "openLoopMissedOpportunities": 0, "openLoopSchedulingDelayMs": 0.0, "clientPooling": "hikari"}, "attemptedRps": 1.9261887878914277, "achievedThroughputRps": 1.3326103440936807, "successfulThroughputRps": 1.3326103440936807, "errorThroughputRps": 0.6374283828891121, "totalThroughputRps": 1.9700387269827928, "errorRate": 0.32356134636264927, "totalRequests": 1842, "successfulRequests": 1246, "failedRequests": 596, "latencyMs": {"p50": 26902.527, "p95": 48955.391, "p99": 82378.751, "p999": 117571.583, "max": 126484.479, "mean": 27355.26130094137, "meanSuccessful": 26090.115038523276, "meanFailed": 30000.366463550334, "meanTotal": 27355.26130094137}, "errorsByType": {"SQLTransientConnectionException": 596}, "firstErrorMessageByType": {"SQLTransientConnectionException": "HikariPool-1 - Connection is not available, request timed out after 30000ms (total=10, active=10, idle=0, waiting=41)"}, "appCpuMedian": 0.025015634771732333, "gcPauseMsTotal": 1}