{"runInfo": {"sut": "PGBOUNCER", "workload": "W5_HTAP", "loadMode": "open-loop", "targetRps": 2, "concurrency": 0, "poolSize": 20, "instanceId": 15, "totalInstances": 16, "configuredDbConnectionBudget": 100, "configuredReplicas": 16, "seed": 42, "durationSeconds": 900, "timestamp": "2026-07-15T04:56:30Z", "openLoopAttemptedOps": 1800, "openLoopMissedOpportunities": 0, "openLoopSchedulingDelayMs": 0.0, "clientPooling": "hikari"}, "attemptedRps": 1.9279579595974519, "achievedThroughputRps": 1.3209884076309026, "successfulThroughputRps": 1.3209884076309026, "errorThroughputRps": 0.6412253291498465, "totalThroughputRps": 1.962213736780749, "errorRate": 0.32678668848881615, "totalRequests": 1833, "successfulRequests": 1234, "failedRequests": 599, "latencyMs": {"p50": 25772.031, "p95": 46661.631, "p99": 98041.855, "p999": 119144.447, "max": 123076.607, "mean": 27090.937066161485, "meanSuccessful": 25678.502729335494, "meanFailed": 30000.38402772788, "meanTotal": 27090.937066161485}, "errorsByType": {"SQLTransientConnectionException": 599}, "firstErrorMessageByType": {"SQLTransientConnectionException": "HikariPool-1 - Connection is not available, request timed out after 30000ms (total=7, active=7, idle=0, waiting=47)"}, "appCpuMedian": 0.025021894157387717, "gcPauseMsTotal": 1}