{"runInfo": {"sut": "PGBOUNCER", "workload": "W5_HTAP", "loadMode": "open-loop", "targetRps": 5, "concurrency": 0, "poolSize": 20, "instanceId": 0, "totalInstances": 4, "configuredDbConnectionBudget": 100, "configuredReplicas": 4, "seed": 42, "durationSeconds": 1800, "timestamp": "2026-05-22T14:36:12Z", "openLoopAttemptedOps": 10501, "openLoopMissedOpportunities": 0, "openLoopSchedulingDelayMs": 0.144138, "clientPooling": "hikari"}, "attemptedRps": 3.991551268218853, "achievedThroughputRps": 0.8261593170416313, "successfulThroughputRps": 0.8261593170416313, "errorThroughputRps": 3.2345711532483405, "totalThroughputRps": 4.060730470289972, "errorRate": 0.7965490881293, "totalRequests": 9157, "successfulRequests": 1863, "failedRequests": 7294, "latencyMs": {"p50": 28852.223, "p95": 60030.975, "p99": 60030.975, "p999": 64520.191, "max": 64552.959, "mean": 30628.4369196773, "meanSuccessful": 30719.813118625872, "meanFailed": 30000.30908299013, "meanTotal": 30628.4369196773}, "errorsByType": {"SQLTransientConnectionException": 7294}, "firstErrorMessageByType": {"SQLTransientConnectionException": "HikariPool-1 - Connection is not available, request timed out after 30000ms (total=6, active=6, idle=0, waiting=150)"}, "appCpuMedian": 0.15007503751875936, "gcPauseMsTotal": 3502}