{"runInfo": {"sut": "PGBOUNCER", "workload": "W5_HTAP", "loadMode": "open-loop", "targetRps": 5, "concurrency": 0, "poolSize": 20, "instanceId": 1, "totalInstances": 4, "configuredDbConnectionBudget": 100, "configuredReplicas": 4, "seed": 42, "durationSeconds": 1800, "timestamp": "2026-05-22T14:36:14Z", "openLoopAttemptedOps": 10501, "openLoopMissedOpportunities": 0, "openLoopSchedulingDelayMs": 0.129132, "clientPooling": "hikari"}, "attemptedRps": 3.991549498140588, "achievedThroughputRps": 0.7587536041904839, "successfulThroughputRps": 0.7587536041904839, "errorThroughputRps": 3.301088152889516, "totalThroughputRps": 4.05984175708, "errorRate": 0.8131075914800655, "totalRequests": 9155, "successfulRequests": 1711, "failedRequests": 7444, "latencyMs": {"p50": 29130.751, "p95": 60030.975, "p99": 60030.975, "p999": 65765.375, "max": 65961.983, "mean": 30801.21666275041, "meanSuccessful": 31904.70875043834, "meanFailed": 30000.25761384605, "meanTotal": 30801.21666275041}, "errorsByType": {"SQLTransientConnectionException": 7444}, "firstErrorMessageByType": {"SQLTransientConnectionException": "HikariPool-1 - Connection is not available, request timed out after 30000ms (total=4, active=4, idle=0, waiting=150)"}, "appCpuMedian": 0.10080645161290322, "gcPauseMsTotal": 3635}