{"runInfo": {"sut": "HIKARI_DISCIPLINED", "workload": "W5_HTAP", "loadMode": "open-loop", "targetRps": 2, "concurrency": 0, "poolSize": 19, "instanceId": 11, "totalInstances": 16, "configuredDbConnectionBudget": 300, "configuredReplicas": 16, "seed": 42, "durationSeconds": 900, "timestamp": "2026-07-15T02:44:15Z", "openLoopAttemptedOps": 1801, "openLoopMissedOpportunities": 0, "openLoopSchedulingDelayMs": 0.0, "clientPooling": "hikari"}, "attemptedRps": 1.9261887878914277, "achievedThroughputRps": 1.1037350522509457, "successfulThroughputRps": 1.1037350522509457, "errorThroughputRps": 0.8171061820927544, "totalThroughputRps": 1.9208412343437002, "errorRate": 0.42538975501113585, "totalRequests": 1796, "successfulRequests": 1032, "failedRequests": 764, "latencyMs": {"p50": 2258.943, "p95": 139198.463, "p99": 348651.519, "p999": 543162.367, "max": 546308.095, "mean": 25239.029026350778, "meanSuccessful": 21714.39563662791, "meanFailed": 30000.346099654453, "meanTotal": 25239.029026350778}, "errorsByType": {"SQLTransientConnectionException": 764}, "firstErrorMessageByType": {"SQLTransientConnectionException": "HikariPool-1 - Connection is not available, request timed out after 30001ms (total=19, active=19, idle=0, waiting=46)"}, "appCpuMedian": 0.025021894157387717, "gcPauseMsTotal": 0}