{"runInfo": {"sut": "PGBOUNCER", "workload": "W5_HTAP", "loadMode": "open-loop", "targetRps": 2, "concurrency": 0, "poolSize": 20, "instanceId": 0, "totalInstances": 16, "configuredDbConnectionBudget": 100, "configuredReplicas": 16, "seed": 42, "durationSeconds": 900, "timestamp": "2026-07-15T03:17:21Z", "openLoopAttemptedOps": 1801, "openLoopMissedOpportunities": 0, "openLoopSchedulingDelayMs": 0.0, "clientPooling": "hikari"}, "attemptedRps": 1.9261887878914277, "achievedThroughputRps": 1.2930384478404975, "successfulThroughputRps": 1.2930384478404975, "errorThroughputRps": 0.6491930006941125, "totalThroughputRps": 1.94223144853461, "errorRate": 0.3342511013215859, "totalRequests": 1816, "successfulRequests": 1209, "failedRequests": 607, "latencyMs": {"p50": 27394.047, "p95": 44630.015, "p99": 76218.367, "p999": 110428.159, "max": 122093.567, "mean": 27627.801016888767, "meanSuccessful": 26436.89436145575, "meanFailed": 30000.342633688637, "meanTotal": 27627.801016888767}, "errorsByType": {"SQLTransientConnectionException": 607}, "firstErrorMessageByType": {"SQLTransientConnectionException": "HikariPool-1 - Connection is not available, request timed out after 30001ms (total=7, active=7, idle=0, waiting=32)"}, "appCpuMedian": 0.025015634771732333, "gcPauseMsTotal": 1}