{"runInfo": {"sut": "HIKARI_DISCIPLINED", "workload": "W5_HTAP", "loadMode": "open-loop", "targetRps": 3, "concurrency": 0, "poolSize": 19, "instanceId": 2, "totalInstances": 16, "configuredDbConnectionBudget": 300, "configuredReplicas": 16, "seed": 42, "durationSeconds": 900, "timestamp": "2026-07-15T10:59:11Z", "openLoopAttemptedOps": 2701, "openLoopMissedOpportunities": 0, "openLoopSchedulingDelayMs": 0.0, "clientPooling": "hikari"}, "attemptedRps": 2.898377122713651, "achievedThroughputRps": 1.2673715462788475, "successfulThroughputRps": 1.2673715462788475, "errorThroughputRps": 1.7176360365601933, "totalThroughputRps": 2.9850075828390406, "errorRate": 0.5754209960587603, "totalRequests": 2791, "successfulRequests": 1185, "failedRequests": 1606, "latencyMs": {"p50": 19677.183, "p95": 144048.127, "p99": 391380.991, "p999": 434896.895, "max": 435683.327, "mean": 29832.141030777497, "meanSuccessful": 29604.399374683544, "meanFailed": 30000.251487176214, "meanTotal": 29832.141030777497}, "errorsByType": {"SQLTransientConnectionException": 1606}, "firstErrorMessageByType": {"SQLTransientConnectionException": "HikariPool-1 - Connection is not available, request timed out after 30000ms (total=19, active=19, idle=0, waiting=80)"}, "appCpuMedian": 0.025021894157387717, "gcPauseMsTotal": 0}