{"runInfo": {"sut": "PGBOUNCER", "workload": "W5_HTAP", "loadMode": "open-loop", "targetRps": 3, "concurrency": 0, "poolSize": 20, "instanceId": 10, "totalInstances": 16, "configuredDbConnectionBudget": 100, "configuredReplicas": 16, "seed": 42, "durationSeconds": 900, "timestamp": "2026-07-15T13:11:43Z", "openLoopAttemptedOps": 2701, "openLoopMissedOpportunities": 0, "openLoopSchedulingDelayMs": 0.0, "clientPooling": "hikari"}, "attemptedRps": 2.8887515160330524, "achievedThroughputRps": 1.6128238749270059, "successfulThroughputRps": 1.6128238749270059, "errorThroughputRps": 1.363627613084836, "totalThroughputRps": 2.9764514880118416, "errorRate": 0.4581386992454186, "totalRequests": 2783, "successfulRequests": 1508, "failedRequests": 1275, "latencyMs": {"p50": 30212.095, "p95": 45842.431, "p99": 74514.431, "p999": 102367.231, "max": 106233.855, "mean": 30972.266470296443, "meanSuccessful": 31794.08246153846, "meanFailed": 30000.31265735529, "meanTotal": 30972.266470296443}, "errorsByType": {"SQLTransientConnectionException": 1275}, "firstErrorMessageByType": {"SQLTransientConnectionException": "HikariPool-1 - Connection is not available, request timed out after 30000ms (total=15, active=15, idle=0, waiting=84)"}, "appCpuMedian": 0.025025025025025023, "gcPauseMsTotal": 2}