{"runInfo": {"sut": "HIKARI_DISCIPLINED", "workload": "W5_HTAP", "loadMode": "open-loop", "targetRps": 8, "concurrency": 0, "poolSize": 20, "instanceId": 0, "totalInstances": 4, "configuredDbConnectionBudget": 80, "configuredReplicas": 4, "seed": 42, "durationSeconds": 900, "timestamp": "2026-07-05T07:03:51Z", "openLoopAttemptedOps": 7200, "openLoopMissedOpportunities": 0, "openLoopSchedulingDelayMs": 0.0, "clientPooling": "hikari"}, "attemptedRps": 7.7015466194370745, "achievedThroughputRps": 4.16895274580832, "successfulThroughputRps": 4.16895274580832, "errorThroughputRps": 3.792484976048308, "totalThroughputRps": 7.961437721856628, "errorRate": 0.47635679742074155, "totalRequests": 7444, "successfulRequests": 3898, "failedRequests": 3546, "latencyMs": {"p50": 28344.319, "p95": 76873.727, "p99": 183894.015, "p999": 192806.911, "max": 195035.135, "mean": 30981.820156994087, "meanSuccessful": 31874.847820164185, "meanFailed": 30000.22210223717, "meanTotal": 30981.820156994087}, "errorsByType": {"SQLTransientConnectionException": 3546}, "firstErrorMessageByType": {"SQLTransientConnectionException": "HikariPool-1 - Connection is not available, request timed out after 30000ms (total=20, active=20, idle=0, waiting=240)"}, "appCpuMedian": 0.20020020020020018, "gcPauseMsTotal": 16}