{"runInfo": {"sut": "HIKARI_DISCIPLINED", "workload": "W5_HTAP", "loadMode": "open-loop", "targetRps": 8, "concurrency": 0, "poolSize": 20, "instanceId": 1, "totalInstances": 4, "configuredDbConnectionBudget": 80, "configuredReplicas": 4, "seed": 42, "durationSeconds": 900, "timestamp": "2026-07-02T06:19:49Z", "openLoopAttemptedOps": 7201, "openLoopMissedOpportunities": 0, "openLoopSchedulingDelayMs": 0.0, "clientPooling": "hikari"}, "attemptedRps": 6.825540659407322, "achievedThroughputRps": 3.297605326215536, "successfulThroughputRps": 3.297605326215536, "errorThroughputRps": 3.774378962055264, "totalThroughputRps": 7.0719842882708, "errorRate": 0.5337086181477014, "totalRequests": 7461, "successfulRequests": 3479, "failedRequests": 3982, "latencyMs": {"p50": 28786.687, "p95": 88342.527, "p99": 207749.119, "p999": 216662.015, "max": 223215.615, "mean": 31499.041117688514, "meanSuccessful": 33214.204732106926, "meanFailed": 30000.247636537923, "meanTotal": 31499.041117688514}, "errorsByType": {"SQLTransientConnectionException": 3982}, "firstErrorMessageByType": {"SQLTransientConnectionException": "HikariPool-1 - Connection is not available, request timed out after 30000ms (total=20, active=20, idle=0, waiting=240)"}, "appCpuMedian": 0.20050125313283207, "gcPauseMsTotal": 14}