{"runInfo": {"sut": "HIKARI_DISCIPLINED", "workload": "W5_HTAP", "loadMode": "open-loop", "targetRps": 12, "concurrency": 0, "poolSize": 20, "instanceId": 1, "totalInstances": 4, "configuredDbConnectionBudget": 80, "configuredReplicas": 4, "seed": 42, "durationSeconds": 900, "timestamp": "2026-07-05T16:26:28Z", "openLoopAttemptedOps": 10801, "openLoopMissedOpportunities": 0, "openLoopSchedulingDelayMs": 0.0, "clientPooling": "hikari"}, "attemptedRps": 11.55178517380084, "achievedThroughputRps": 4.040611460662862, "successfulThroughputRps": 4.040611460662862, "errorThroughputRps": 7.897267079283899, "totalThroughputRps": 11.93787853994676, "errorRate": 0.6615301917219136, "totalRequests": 11162, "successfulRequests": 3778, "failedRequests": 7384, "latencyMs": {"p50": 29491.199, "p95": 79364.095, "p99": 171966.463, "p999": 183500.799, "max": 186777.599, "mean": 31367.735037492475, "meanSuccessful": 34040.35858549497, "meanFailed": 30000.241923946232, "meanTotal": 31367.735037492475}, "errorsByType": {"SQLTransientConnectionException": 7384}, "firstErrorMessageByType": {"SQLTransientConnectionException": "HikariPool-1 - Connection is not available, request timed out after 30000ms (total=20, active=20, idle=0, waiting=360)"}, "appCpuMedian": 0.250501002004008, "gcPauseMsTotal": 19}