{"runInfo": {"sut": "HIKARI_DISCIPLINED", "workload": "W5_HTAP", "loadMode": "open-loop", "targetRps": 2, "concurrency": 0, "poolSize": 19, "instanceId": 6, "totalInstances": 16, "configuredDbConnectionBudget": 300, "configuredReplicas": 16, "seed": 42, "durationSeconds": 900, "timestamp": "2026-07-15T04:23:11Z", "openLoopAttemptedOps": 1801, "openLoopMissedOpportunities": 0, "openLoopSchedulingDelayMs": 0.0, "clientPooling": "hikari"}, "attemptedRps": 1.9261908479731682, "achievedThroughputRps": 1.029939914824076, "successfulThroughputRps": 1.029939914824076, "errorThroughputRps": 0.8930423975888925, "totalThroughputRps": 1.9229823124129686, "errorRate": 0.46440489432703, "totalRequests": 1798, "successfulRequests": 963, "failedRequests": 835, "latencyMs": {"p50": 3037.183, "p95": 152043.519, "p99": 397148.159, "p999": 626524.159, "max": 626524.159, "mean": 26257.818977560622, "meanSuccessful": 23012.617329179648, "meanFailed": 30000.28723271976, "meanTotal": 26257.818977560622}, "errorsByType": {"SQLTransientConnectionException": 835}, "firstErrorMessageByType": {"SQLTransientConnectionException": "HikariPool-1 - Connection is not available, request timed out after 30001ms (total=19, active=19, idle=0, waiting=43)"}, "appCpuMedian": 0.025015634771732333, "gcPauseMsTotal": 0}