{"runInfo": {"sut": "PGBOUNCER", "workload": "W5_HTAP", "loadMode": "open-loop", "targetRps": 4, "concurrency": 0, "poolSize": 20, "instanceId": 9, "totalInstances": 16, "configuredDbConnectionBudget": 100, "configuredReplicas": 16, "seed": 42, "durationSeconds": 900, "timestamp": "2026-07-15T18:12:25Z", "openLoopAttemptedOps": 3601, "openLoopMissedOpportunities": 0, "openLoopSchedulingDelayMs": 0.0, "clientPooling": "hikari"}, "attemptedRps": 3.85130806507331, "achievedThroughputRps": 1.66950621760051, "successfulThroughputRps": 1.66950621760051, "errorThroughputRps": 2.3122821540373497, "totalThroughputRps": 3.9817883716378595, "errorRate": 0.5807144775718507, "totalRequests": 3723, "successfulRequests": 1561, "failedRequests": 2162, "latencyMs": {"p50": 31178.751, "p95": 47480.831, "p99": 79167.487, "p999": 104071.167, "max": 113901.567, "mean": 31193.355845862476, "meanSuccessful": 32845.65016271621, "meanFailed": 30000.304484066142, "meanTotal": 31193.355845862476}, "errorsByType": {"SQLTransientConnectionException": 2162}, "firstErrorMessageByType": {"SQLTransientConnectionException": "HikariPool-1 - Connection is not available, request timed out after 30000ms (total=9, active=9, idle=0, waiting=120)"}, "appCpuMedian": 0.02502815667626079, "gcPauseMsTotal": 2}