{"runInfo": {"sut": "PGBOUNCER", "workload": "W5_HTAP", "loadMode": "open-loop", "targetRps": 2, "concurrency": 0, "poolSize": 20, "instanceId": 1, "totalInstances": 16, "configuredDbConnectionBudget": 100, "configuredReplicas": 16, "seed": 42, "durationSeconds": 900, "timestamp": "2026-07-15T01:38:29Z", "openLoopAttemptedOps": 1801, "openLoopMissedOpportunities": 0, "openLoopSchedulingDelayMs": 0.0, "clientPooling": "hikari"}, "attemptedRps": 1.9261908479731682, "achievedThroughputRps": 1.2834142240798456, "successfulThroughputRps": 1.2834142240798456, "errorThroughputRps": 0.66416686096132, "totalThroughputRps": 1.9475810850411657, "errorRate": 0.34102141680395387, "totalRequests": 1821, "successfulRequests": 1200, "failedRequests": 621, "latencyMs": {"p50": 27885.567, "p95": 48857.087, "p99": 101974.015, "p999": 120389.631, "max": 125042.687, "mean": 28217.232779660077, "meanSuccessful": 27294.377174166668, "meanFailed": 30000.397973460545, "meanTotal": 28217.232779660077}, "errorsByType": {"SQLTransientConnectionException": 621}, "firstErrorMessageByType": {"SQLTransientConnectionException": "HikariPool-1 - Connection is not available, request timed out after 30000ms (total=5, active=5, idle=0, waiting=41)"}, "appCpuMedian": 0.02501876407305479, "gcPauseMsTotal": 2}