{"runInfo": {"sut": "HIKARI_DISCIPLINED", "workload": "W5_HTAP", "loadMode": "open-loop", "targetRps": 3, "concurrency": 0, "poolSize": 19, "instanceId": 4, "totalInstances": 16, "configuredDbConnectionBudget": 300, "configuredReplicas": 16, "seed": 42, "durationSeconds": 900, "timestamp": "2026-07-15T15:57:04Z", "openLoopAttemptedOps": 2700, "openLoopMissedOpportunities": 0, "openLoopSchedulingDelayMs": 0.0, "clientPooling": "hikari"}, "attemptedRps": 2.898374022868278, "achievedThroughputRps": 1.3882249009900463, "successfulThroughputRps": 1.3882249009900463, "errorThroughputRps": 1.5967794893514167, "totalThroughputRps": 2.9850043903414627, "errorRate": 0.5349337155141526, "totalRequests": 2791, "successfulRequests": 1298, "failedRequests": 1493, "latencyMs": {"p50": 21364.735, "p95": 141033.471, "p99": 392953.855, "p999": 436731.903, "max": 438829.055, "mean": 30064.174311154067, "meanSuccessful": 30137.34348998459, "meanFailed": 30000.25623916209, "meanTotal": 30064.174311154067}, "errorsByType": {"SQLTransientConnectionException": 1493}, "firstErrorMessageByType": {"SQLTransientConnectionException": "HikariPool-1 - Connection is not available, request timed out after 30000ms (total=19, active=19, idle=0, waiting=80)"}, "appCpuMedian": 0.02501876407305479, "gcPauseMsTotal": 0}