{"runInfo": {"sut": "HIKARI_DISCIPLINED", "workload": "W5_HTAP", "loadMode": "open-loop", "targetRps": 3, "concurrency": 0, "poolSize": 19, "instanceId": 7, "totalInstances": 16, "configuredDbConnectionBudget": 300, "configuredReplicas": 16, "seed": 42, "durationSeconds": 900, "timestamp": "2026-07-15T10:59:14Z", "openLoopAttemptedOps": 2700, "openLoopMissedOpportunities": 0, "openLoopSchedulingDelayMs": 0.0, "clientPooling": "hikari"}, "attemptedRps": 2.8940959800300963, "achievedThroughputRps": 1.3807383260232278, "successfulThroughputRps": 1.3807383260232278, "errorThroughputRps": 1.5999880214800533, "totalThroughputRps": 2.980726347503281, "errorRate": 0.536777897380696, "totalRequests": 2787, "successfulRequests": 1291, "failedRequests": 1496, "latencyMs": {"p50": 20807.679, "p95": 142082.047, "p99": 379060.223, "p999": 430440.447, "max": 432013.311, "mean": 29971.78460562612, "meanSuccessful": 29938.80993261038, "meanFailed": 30000.308474411097, "meanTotal": 29971.78460562612}, "errorsByType": {"SQLTransientConnectionException": 1496}, "firstErrorMessageByType": {"SQLTransientConnectionException": "HikariPool-1 - Connection is not available, request timed out after 30000ms (total=19, active=19, idle=0, waiting=80)"}, "appCpuMedian": 0.02501876407305479, "gcPauseMsTotal": 0}