{"runInfo": {"sut": "HIKARI_DISCIPLINED", "workload": "W5_HTAP", "loadMode": "open-loop", "targetRps": 12, "concurrency": 0, "poolSize": 20, "instanceId": 0, "totalInstances": 4, "configuredDbConnectionBudget": 80, "configuredReplicas": 4, "seed": 42, "durationSeconds": 900, "timestamp": "2026-07-12T09:34:56Z", "openLoopAttemptedOps": 10800, "openLoopMissedOpportunities": 0, "openLoopSchedulingDelayMs": 0.0, "clientPooling": "hikari"}, "attemptedRps": 11.55178517380084, "achievedThroughputRps": 4.210663663480594, "successfulThroughputRps": 4.210663663480594, "errorThroughputRps": 7.728284387175711, "totalThroughputRps": 11.938948050656306, "errorRate": 0.647317029472364, "totalRequests": 11163, "successfulRequests": 3937, "failedRequests": 7226, "latencyMs": {"p50": 29425.663, "p95": 80936.959, "p99": 117702.655, "p999": 196214.783, "max": 199884.799, "mean": 31162.308909519128, "meanSuccessful": 33295.21053111506, "meanFailed": 30000.180525429696, "meanTotal": 31162.308909519128}, "errorsByType": {"SQLTransientConnectionException": 7226}, "firstErrorMessageByType": {"SQLTransientConnectionException": "HikariPool-1 - Connection is not available, request timed out after 30000ms (total=20, active=20, idle=0, waiting=360)"}, "appCpuMedian": 0.20020020020020018, "gcPauseMsTotal": 19}