{"runInfo": {"sut": "HIKARI_DISCIPLINED", "workload": "W5_HTAP", "loadMode": "open-loop", "targetRps": 8, "concurrency": 0, "poolSize": 20, "instanceId": 3, "totalInstances": 4, "configuredDbConnectionBudget": 80, "configuredReplicas": 4, "seed": 42, "durationSeconds": 900, "timestamp": "2026-07-02T07:53:23Z", "openLoopAttemptedOps": 7200, "openLoopMissedOpportunities": 0, "openLoopSchedulingDelayMs": 0.0, "clientPooling": "hikari"}, "attemptedRps": 6.8255471290711816, "achievedThroughputRps": 3.1288891922044115, "successfulThroughputRps": 3.1288891922044115, "errorThroughputRps": 3.942153938315101, "totalThroughputRps": 7.071043130519513, "errorRate": 0.5575067024128686, "totalRequests": 7460, "successfulRequests": 3301, "failedRequests": 4159, "latencyMs": {"p50": 28770.303, "p95": 89260.031, "p99": 209453.055, "p999": 220725.247, "max": 221904.895, "mean": 31729.342525364074, "meanSuccessful": 33907.761732202365, "meanFailed": 30000.23954392811, "meanTotal": 31729.342525364074}, "errorsByType": {"SQLTransientConnectionException": 4159}, "firstErrorMessageByType": {"SQLTransientConnectionException": "HikariPool-1 - Connection is not available, request timed out after 30000ms (total=20, active=20, idle=0, waiting=239)"}, "appCpuMedian": 0.2004008016032064, "gcPauseMsTotal": 12}