{"runInfo": {"sut": "PGBOUNCER", "workload": "W5_HTAP", "loadMode": "open-loop", "targetRps": 2, "concurrency": 0, "poolSize": 20, "instanceId": 6, "totalInstances": 16, "configuredDbConnectionBudget": 100, "configuredReplicas": 16, "seed": 42, "durationSeconds": 900, "timestamp": "2026-07-15T04:56:23Z", "openLoopAttemptedOps": 1801, "openLoopMissedOpportunities": 0, "openLoopSchedulingDelayMs": 0.0, "clientPooling": "hikari"}, "attemptedRps": 1.9261929080593152, "achievedThroughputRps": 1.4737889102197315, "successfulThroughputRps": 1.4737889102197315, "errorThroughputRps": 0.4866284137517981, "totalThroughputRps": 1.9604173239715297, "errorRate": 0.24822695035460993, "totalRequests": 1833, "successfulRequests": 1378, "failedRequests": 455, "latencyMs": {"p50": 24772.607, "p95": 43253.759, "p99": 75235.327, "p999": 112459.775, "max": 114294.783, "mean": 26082.07259355101, "meanSuccessful": 24788.47850072569, "meanFailed": 30000.38951025714, "meanTotal": 26082.07259355101}, "errorsByType": {"SQLTransientConnectionException": 455}, "firstErrorMessageByType": {"SQLTransientConnectionException": "HikariPool-1 - Connection is not available, request timed out after 30000ms (total=8, active=8, idle=0, waiting=28)"}, "appCpuMedian": 0.02501876407305479, "gcPauseMsTotal": 1}