{"runInfo": {"sut": "HIKARI_DISCIPLINED", "workload": "W5_HTAP", "loadMode": "open-loop", "targetRps": 8, "concurrency": 0, "poolSize": 20, "instanceId": 1, "totalInstances": 4, "configuredDbConnectionBudget": 80, "configuredReplicas": 4, "seed": 42, "durationSeconds": 900, "timestamp": "2026-07-12T08:01:00Z", "openLoopAttemptedOps": 7201, "openLoopMissedOpportunities": 0, "openLoopSchedulingDelayMs": 0.0, "clientPooling": "hikari"}, "attemptedRps": 7.701554856332473, "achievedThroughputRps": 4.268421806918886, "successfulThroughputRps": 4.268421806918886, "errorThroughputRps": 3.688746382376156, "totalThroughputRps": 7.957168189295042, "errorRate": 0.4635752688172043, "totalRequests": 7440, "successfulRequests": 3991, "failedRequests": 3449, "latencyMs": {"p50": 28213.247, "p95": 74186.751, "p99": 115605.503, "p999": 198705.151, "max": 199360.511, "mean": 30806.696013574463, "meanSuccessful": 31503.77812427963, "meanFailed": 30000.206633249927, "meanTotal": 30806.696013574463}, "errorsByType": {"SQLTransientConnectionException": 3449}, "firstErrorMessageByType": {"SQLTransientConnectionException": "HikariPool-1 - Connection is not available, request timed out after 30000ms (total=20, active=20, idle=0, waiting=240)"}, "appCpuMedian": 0.20030045067601399, "gcPauseMsTotal": 15}