{"runInfo": {"sut": "PGBOUNCER", "workload": "W5_HTAP", "loadMode": "open-loop", "targetRps": 12, "concurrency": 0, "poolSize": 20, "instanceId": 0, "totalInstances": 2, "configuredDbConnectionBudget": 100, "configuredReplicas": 2, "seed": 42, "durationSeconds": 900, "timestamp": "2026-05-31T13:03:55Z", "openLoopAttemptedOps": 14401, "openLoopMissedOpportunities": 0, "openLoopSchedulingDelayMs": 0.113351, "clientPooling": "hikari"}, "attemptedRps": 7.971147118992304, "achievedThroughputRps": 0.9785891195059527, "successfulThroughputRps": 0.9785891195059527, "errorThroughputRps": 7.266356312711622, "totalThroughputRps": 8.244945432217575, "errorRate": 0.8813104189044039, "totalRequests": 11172, "successfulRequests": 1326, "failedRequests": 9846, "latencyMs": {"p50": 29409.279, "p95": 60030.975, "p99": 60030.975, "p999": 64126.975, "max": 66355.199, "mean": 30591.40225588883, "meanSuccessful": 31962.513377073905, "meanFailed": 30000.254979569567, "meanTotal": 30591.40225588883}, "errorsByType": {"SQLTransientConnectionException": 9846}, "firstErrorMessageByType": {"SQLTransientConnectionException": "HikariPool-1 - Connection is not available, request timed out after 30000ms (total=11, active=11, idle=0, waiting=360)"}, "appCpuMedian": 0.20020020020020018, "gcPauseMsTotal": 8}