{"runInfo": {"sut": "HIKARI_DISCIPLINED", "workload": "W5_HTAP", "loadMode": "open-loop", "targetRps": 4, "concurrency": 0, "poolSize": 19, "instanceId": 8, "totalInstances": 16, "configuredDbConnectionBudget": 300, "configuredReplicas": 16, "seed": 42, "durationSeconds": 900, "timestamp": "2026-07-16T00:17:14Z", "openLoopAttemptedOps": 3601, "openLoopMissedOpportunities": 0, "openLoopSchedulingDelayMs": 0.0, "clientPooling": "hikari"}, "attemptedRps": 3.855590231506536, "achievedThroughputRps": 1.4898300117860206, "successfulThroughputRps": 1.4898300117860206, "errorThroughputRps": 2.4876845710081006, "totalThroughputRps": 3.977514582794121, "errorRate": 0.6254369454154343, "totalRequests": 3719, "successfulRequests": 1393, "failedRequests": 2326, "latencyMs": {"p50": 24264.703, "p95": 143654.911, "p99": 390856.703, "p999": 441712.639, "max": 444858.367, "mean": 31022.578470635657, "meanSuccessful": 32729.814417803304, "meanFailed": 30000.2241402227, "meanTotal": 31022.578470635657}, "errorsByType": {"SQLTransientConnectionException": 2326}, "firstErrorMessageByType": {"SQLTransientConnectionException": "HikariPool-1 - Connection is not available, request timed out after 30000ms (total=19, active=19, idle=0, waiting=112)"}, "appCpuMedian": 0.02502815667626079, "gcPauseMsTotal": 0}