{"runInfo": {"sut": "PGBOUNCER", "workload": "W5_HTAP", "loadMode": "open-loop", "targetRps": 3, "concurrency": 0, "poolSize": 20, "instanceId": 9, "totalInstances": 16, "configuredDbConnectionBudget": 100, "configuredReplicas": 16, "seed": 42, "durationSeconds": 900, "timestamp": "2026-07-15T16:32:16Z", "openLoopAttemptedOps": 2701, "openLoopMissedOpportunities": 0, "openLoopSchedulingDelayMs": 0.0, "clientPooling": "hikari"}, "attemptedRps": 2.8887484264823686, "achievedThroughputRps": 1.5999880214800533, "successfulThroughputRps": 1.5999880214800533, "errorThroughputRps": 1.3935724545377737, "totalThroughputRps": 2.993560476017827, "errorRate": 0.4655234012147195, "totalRequests": 2799, "successfulRequests": 1496, "failedRequests": 1303, "latencyMs": {"p50": 30130.175, "p95": 48627.711, "p99": 76283.903, "p999": 104267.775, "max": 117702.655, "mean": 31291.618403934623, "meanSuccessful": 32416.062459893048, "meanFailed": 30000.349032100537, "meanTotal": 31291.618403934623}, "errorsByType": {"SQLTransientConnectionException": 1303}, "firstErrorMessageByType": {"SQLTransientConnectionException": "HikariPool-1 - Connection is not available, request timed out after 30000ms (total=10, active=10, idle=0, waiting=89)"}, "appCpuMedian": 0.025025025025025023, "gcPauseMsTotal": 2}