{"runInfo": {"sut": "HIKARI_DISCIPLINED", "workload": "W5_HTAP", "loadMode": "open-loop", "targetRps": 5, "concurrency": 0, "poolSize": 19, "instanceId": 1, "totalInstances": 4, "configuredDbConnectionBudget": 75, "configuredReplicas": 4, "seed": 42, "durationSeconds": 1800, "timestamp": "2026-05-22T17:38:46Z", "openLoopAttemptedOps": 10501, "openLoopMissedOpportunities": 0, "openLoopSchedulingDelayMs": 0.129374, "clientPooling": "hikari"}, "attemptedRps": 3.992878096154571, "achievedThroughputRps": 0.6230557224674781, "successfulThroughputRps": 0.6230557224674781, "errorThroughputRps": 3.439888426462795, "totalThroughputRps": 4.062944148930273, "errorRate": 0.8466492032307357, "totalRequests": 9162, "successfulRequests": 1405, "failedRequests": 7757, "latencyMs": {"p50": 27246.591, "p95": 60030.975, "p99": 60030.975, "p999": 60030.975, "max": 60030.975, "mean": 32712.010578269917, "meanSuccessful": 25269.279632740214, "meanFailed": 30000.271744575995, "meanTotal": 32712.010578269917}, "errorsByType": {"SQLTransientConnectionException": 7757}, "firstErrorMessageByType": {"SQLTransientConnectionException": "HikariPool-1 - Connection is not available, request timed out after 30000ms (total=19, active=19, idle=0, waiting=145)"}, "appCpuMedian": 0.5020080321285141, "gcPauseMsTotal": 3132}