{"runInfo": {"sut": "HIKARI_DISCIPLINED", "workload": "W5_HTAP", "loadMode": "open-loop", "targetRps": 4, "concurrency": 0, "poolSize": 19, "instanceId": 10, "totalInstances": 16, "configuredDbConnectionBudget": 300, "configuredReplicas": 16, "seed": 42, "durationSeconds": 900, "timestamp": "2026-07-15T22:37:25Z", "openLoopAttemptedOps": 3601, "openLoopMissedOpportunities": 0, "openLoopSchedulingDelayMs": 0.0, "clientPooling": "hikari"}, "attemptedRps": 3.8587987670667356, "achievedThroughputRps": 1.1518642661116614, "successfulThroughputRps": 1.1518642661116614, "errorThroughputRps": 2.8277893403892596, "totalThroughputRps": 3.979653606500921, "errorRate": 0.7105616769685569, "totalRequests": 3721, "successfulRequests": 1077, "failedRequests": 2644, "latencyMs": {"p50": 25673.727, "p95": 166068.223, "p99": 394002.431, "p999": 443285.503, "max": 447741.951, "mean": 31960.41939686724, "meanSuccessful": 36772.222542246986, "meanFailed": 30000.22461271029, "meanTotal": 31960.41939686724}, "errorsByType": {"SQLTransientConnectionException": 2644}, "firstErrorMessageByType": {"SQLTransientConnectionException": "HikariPool-1 - Connection is not available, request timed out after 30000ms (total=19, active=19, idle=0, waiting=112)"}, "appCpuMedian": 0.02501876407305479, "gcPauseMsTotal": 0}