{"runInfo": {"sut": "HIKARI_DISCIPLINED", "workload": "W5_HTAP", "loadMode": "open-loop", "targetRps": 2, "concurrency": 0, "poolSize": 19, "instanceId": 8, "totalInstances": 16, "configuredDbConnectionBudget": 300, "configuredReplicas": 16, "seed": 42, "durationSeconds": 900, "timestamp": "2026-07-15T07:40:38Z", "openLoopAttemptedOps": 1801, "openLoopMissedOpportunities": 0, "openLoopSchedulingDelayMs": 0.0, "clientPooling": "hikari"}, "attemptedRps": 1.9261887878914277, "achievedThroughputRps": 1.4331443507909567, "successfulThroughputRps": 1.4331443507909567, "errorThroughputRps": 0.482349330005016, "totalThroughputRps": 1.9154936807959728, "errorRate": 0.2518146286990508, "totalRequests": 1791, "successfulRequests": 1340, "failedRequests": 451, "latencyMs": {"p50": 37.855, "p95": 53280.767, "p99": 241303.551, "p999": 424411.135, "max": 434110.463, "mean": 18487.472266522054, "meanSuccessful": 14613.352464925372, "meanFailed": 30000.317001532152, "meanTotal": 18487.472266522054}, "errorsByType": {"SQLTransientConnectionException": 451}, "firstErrorMessageByType": {"SQLTransientConnectionException": "HikariPool-1 - Connection is not available, request timed out after 30001ms (total=19, active=19, idle=0, waiting=35)"}, "appCpuMedian": 0.025025025025025023, "gcPauseMsTotal": 0}