{"runInfo": {"sut": "PGBOUNCER", "workload": "W5_HTAP", "loadMode": "open-loop", "targetRps": 8, "concurrency": 0, "poolSize": 20, "instanceId": 3, "totalInstances": 4, "configuredDbConnectionBudget": 100, "configuredReplicas": 4, "seed": 42, "durationSeconds": 900, "timestamp": "2026-07-02T03:44:10Z", "openLoopAttemptedOps": 7201, "openLoopMissedOpportunities": 0, "openLoopSchedulingDelayMs": 0.0, "clientPooling": "hikari"}, "attemptedRps": 6.843365708094957, "achievedThroughputRps": 4.039876076254918, "successfulThroughputRps": 4.039876076254918, "errorThroughputRps": 3.040123163476707, "totalThroughputRps": 7.079999239731626, "errorRate": 0.4293959731543624, "totalRequests": 7450, "successfulRequests": 4251, "failedRequests": 3199, "latencyMs": {"p50": 29343.743, "p95": 38010.879, "p99": 44138.495, "p999": 61046.783, "max": 68157.439, "mean": 29210.142183416243, "meanSuccessful": 28615.64679745942, "meanFailed": 30000.228082567053, "meanTotal": 29210.142183416243}, "errorsByType": {"SQLTransientConnectionException": 3199}, "firstErrorMessageByType": {"SQLTransientConnectionException": "HikariPool-1 - Connection is not available, request timed out after 30000ms (total=9, active=9, idle=0, waiting=240)"}, "appCpuMedian": 0.15015015015015015, "gcPauseMsTotal": 9}