{"runInfo": {"sut": "HIKARI_DISCIPLINED", "workload": "W5_HTAP", "loadMode": "open-loop", "targetRps": 3, "concurrency": 0, "poolSize": 19, "instanceId": 9, "totalInstances": 16, "configuredDbConnectionBudget": 300, "configuredReplicas": 16, "seed": 42, "durationSeconds": 900, "timestamp": "2026-07-15T14:17:56Z", "openLoopAttemptedOps": 2700, "openLoopMissedOpportunities": 0, "openLoopSchedulingDelayMs": 0.0, "clientPooling": "hikari"}, "attemptedRps": 2.898374022868278, "achievedThroughputRps": 1.300525022807316, "successfulThroughputRps": 1.300525022807316, "errorThroughputRps": 1.684479367534147, "totalThroughputRps": 2.9850043903414627, "errorRate": 0.5643138659978503, "totalRequests": 2791, "successfulRequests": 1216, "failedRequests": 1575, "latencyMs": {"p50": 21233.663, "p95": 136970.239, "p99": 371982.335, "p999": 424148.991, "max": 431489.023, "mean": 30380.61841872985, "meanSuccessful": 30873.636164473683, "meanFailed": 30000.310322128887, "meanTotal": 30380.61841872985}, "errorsByType": {"SQLTransientConnectionException": 1575}, "firstErrorMessageByType": {"SQLTransientConnectionException": "HikariPool-1 - Connection is not available, request timed out after 30000ms (total=19, active=19, idle=0, waiting=80)"}, "appCpuMedian": 0.025025025025025023, "gcPauseMsTotal": 0}