{"runInfo": {"sut": "HIKARI_DISCIPLINED", "workload": "W5_HTAP", "loadMode": "open-loop", "targetRps": 2, "concurrency": 0, "poolSize": 19, "instanceId": 10, "totalInstances": 16, "configuredDbConnectionBudget": 300, "configuredReplicas": 16, "seed": 42, "durationSeconds": 900, "timestamp": "2026-07-15T04:23:14Z", "openLoopAttemptedOps": 1801, "openLoopMissedOpportunities": 0, "openLoopSchedulingDelayMs": 0.0, "clientPooling": "hikari"}, "attemptedRps": 1.9261887878914277, "achievedThroughputRps": 1.0545375596118531, "successfulThroughputRps": 1.0545375596118531, "errorThroughputRps": 0.8695122068604835, "totalThroughputRps": 1.9240497664723366, "errorRate": 0.4519177320733741, "totalRequests": 1799, "successfulRequests": 986, "failedRequests": 813, "latencyMs": {"p50": 235.391, "p95": 143261.695, "p99": 444858.367, "p999": 603979.775, "max": 603979.775, "mean": 26792.108520457477, "meanSuccessful": 24147.492695740366, "meanFailed": 30000.291158286593, "meanTotal": 26792.108520457477}, "errorsByType": {"SQLTransientConnectionException": 813}, "firstErrorMessageByType": {"SQLTransientConnectionException": "HikariPool-1 - Connection is not available, request timed out after 30001ms (total=19, active=19, idle=0, waiting=46)"}, "appCpuMedian": 0.02501876407305479, "gcPauseMsTotal": 0}