{"runInfo": {"sut": "PGBOUNCER", "workload": "W5_HTAP", "loadMode": "open-loop", "targetRps": 4, "concurrency": 0, "poolSize": 20, "instanceId": 14, "totalInstances": 16, "configuredDbConnectionBudget": 100, "configuredReplicas": 16, "seed": 42, "durationSeconds": 900, "timestamp": "2026-07-15T19:51:55Z", "openLoopAttemptedOps": 3601, "openLoopMissedOpportunities": 0, "openLoopSchedulingDelayMs": 0.0, "clientPooling": "hikari"}, "attemptedRps": 3.8513121840929365, "achievedThroughputRps": 1.6427702068222023, "successfulThroughputRps": 1.6427702068222023, "errorThroughputRps": 2.3165626744641212, "totalThroughputRps": 3.9593328812863233, "errorRate": 0.5850891410048622, "totalRequests": 3702, "successfulRequests": 1536, "failedRequests": 2166, "latencyMs": {"p50": 31539.199, "p95": 46268.415, "p99": 72482.815, "p999": 100466.687, "max": 101580.799, "mean": 31514.62255978012, "meanSuccessful": 33649.99239583334, "meanFailed": 30000.299007036472, "meanTotal": 31514.62255978012}, "errorsByType": {"SQLTransientConnectionException": 2166}, "firstErrorMessageByType": {"SQLTransientConnectionException": "HikariPool-1 - Connection is not available, request timed out after 30000ms (total=8, active=8, idle=0, waiting=112)"}, "appCpuMedian": 0.025034422330704718, "gcPauseMsTotal": 2}