{"runInfo": {"sut": "HIKARI_DISCIPLINED", "workload": "W5_HTAP", "loadMode": "open-loop", "targetRps": 2, "concurrency": 0, "poolSize": 19, "instanceId": 3, "totalInstances": 16, "configuredDbConnectionBudget": 300, "configuredReplicas": 16, "seed": 42, "durationSeconds": 900, "timestamp": "2026-07-15T01:05:20Z", "openLoopAttemptedOps": 1801, "openLoopMissedOpportunities": 0, "openLoopSchedulingDelayMs": 0.0, "clientPooling": "hikari"}, "attemptedRps": 1.9261887878914277, "achievedThroughputRps": 1.1165691807654916, "successfulThroughputRps": 1.1165691807654916, "errorThroughputRps": 0.8064110749972996, "totalThroughputRps": 1.922980255762791, "errorRate": 0.41935483870967744, "totalRequests": 1798, "successfulRequests": 1044, "failedRequests": 754, "latencyMs": {"p50": 5484.543, "p95": 120586.239, "p99": 427294.719, "p999": 574619.647, "max": 613416.959, "mean": 25544.975580256396, "meanSuccessful": 22327.856775862067, "meanFailed": 30000.355319407165, "meanTotal": 25544.975580256396}, "errorsByType": {"SQLTransientConnectionException": 754}, "firstErrorMessageByType": {"SQLTransientConnectionException": "HikariPool-1 - Connection is not available, request timed out after 30001ms (total=19, active=19, idle=0, waiting=43)"}, "appCpuMedian": 0.02501876407305479, "gcPauseMsTotal": 0}