{"runInfo": {"sut": "HIKARI_DISCIPLINED", "workload": "W5_HTAP", "loadMode": "open-loop", "targetRps": 2, "concurrency": 0, "poolSize": 19, "instanceId": 12, "totalInstances": 16, "configuredDbConnectionBudget": 300, "configuredReplicas": 16, "seed": 42, "durationSeconds": 900, "timestamp": "2026-07-15T07:40:41Z", "openLoopAttemptedOps": 1800, "openLoopMissedOpportunities": 0, "openLoopSchedulingDelayMs": 0.0, "clientPooling": "hikari"}, "attemptedRps": 1.9261887878914277, "achievedThroughputRps": 1.4074760937618649, "successfulThroughputRps": 1.4074760937618649, "errorThroughputRps": 0.5101566084531988, "totalThroughputRps": 1.9176327022150637, "errorRate": 0.2660345789180145, "totalRequests": 1793, "successfulRequests": 1316, "failedRequests": 477, "latencyMs": {"p50": 36.159, "p95": 74842.111, "p99": 247070.719, "p999": 414187.519, "max": 427819.007, "mean": 18858.46446888288, "meanSuccessful": 14820.304806231003, "meanFailed": 30000.308288781973, "meanTotal": 18858.46446888288}, "errorsByType": {"SQLTransientConnectionException": 477}, "firstErrorMessageByType": {"SQLTransientConnectionException": "HikariPool-1 - Connection is not available, request timed out after 30001ms (total=19, active=19, idle=0, waiting=32)"}, "appCpuMedian": 0.025025025025025023, "gcPauseMsTotal": 0}