{"runInfo": {"sut": "HIKARI_DISCIPLINED", "workload": "W5_HTAP", "loadMode": "open-loop", "targetRps": 4, "concurrency": 0, "poolSize": 19, "instanceId": 7, "totalInstances": 16, "configuredDbConnectionBudget": 300, "configuredReplicas": 16, "seed": 42, "durationSeconds": 900, "timestamp": "2026-07-16T00:17:13Z", "openLoopAttemptedOps": 3601, "openLoopMissedOpportunities": 0, "openLoopSchedulingDelayMs": 0.0, "clientPooling": "hikari"}, "attemptedRps": 3.857725129330583, "achievedThroughputRps": 1.4064065830523196, "successfulThroughputRps": 1.4064065830523196, "errorThroughputRps": 2.5721732564569035, "totalThroughputRps": 3.9785798395092233, "errorRate": 0.646505376344086, "totalRequests": 3720, "successfulRequests": 1315, "failedRequests": 2405, "latencyMs": {"p50": 25509.887, "p95": 148766.719, "p99": 393215.999, "p999": 445644.799, "max": 446169.087, "mean": 31410.583466754568, "meanSuccessful": 33990.104448669204, "meanFailed": 30000.263153516422, "meanTotal": 31410.583466754568}, "errorsByType": {"SQLTransientConnectionException": 2405}, "firstErrorMessageByType": {"SQLTransientConnectionException": "HikariPool-1 - Connection is not available, request timed out after 30000ms (total=19, active=19, idle=0, waiting=112)"}, "appCpuMedian": 0.02502815667626079, "gcPauseMsTotal": 0}