{"runInfo": {"sut": "HIKARI_DISCIPLINED", "workload": "W5_HTAP", "loadMode": "open-loop", "targetRps": 4, "concurrency": 0, "poolSize": 19, "instanceId": 13, "totalInstances": 16, "configuredDbConnectionBudget": 300, "configuredReplicas": 16, "seed": 42, "durationSeconds": 900, "timestamp": "2026-07-15T17:39:17Z", "openLoopAttemptedOps": 3601, "openLoopMissedOpportunities": 0, "openLoopSchedulingDelayMs": 0.0, "clientPooling": "hikari"}, "attemptedRps": 3.85130806507331, "achievedThroughputRps": 1.3582786011227723, "successfulThroughputRps": 1.3582786011227723, "errorThroughputRps": 2.588215917100086, "totalThroughputRps": 3.9464945182228583, "errorRate": 0.6558265582655827, "totalRequests": 3690, "successfulRequests": 1270, "failedRequests": 2420, "latencyMs": {"p50": 25280.511, "p95": 152567.807, "p99": 395313.151, "p999": 444071.935, "max": 446431.231, "mean": 31675.365030095665, "meanSuccessful": 34866.82782362205, "meanFailed": 30000.27241873099, "meanTotal": 31675.365030095665}, "errorsByType": {"SQLTransientConnectionException": 2420}, "firstErrorMessageByType": {"SQLTransientConnectionException": "HikariPool-1 - Connection is not available, request timed out after 30000ms (total=19, active=19, idle=0, waiting=112)"}, "appCpuMedian": 0.025021894157387717, "gcPauseMsTotal": 0}