{"runInfo": {"sut": "PGBOUNCER", "workload": "W5_HTAP", "loadMode": "open-loop", "targetRps": 4, "concurrency": 0, "poolSize": 20, "instanceId": 3, "totalInstances": 16, "configuredDbConnectionBudget": 100, "configuredReplicas": 16, "seed": 42, "durationSeconds": 900, "timestamp": "2026-07-15T19:51:46Z", "openLoopAttemptedOps": 3601, "openLoopMissedOpportunities": 0, "openLoopSchedulingDelayMs": 0.0, "clientPooling": "hikari"}, "attemptedRps": 3.8513121840929365, "achievedThroughputRps": 1.5219153673880168, "successfulThroughputRps": 1.5219153673880168, "errorThroughputRps": 2.442765073165306, "totalThroughputRps": 3.9646804405533227, "errorRate": 0.6161316428378742, "totalRequests": 3707, "successfulRequests": 1423, "failedRequests": 2284, "latencyMs": {"p50": 31326.207, "p95": 51773.439, "p99": 92733.439, "p999": 108724.223, "max": 109903.871, "mean": 31497.52081485379, "meanSuccessful": 33900.62387631764, "meanFailed": 30000.29301155254, "meanTotal": 31497.52081485379}, "errorsByType": {"SQLTransientConnectionException": 2284}, "firstErrorMessageByType": {"SQLTransientConnectionException": "HikariPool-1 - Connection is not available, request timed out after 30000ms (total=12, active=12, idle=0, waiting=101)"}, "appCpuMedian": 0.02502815667626079, "gcPauseMsTotal": 2}