{"runInfo": {"sut": "HIKARI_DISCIPLINED", "workload": "W5_HTAP", "loadMode": "open-loop", "targetRps": 4, "concurrency": 0, "poolSize": 19, "instanceId": 9, "totalInstances": 16, "configuredDbConnectionBudget": 300, "configuredReplicas": 16, "seed": 42, "durationSeconds": 900, "timestamp": "2026-07-15T19:18:38Z", "openLoopAttemptedOps": 3601, "openLoopMissedOpportunities": 0, "openLoopSchedulingDelayMs": 0.0, "clientPooling": "hikari"}, "attemptedRps": 3.8545165972019464, "achievedThroughputRps": 1.3368883869318626, "successfulThroughputRps": 1.3368883869318626, "errorThroughputRps": 2.638482920448724, "totalThroughputRps": 3.9753713073805867, "errorRate": 0.6637072908259349, "totalRequests": 3717, "successfulRequests": 1250, "failedRequests": 2467, "latencyMs": {"p50": 25509.887, "p95": 147324.927, "p99": 375390.207, "p999": 427556.863, "max": 447217.663, "mean": 31683.411609854185, "meanSuccessful": 35005.552832, "meanFailed": 30000.274163061615, "meanTotal": 31683.411609854185}, "errorsByType": {"SQLTransientConnectionException": 2467}, "firstErrorMessageByType": {"SQLTransientConnectionException": "HikariPool-1 - Connection is not available, request timed out after 30000ms (total=19, active=19, idle=0, waiting=112)"}, "appCpuMedian": 0.025025025025025023, "gcPauseMsTotal": 0}