{"runInfo": {"sut": "HIKARI_DISCIPLINED", "workload": "W5_HTAP", "loadMode": "open-loop", "targetRps": 2, "concurrency": 0, "poolSize": 19, "instanceId": 7, "totalInstances": 16, "configuredDbConnectionBudget": 300, "configuredReplicas": 16, "seed": 42, "durationSeconds": 900, "timestamp": "2026-07-15T07:40:37Z", "openLoopAttemptedOps": 1801, "openLoopMissedOpportunities": 0, "openLoopSchedulingDelayMs": 0.0, "clientPooling": "hikari"}, "attemptedRps": 1.9261887878914277, "achievedThroughputRps": 1.4652296720773215, "successfulThroughputRps": 1.4652296720773215, "errorThroughputRps": 0.4524030301377423, "totalThroughputRps": 1.9176327022150637, "errorRate": 0.23591745677635248, "totalRequests": 1793, "successfulRequests": 1370, "failedRequests": 423, "latencyMs": {"p50": 52.799, "p95": 65339.391, "p99": 230555.647, "p999": 405536.767, "max": 430178.303, "mean": 18358.966707695483, "meanSuccessful": 14764.645464233578, "meanFailed": 30000.33803476596, "meanTotal": 18358.966707695483}, "errorsByType": {"SQLTransientConnectionException": 423}, "firstErrorMessageByType": {"SQLTransientConnectionException": "HikariPool-1 - Connection is not available, request timed out after 30001ms (total=19, active=19, idle=0, waiting=46)"}, "appCpuMedian": 0.025021894157387717, "gcPauseMsTotal": 0}