{"runInfo": {"sut": "HIKARI_DISCIPLINED", "workload": "W5_HTAP", "loadMode": "open-loop", "targetRps": 4, "concurrency": 0, "poolSize": 19, "instanceId": 0, "totalInstances": 16, "configuredDbConnectionBudget": 300, "configuredReplicas": 16, "seed": 42, "durationSeconds": 900, "timestamp": "2026-07-15T20:57:55Z", "openLoopAttemptedOps": 3601, "openLoopMissedOpportunities": 0, "openLoopSchedulingDelayMs": 0.0, "clientPooling": "hikari"}, "attemptedRps": 3.8534553291158873, "achievedThroughputRps": 1.2909021876888358, "successfulThroughputRps": 1.2909021876888358, "errorThroughputRps": 2.684477623114315, "totalThroughputRps": 3.9753798108031506, "errorRate": 0.6752757600215228, "totalRequests": 3717, "successfulRequests": 1207, "failedRequests": 2510, "latencyMs": {"p50": 25264.127, "p95": 153223.167, "p99": 395313.151, "p999": 436469.759, "max": 439615.487, "mean": 31710.814182825397, "meanSuccessful": 35267.96484507042, "meanFailed": 30000.21224215618, "meanTotal": 31710.814182825397}, "errorsByType": {"SQLTransientConnectionException": 2510}, "firstErrorMessageByType": {"SQLTransientConnectionException": "HikariPool-1 - Connection is not available, request timed out after 30000ms (total=19, active=19, idle=0, waiting=112)"}, "appCpuMedian": 0.025021894157387717, "gcPauseMsTotal": 0}