{"runInfo": {"sut": "PGBOUNCER", "workload": "W5_HTAP", "loadMode": "open-loop", "targetRps": 2, "concurrency": 0, "poolSize": 20, "instanceId": 13, "totalInstances": 16, "configuredDbConnectionBudget": 100, "configuredReplicas": 16, "seed": 42, "durationSeconds": 900, "timestamp": "2026-07-15T04:56:29Z", "openLoopAttemptedOps": 1801, "openLoopMissedOpportunities": 0, "openLoopSchedulingDelayMs": 0.0, "clientPooling": "hikari"}, "attemptedRps": 1.9349757886288748, "achievedThroughputRps": 1.3429870826130446, "successfulThroughputRps": 1.3429870826130446, "errorThroughputRps": 0.636038682325538, "totalThroughputRps": 1.9790257649385825, "errorRate": 0.32138979370249726, "totalRequests": 1842, "successfulRequests": 1250, "failedRequests": 592, "latencyMs": {"p50": 27426.815, "p95": 43974.655, "p99": 77791.231, "p999": 113442.815, "max": 129826.815, "mean": 27050.598621997287, "meanSuccessful": 25653.327004799998, "meanFailed": 30000.413215491557, "meanTotal": 27050.598621997287}, "errorsByType": {"SQLTransientConnectionException": 592}, "firstErrorMessageByType": {"SQLTransientConnectionException": "HikariPool-1 - Connection is not available, request timed out after 30000ms (total=6, active=6, idle=0, waiting=36)"}, "appCpuMedian": 0.025021894157387717, "gcPauseMsTotal": 2}