{"runInfo": {"sut": "HIKARI_DISCIPLINED", "workload": "W5_HTAP", "loadMode": "open-loop", "targetRps": 5, "concurrency": 0, "poolSize": 19, "instanceId": 0, "totalInstances": 4, "configuredDbConnectionBudget": 75, "configuredReplicas": 4, "seed": 42, "durationSeconds": 1800, "timestamp": "2026-05-23T05:51:15Z", "openLoopAttemptedOps": 10501, "openLoopMissedOpportunities": 0, "openLoopSchedulingDelayMs": 0.111027, "clientPooling": "hikari"}, "attemptedRps": 3.9955406041825015, "achievedThroughputRps": 0.5982224500601769, "successfulThroughputRps": 0.5982224500601769, "errorThroughputRps": 3.4651669568348575, "totalThroughputRps": 4.063389406895035, "errorRate": 0.8527774746262141, "totalRequests": 9163, "successfulRequests": 1349, "failedRequests": 7814, "latencyMs": {"p50": 27836.415, "p95": 60030.975, "p99": 60030.975, "p999": 60030.975, "max": 60030.975, "mean": 32834.36338954262, "meanSuccessful": 25975.030599703485, "meanFailed": 30000.312218777322, "meanTotal": 32834.36338954262}, "errorsByType": {"SQLTransientConnectionException": 7814}, "firstErrorMessageByType": {"SQLTransientConnectionException": "HikariPool-1 - Connection is not available, request timed out after 30000ms (total=19, active=19, idle=0, waiting=145)"}, "appCpuMedian": 0.5020080321285141, "gcPauseMsTotal": 3408}