{"runInfo": {"sut": "PGBOUNCER", "workload": "W5_HTAP", "loadMode": "open-loop", "targetRps": 4, "concurrency": 0, "poolSize": 20, "instanceId": 0, "totalInstances": 2, "configuredDbConnectionBudget": 100, "configuredReplicas": 2, "seed": 42, "durationSeconds": 900, "timestamp": "2026-05-30T22:02:28Z", "openLoopAttemptedOps": 4801, "openLoopMissedOpportunities": 0, "openLoopSchedulingDelayMs": 0.202332, "clientPooling": "hikari"}, "attemptedRps": 2.657539078960866, "achievedThroughputRps": 1.1328304599291668, "successfulThroughputRps": 1.1328304599291668, "errorThroughputRps": 1.6044126513915367, "totalThroughputRps": 2.737243111320703, "errorRate": 0.586141817201402, "totalRequests": 3709, "successfulRequests": 1535, "failedRequests": 2174, "latencyMs": {"p50": 27213.823, "p95": 60030.975, "p99": 60030.975, "p999": 66158.591, "max": 66256.895, "mean": 30553.045050859262, "meanSuccessful": 28811.385125732897, "meanFailed": 30000.31047498482, "meanTotal": 30553.045050859262}, "errorsByType": {"SQLTransientConnectionException": 2174}, "firstErrorMessageByType": {"SQLTransientConnectionException": "HikariPool-1 - Connection is not available, request timed out after 30000ms (total=10, active=10, idle=0, waiting=120)"}, "appCpuMedian": 0.1002004008016032, "gcPauseMsTotal": 7}