{"runInfo": {"sut": "PGBOUNCER", "workload": "W5_HTAP", "loadMode": "open-loop", "targetRps": 3, "concurrency": 0, "poolSize": 20, "instanceId": 15, "totalInstances": 16, "configuredDbConnectionBudget": 100, "configuredReplicas": 16, "seed": 42, "durationSeconds": 900, "timestamp": "2026-07-15T16:32:20Z", "openLoopAttemptedOps": 2701, "openLoopMissedOpportunities": 0, "openLoopSchedulingDelayMs": 0.0, "clientPooling": "hikari"}, "attemptedRps": 2.8887453369382934, "achievedThroughputRps": 1.742231082514802, "successfulThroughputRps": 1.742231082514802, "errorThroughputRps": 1.2470481535986857, "totalThroughputRps": 2.9892792361134877, "errorRate": 0.4171735241502683, "totalRequests": 2795, "successfulRequests": 1629, "failedRequests": 1166, "latencyMs": {"p50": 30146.559, "p95": 43352.063, "p99": 77398.015, "p999": 104726.527, "max": 105840.639, "mean": 31126.76233712558, "meanSuccessful": 31933.150271332102, "meanFailed": 30000.355268059175, "meanTotal": 31126.76233712558}, "errorsByType": {"SQLTransientConnectionException": 1166}, "firstErrorMessageByType": {"SQLTransientConnectionException": "HikariPool-1 - Connection is not available, request timed out after 30000ms (total=11, active=11, idle=0, waiting=88)"}, "appCpuMedian": 0.025025025025025023, "gcPauseMsTotal": 2}