{"runInfo": {"sut": "HIKARI_DISCIPLINED", "workload": "W5_HTAP", "loadMode": "open-loop", "targetRps": 2, "concurrency": 0, "poolSize": 19, "instanceId": 0, "totalInstances": 16, "configuredDbConnectionBudget": 300, "configuredReplicas": 16, "seed": 42, "durationSeconds": 900, "timestamp": "2026-07-15T01:05:17Z", "openLoopAttemptedOps": 1801, "openLoopMissedOpportunities": 0, "openLoopSchedulingDelayMs": 0.0, "clientPooling": "hikari"}, "attemptedRps": 1.9261908479731682, "achievedThroughputRps": 1.2534678921846492, "successfulThroughputRps": 1.2534678921846492, "errorThroughputRps": 0.6673753965215197, "totalThroughputRps": 1.9208432887061688, "errorRate": 0.34743875278396436, "totalRequests": 1796, "successfulRequests": 1172, "failedRequests": 624, "latencyMs": {"p50": 5119.999, "p95": 92471.295, "p99": 299368.447, "p999": 578289.663, "max": 585629.695, "mean": 23582.90436262194, "meanSuccessful": 20166.032631399317, "meanFailed": 30000.31914886859, "meanTotal": 23582.90436262194}, "errorsByType": {"SQLTransientConnectionException": 624}, "firstErrorMessageByType": {"SQLTransientConnectionException": "HikariPool-1 - Connection is not available, request timed out after 30001ms (total=19, active=19, idle=0, waiting=46)"}, "appCpuMedian": 0.025015634771732333, "gcPauseMsTotal": 0}