{"runInfo": {"sut": "PGBOUNCER", "workload": "W5_HTAP", "loadMode": "open-loop", "targetRps": 4, "concurrency": 0, "poolSize": 20, "instanceId": 9, "totalInstances": 16, "configuredDbConnectionBudget": 100, "configuredReplicas": 16, "seed": 42, "durationSeconds": 900, "timestamp": "2026-07-15T21:31:22Z", "openLoopAttemptedOps": 3601, "openLoopMissedOpportunities": 0, "openLoopSchedulingDelayMs": 0.0, "clientPooling": "hikari"}, "attemptedRps": 3.85130806507331, "achievedThroughputRps": 1.5572075930982336, "successfulThroughputRps": 1.5572075930982336, "errorThroughputRps": 2.420302735701444, "totalThroughputRps": 3.977510328799678, "errorRate": 0.6084969077709061, "totalRequests": 3719, "successfulRequests": 1456, "failedRequests": 2263, "latencyMs": {"p50": 32030.719, "p95": 52068.351, "p99": 96731.135, "p999": 107806.719, "max": 107872.255, "mean": 31737.057282692662, "meanSuccessful": 34436.15578021978, "meanFailed": 30000.280246577113, "meanTotal": 31737.057282692662}, "errorsByType": {"SQLTransientConnectionException": 2263}, "firstErrorMessageByType": {"SQLTransientConnectionException": "HikariPool-1 - Connection is not available, request timed out after 30000ms (total=6, active=6, idle=0, waiting=118)"}, "appCpuMedian": 0.02502815667626079, "gcPauseMsTotal": 2}