{"runInfo": {"sut": "PGBOUNCER", "workload": "W5_HTAP", "loadMode": "open-loop", "targetRps": 8, "concurrency": 0, "poolSize": 20, "instanceId": 1, "totalInstances": 4, "configuredDbConnectionBudget": 100, "configuredReplicas": 4, "seed": 42, "durationSeconds": 900, "timestamp": "2026-07-05T07:35:20Z", "openLoopAttemptedOps": 7201, "openLoopMissedOpportunities": 0, "openLoopSchedulingDelayMs": 0.0, "clientPooling": "hikari"}, "attemptedRps": 7.725690253571294, "achievedThroughputRps": 4.949119447260711, "successfulThroughputRps": 4.949119447260711, "errorThroughputRps": 3.04800527848855, "totalThroughputRps": 7.997124725749261, "errorRate": 0.3811376442178696, "totalRequests": 7454, "successfulRequests": 4613, "failedRequests": 2841, "latencyMs": {"p50": 29261.823, "p95": 37355.519, "p99": 43220.991, "p999": 60129.279, "max": 66715.647, "mean": 29430.18517914261, "meanSuccessful": 29079.076767396487, "meanFailed": 30000.290596986626, "meanTotal": 29430.18517914261}, "errorsByType": {"SQLTransientConnectionException": 2841}, "firstErrorMessageByType": {"SQLTransientConnectionException": "HikariPool-1 - Connection is not available, request timed out after 30000ms (total=13, active=13, idle=0, waiting=240)"}, "appCpuMedian": 0.15030060120240482, "gcPauseMsTotal": 11}