{"runInfo": {"sut": "PGBOUNCER", "workload": "W5_HTAP", "loadMode": "open-loop", "targetRps": 2, "concurrency": 0, "poolSize": 20, "instanceId": 3, "totalInstances": 16, "configuredDbConnectionBudget": 100, "configuredReplicas": 16, "seed": 42, "durationSeconds": 900, "timestamp": "2026-07-15T04:56:21Z", "openLoopAttemptedOps": 1801, "openLoopMissedOpportunities": 0, "openLoopSchedulingDelayMs": 0.0, "clientPooling": "hikari"}, "attemptedRps": 1.9261887878914277, "achievedThroughputRps": 1.3251237691268622, "successfulThroughputRps": 1.3251237691268622, "errorThroughputRps": 0.6470539792750215, "totalThroughputRps": 1.9721777484018836, "errorRate": 0.32809110629067245, "totalRequests": 1844, "successfulRequests": 1239, "failedRequests": 605, "latencyMs": {"p50": 27328.511, "p95": 46694.399, "p99": 83492.863, "p999": 121110.527, "max": 125698.047, "mean": 27984.65383350271, "meanSuccessful": 27000.300862792574, "meanFailed": 30000.428202785126, "meanTotal": 27984.65383350271}, "errorsByType": {"SQLTransientConnectionException": 605}, "firstErrorMessageByType": {"SQLTransientConnectionException": "HikariPool-1 - Connection is not available, request timed out after 30001ms (total=9, active=9, idle=0, waiting=41)"}, "appCpuMedian": 0.025021894157387717, "gcPauseMsTotal": 2}