{"runInfo": {"sut": "PGBOUNCER", "workload": "W5_HTAP", "loadMode": "open-loop", "targetRps": 2, "concurrency": 0, "poolSize": 20, "instanceId": 6, "totalInstances": 16, "configuredDbConnectionBudget": 100, "configuredReplicas": 16, "seed": 42, "durationSeconds": 900, "timestamp": "2026-07-15T01:38:33Z", "openLoopAttemptedOps": 1801, "openLoopMissedOpportunities": 0, "openLoopSchedulingDelayMs": 0.0, "clientPooling": "hikari"}, "attemptedRps": 1.9261887878914277, "achievedThroughputRps": 1.4074760937618649, "successfulThroughputRps": 1.4074760937618649, "errorThroughputRps": 0.5465199725777454, "totalThroughputRps": 1.9539960663396103, "errorRate": 0.2796934865900383, "totalRequests": 1827, "successfulRequests": 1316, "failedRequests": 511, "latencyMs": {"p50": 23838.719, "p95": 47284.223, "p99": 87359.487, "p999": 111280.127, "max": 130220.031, "mean": 25998.30109297975, "meanSuccessful": 24444.454643617024, "meanFailed": 30000.372095158513, "meanTotal": 25998.30109297975}, "errorsByType": {"SQLTransientConnectionException": 511}, "firstErrorMessageByType": {"SQLTransientConnectionException": "HikariPool-1 - Connection is not available, request timed out after 30001ms (total=7, active=7, idle=0, waiting=38)"}, "appCpuMedian": 0.025015634771732333, "gcPauseMsTotal": 2}