{"runInfo": {"sut": "HIKARI_DISCIPLINED", "workload": "W5_HTAP", "loadMode": "open-loop", "targetRps": 4, "concurrency": 0, "poolSize": 19, "instanceId": 6, "totalInstances": 16, "configuredDbConnectionBudget": 300, "configuredReplicas": 16, "seed": 42, "durationSeconds": 900, "timestamp": "2026-07-15T20:58:00Z", "openLoopAttemptedOps": 3601, "openLoopMissedOpportunities": 0, "openLoopSchedulingDelayMs": 0.0, "clientPooling": "hikari"}, "attemptedRps": 3.8598682789201355, "achievedThroughputRps": 1.072720388960071, "successfulThroughputRps": 1.072720388960071, "errorThroughputRps": 2.90907224124765, "totalThroughputRps": 3.9817926302077207, "errorRate": 0.730593607305936, "totalRequests": 3723, "successfulRequests": 1003, "failedRequests": 2720, "latencyMs": {"p50": 26017.791, "p95": 161742.847, "p99": 401604.607, "p999": 437518.335, "max": 453246.975, "mean": 32197.755509639268, "meanSuccessful": 38157.174342971084, "meanFailed": 30000.227792120222, "meanTotal": 32197.755509639268}, "errorsByType": {"SQLTransientConnectionException": 2720}, "firstErrorMessageByType": {"SQLTransientConnectionException": "HikariPool-1 - Connection is not available, request timed out after 30000ms (total=19, active=19, idle=0, waiting=112)"}, "appCpuMedian": 0.025025025025025023, "gcPauseMsTotal": 0}