{"runInfo": {"sut": "HIKARI_DISCIPLINED", "workload": "W5_HTAP", "loadMode": "open-loop", "targetRps": 3, "concurrency": 0, "poolSize": 19, "instanceId": 11, "totalInstances": 16, "configuredDbConnectionBudget": 300, "configuredReplicas": 16, "seed": 42, "durationSeconds": 900, "timestamp": "2026-07-15T09:19:31Z", "openLoopAttemptedOps": 2701, "openLoopMissedOpportunities": 0, "openLoopSchedulingDelayMs": 0.0, "clientPooling": "hikari"}, "attemptedRps": 2.898374022868278, "achievedThroughputRps": 1.4759247791727763, "successfulThroughputRps": 1.4759247791727763, "errorThroughputRps": 1.5090796111686866, "totalThroughputRps": 2.9850043903414627, "errorRate": 0.505553565030455, "totalRequests": 2791, "successfulRequests": 1380, "failedRequests": 1411, "latencyMs": {"p50": 21118.975, "p95": 140902.399, "p99": 339738.623, "p999": 430964.735, "max": 439091.199, "mean": 29724.603714524183, "meanSuccessful": 29442.714567391307, "meanFailed": 30000.31338913395, "meanTotal": 29724.603714524183}, "errorsByType": {"SQLTransientConnectionException": 1411}, "firstErrorMessageByType": {"SQLTransientConnectionException": "HikariPool-1 - Connection is not available, request timed out after 30000ms (total=19, active=19, idle=0, waiting=80)"}, "appCpuMedian": 0.025025025025025023, "gcPauseMsTotal": 0}