{"runInfo": {"sut": "PGBOUNCER", "workload": "W5_HTAP", "loadMode": "open-loop", "targetRps": 12, "concurrency": 0, "poolSize": 20, "instanceId": 1, "totalInstances": 4, "configuredDbConnectionBudget": 100, "configuredReplicas": 4, "seed": 42, "durationSeconds": 900, "timestamp": "2026-07-02T09:58:55Z", "openLoopAttemptedOps": 10800, "openLoopMissedOpportunities": 0, "openLoopSchedulingDelayMs": 0.0, "clientPooling": "hikari"}, "attemptedRps": 10.237827355027303, "achievedThroughputRps": 3.962999367777905, "successfulThroughputRps": 3.962999367777905, "errorThroughputRps": 6.626483755114885, "totalThroughputRps": 10.58948312289279, "errorRate": 0.6257608306480487, "totalRequests": 11172, "successfulRequests": 4181, "failedRequests": 6991, "latencyMs": {"p50": 29933.567, "p95": 39157.759, "p99": 44924.927, "p999": 64978.943, "max": 70713.343, "mean": 30385.98999324051, "meanSuccessful": 31031.041301124133, "meanFailed": 30000.207088055642, "meanTotal": 30385.98999324051}, "errorsByType": {"SQLTransientConnectionException": 6991}, "firstErrorMessageByType": {"SQLTransientConnectionException": "HikariPool-1 - Connection is not available, request timed out after 30000ms (total=11, active=11, idle=0, waiting=360)"}, "appCpuMedian": 0.1503006012024048, "gcPauseMsTotal": 10}