{"runInfo": {"sut": "HIKARI_DISCIPLINED", "workload": "W5_HTAP", "loadMode": "open-loop", "targetRps": 4, "concurrency": 0, "poolSize": 19, "instanceId": 15, "totalInstances": 16, "configuredDbConnectionBudget": 300, "configuredReplicas": 16, "seed": 42, "durationSeconds": 900, "timestamp": "2026-07-15T22:37:29Z", "openLoopAttemptedOps": 3601, "openLoopMissedOpportunities": 0, "openLoopSchedulingDelayMs": 0.0, "clientPooling": "hikari"}, "attemptedRps": 3.8513121840929365, "achievedThroughputRps": 1.3529324945508372, "successfulThroughputRps": 1.3529324945508372, "errorThroughputRps": 2.5967747800548873, "totalThroughputRps": 3.9497072746057245, "errorRate": 0.6574600595721636, "totalRequests": 3693, "successfulRequests": 1265, "failedRequests": 2428, "latencyMs": {"p50": 24788.991, "p95": 146276.351, "p99": 401866.751, "p999": 430702.591, "max": 441974.783, "mean": 31476.260309406985, "meanSuccessful": 34309.71610118577, "meanFailed": 30000.257571921746, "meanTotal": 31476.260309406985}, "errorsByType": {"SQLTransientConnectionException": 2428}, "firstErrorMessageByType": {"SQLTransientConnectionException": "HikariPool-1 - Connection is not available, request timed out after 30000ms (total=19, active=19, idle=0, waiting=112)"}, "appCpuMedian": 0.025025025025025023, "gcPauseMsTotal": 0}