{"runInfo": {"sut": "HIKARI_DISCIPLINED", "workload": "W5_HTAP", "loadMode": "open-loop", "targetRps": 2, "concurrency": 0, "poolSize": 19, "instanceId": 12, "totalInstances": 16, "configuredDbConnectionBudget": 300, "configuredReplicas": 16, "seed": 42, "durationSeconds": 900, "timestamp": "2026-07-15T02:44:16Z", "openLoopAttemptedOps": 1801, "openLoopMissedOpportunities": 0, "openLoopSchedulingDelayMs": 0.0, "clientPooling": "hikari"}, "attemptedRps": 1.9261908479731682, "achievedThroughputRps": 1.0769984363736704, "successfulThroughputRps": 1.0769984363736704, "errorThroughputRps": 0.8449143641858983, "totalThroughputRps": 1.9219128005595687, "errorRate": 0.43962159154145797, "totalRequests": 1797, "successfulRequests": 1007, "failedRequests": 790, "latencyMs": {"p50": 1617.919, "p95": 143654.911, "p99": 384303.103, "p999": 579862.527, "max": 597688.319, "mean": 25740.80742457429, "meanSuccessful": 22398.582669314797, "meanFailed": 30000.29685953418, "meanTotal": 25740.80742457429}, "errorsByType": {"SQLTransientConnectionException": 790}, "firstErrorMessageByType": {"SQLTransientConnectionException": "HikariPool-1 - Connection is not available, request timed out after 30000ms (total=19, active=19, idle=0, waiting=46)"}, "appCpuMedian": 0.02501876407305479, "gcPauseMsTotal": 0}