{"runInfo": {"sut": "HIKARI_DISCIPLINED", "workload": "W5_HTAP", "loadMode": "open-loop", "targetRps": 12, "concurrency": 0, "poolSize": 38, "instanceId": 1, "totalInstances": 2, "configuredDbConnectionBudget": 75, "configuredReplicas": 2, "seed": 42, "durationSeconds": 900, "timestamp": "2026-05-31T12:29:50Z", "openLoopAttemptedOps": 14401, "openLoopMissedOpportunities": 0, "openLoopSchedulingDelayMs": 0.099931, "clientPooling": "hikari"}, "attemptedRps": 7.971147118992304, "achievedThroughputRps": 1.0110611566539633, "successfulThroughputRps": 1.0110611566539633, "errorThroughputRps": 7.2390502814735225, "totalThroughputRps": 8.250111438127485, "errorRate": 0.877448787905895, "totalRequests": 11179, "successfulRequests": 1370, "failedRequests": 9809, "latencyMs": {"p50": 29769.727, "p95": 60030.975, "p99": 60030.975, "p999": 60030.975, "max": 60030.975, "mean": 33548.42896620405, "meanSuccessful": 31159.57400364963, "meanFailed": 30000.201517275666, "meanTotal": 33548.42896620405}, "errorsByType": {"SQLTransientConnectionException": 9809}, "firstErrorMessageByType": {"SQLTransientConnectionException": "HikariPool-1 - Connection is not available, request timed out after 30000ms (total=38, active=38, idle=0, waiting=358)"}, "appCpuMedian": 0.1502253380070105, "gcPauseMsTotal": 13}