{"runInfo": {"sut": "HIKARI_DISCIPLINED", "workload": "W5_HTAP", "loadMode": "open-loop", "targetRps": 3, "concurrency": 0, "poolSize": 19, "instanceId": 12, "totalInstances": 16, "configuredDbConnectionBudget": 300, "configuredReplicas": 16, "seed": 42, "durationSeconds": 900, "timestamp": "2026-07-15T15:57:10Z", "openLoopAttemptedOps": 2701, "openLoopMissedOpportunities": 0, "openLoopSchedulingDelayMs": 0.0, "clientPooling": "hikari"}, "attemptedRps": 2.8887515160330524, "achievedThroughputRps": 1.189297180980657, "successfulThroughputRps": 1.189297180980657, "errorThroughputRps": 1.7721811410835866, "totalThroughputRps": 2.9614783220642433, "errorRate": 0.5984109786926688, "totalRequests": 2769, "successfulRequests": 1112, "failedRequests": 1657, "latencyMs": {"p50": 22495.231, "p95": 146669.567, "p99": 413401.087, "p999": 437256.191, "max": 446955.519, "mean": 31301.84825521885, "meanSuccessful": 33241.51340827338, "meanFailed": 30000.237966462282, "meanTotal": 31301.84825521885}, "errorsByType": {"SQLTransientConnectionException": 1657}, "firstErrorMessageByType": {"SQLTransientConnectionException": "HikariPool-1 - Connection is not available, request timed out after 30000ms (total=19, active=19, idle=0, waiting=77)"}, "appCpuMedian": 0.02501876407305479, "gcPauseMsTotal": 0}