{"runInfo": {"sut": "PGBOUNCER", "workload": "W5_HTAP", "loadMode": "open-loop", "targetRps": 4, "concurrency": 0, "poolSize": 20, "instanceId": 6, "totalInstances": 16, "configuredDbConnectionBudget": 100, "configuredReplicas": 16, "seed": 42, "durationSeconds": 900, "timestamp": "2026-07-16T00:50:34Z", "openLoopAttemptedOps": 3601, "openLoopMissedOpportunities": 0, "openLoopSchedulingDelayMs": 0.0, "clientPooling": "hikari"}, "attemptedRps": 3.85130806507331, "achievedThroughputRps": 1.5561380823886881, "successfulThroughputRps": 1.5561380823886881, "errorThroughputRps": 2.420302735701444, "totalThroughputRps": 3.9764408180901323, "errorRate": 0.6086605701990317, "totalRequests": 3718, "successfulRequests": 1455, "failedRequests": 2263, "latencyMs": {"p50": 31440.895, "p95": 49381.375, "p99": 73465.855, "p999": 105054.207, "max": 106561.535, "mean": 31472.951325422542, "meanSuccessful": 33763.39697044674, "meanFailed": 30000.259572433053, "meanTotal": 31472.951325422542}, "errorsByType": {"SQLTransientConnectionException": 2263}, "firstErrorMessageByType": {"SQLTransientConnectionException": "HikariPool-1 - Connection is not available, request timed out after 30000ms (total=6, active=6, idle=0, waiting=120)"}, "appCpuMedian": 0.02501876407305479, "gcPauseMsTotal": 2}