{"runInfo": {"sut": "HIKARI_DISCIPLINED", "workload": "W5_HTAP", "loadMode": "open-loop", "targetRps": 4, "concurrency": 0, "poolSize": 20, "instanceId": 0, "totalInstances": 4, "configuredDbConnectionBudget": 80, "configuredReplicas": 4, "seed": 42, "durationSeconds": 900, "timestamp": "2026-07-11T21:00:31Z", "openLoopAttemptedOps": 3601, "openLoopMissedOpportunities": 0, "openLoopSchedulingDelayMs": 0.0, "clientPooling": "hikari"}, "attemptedRps": 3.85130806507331, "achievedThroughputRps": 3.4031830777737495, "successfulThroughputRps": 3.4031830777737495, "errorThroughputRps": 0.4331518373659235, "totalThroughputRps": 3.836334915139673, "errorRate": 0.11290772233063842, "totalRequests": 3587, "successfulRequests": 3182, "failedRequests": 405, "latencyMs": {"p50": 14704.639, "p95": 43286.527, "p99": 109903.871, "p999": 236322.815, "max": 239337.471, "mean": 18538.839485246164, "meanSuccessful": 17079.964543997485, "meanFailed": 30000.3154478642, "meanTotal": 18538.839485246164}, "errorsByType": {"SQLTransientConnectionException": 405}, "firstErrorMessageByType": {"SQLTransientConnectionException": "HikariPool-1 - Connection is not available, request timed out after 30001ms (total=20, active=20, idle=0, waiting=97)"}, "appCpuMedian": 0.1502253380070105, "gcPauseMsTotal": 20}