{"runInfo": {"sut": "HIKARI_DISCIPLINED", "workload": "W5_HTAP", "loadMode": "open-loop", "targetRps": 12, "concurrency": 0, "poolSize": 38, "instanceId": 1, "totalInstances": 2, "configuredDbConnectionBudget": 75, "configuredReplicas": 2, "seed": 42, "durationSeconds": 900, "timestamp": "2026-05-31T09:10:02Z", "openLoopAttemptedOps": 14401, "openLoopMissedOpportunities": 0, "openLoopSchedulingDelayMs": 0.095433, "clientPooling": "hikari"}, "attemptedRps": 7.97115300170995, "achievedThroughputRps": 0.8937196819804415, "successfulThroughputRps": 0.8937196819804415, "errorThroughputRps": 7.35344583918507, "totalThroughputRps": 8.247165521165511, "errorRate": 0.8916331096196868, "totalRequests": 11175, "successfulRequests": 1211, "failedRequests": 9964, "latencyMs": {"p50": 29769.727, "p95": 60030.975, "p99": 60030.975, "p999": 60030.975, "max": 60030.975, "mean": 33503.71388627382, "meanSuccessful": 31377.104781172584, "meanFailed": 30000.19779650412, "meanTotal": 33503.71388627382}, "errorsByType": {"SQLTransientConnectionException": 9964}, "firstErrorMessageByType": {"SQLTransientConnectionException": "HikariPool-1 - Connection is not available, request timed out after 30000ms (total=38, active=38, idle=0, waiting=358)"}, "appCpuMedian": 0.1502253380070105, "gcPauseMsTotal": 14}