{"runInfo": {"sut": "HIKARI_DISCIPLINED", "workload": "W5_HTAP", "loadMode": "open-loop", "targetRps": 3, "concurrency": 0, "poolSize": 19, "instanceId": 7, "totalInstances": 16, "configuredDbConnectionBudget": 300, "configuredReplicas": 16, "seed": 42, "durationSeconds": 900, "timestamp": "2026-07-15T09:19:28Z", "openLoopAttemptedOps": 2701, "openLoopMissedOpportunities": 0, "openLoopSchedulingDelayMs": 0.0, "clientPooling": "hikari"}, "attemptedRps": 2.898377122713651, "achievedThroughputRps": 1.3326117693362396, "successfulThroughputRps": 1.3326117693362396, "errorThroughputRps": 1.6523958135028012, "totalThroughputRps": 2.9850075828390406, "errorRate": 0.553565030455034, "totalRequests": 2791, "successfulRequests": 1246, "failedRequests": 1545, "latencyMs": {"p50": 21921.791, "p95": 141426.687, "p99": 387710.975, "p999": 428081.151, "max": 433061.887, "mean": 30442.797990157294, "meanSuccessful": 30991.442795345105, "meanFailed": 30000.321070587703, "meanTotal": 30442.797990157294}, "errorsByType": {"SQLTransientConnectionException": 1545}, "firstErrorMessageByType": {"SQLTransientConnectionException": "HikariPool-1 - Connection is not available, request timed out after 30000ms (total=19, active=19, idle=0, waiting=80)"}, "appCpuMedian": 0.025021894157387717, "gcPauseMsTotal": 0}