{"runInfo": {"sut": "HIKARI_DISCIPLINED", "workload": "W5_HTAP", "loadMode": "open-loop", "targetRps": 3, "concurrency": 0, "poolSize": 19, "instanceId": 13, "totalInstances": 16, "configuredDbConnectionBudget": 300, "configuredReplicas": 16, "seed": 42, "durationSeconds": 900, "timestamp": "2026-07-15T14:17:59Z", "openLoopAttemptedOps": 2701, "openLoopMissedOpportunities": 0, "openLoopSchedulingDelayMs": 0.0, "clientPooling": "hikari"}, "attemptedRps": 2.8983802225656548, "achievedThroughputRps": 1.2427741028122845, "successfulThroughputRps": 1.2427741028122845, "errorThroughputRps": 1.7411671595339062, "totalThroughputRps": 2.9839412623461907, "errorRate": 0.5835125448028674, "totalRequests": 2790, "successfulRequests": 1162, "failedRequests": 1628, "latencyMs": {"p50": 22003.711, "p95": 150470.655, "p99": 381419.519, "p999": 430702.591, "max": 442761.215, "mean": 30576.218954016844, "meanSuccessful": 31383.169072289158, "meanFailed": 30000.305263979113, "meanTotal": 30576.218954016844}, "errorsByType": {"SQLTransientConnectionException": 1628}, "firstErrorMessageByType": {"SQLTransientConnectionException": "HikariPool-1 - Connection is not available, request timed out after 30000ms (total=19, active=19, idle=0, waiting=80)"}, "appCpuMedian": 0.025021894157387717, "gcPauseMsTotal": 0}