{"runInfo": {"sut": "HIKARI_DISCIPLINED", "workload": "W5_HTAP", "loadMode": "open-loop", "targetRps": 2, "concurrency": 0, "poolSize": 19, "instanceId": 15, "totalInstances": 16, "configuredDbConnectionBudget": 300, "configuredReplicas": 16, "seed": 42, "durationSeconds": 900, "timestamp": "2026-07-15T07:40:43Z", "openLoopAttemptedOps": 1801, "openLoopMissedOpportunities": 0, "openLoopSchedulingDelayMs": 0.0, "clientPooling": "hikari"}, "attemptedRps": 1.9261887878914277, "achievedThroughputRps": 1.4716467363345944, "successfulThroughputRps": 1.4716467363345944, "errorThroughputRps": 0.4449164551709239, "totalThroughputRps": 1.9165631915055183, "errorRate": 0.23214285714285715, "totalRequests": 1792, "successfulRequests": 1376, "failedRequests": 416, "latencyMs": {"p50": 38.079, "p95": 49971.199, "p99": 249823.231, "p999": 422838.271, "max": 424411.135, "mean": 18186.280639452565, "meanSuccessful": 14614.508124273256, "meanFailed": 30000.367694704328, "meanTotal": 18186.280639452565}, "errorsByType": {"SQLTransientConnectionException": 416}, "firstErrorMessageByType": {"SQLTransientConnectionException": "HikariPool-1 - Connection is not available, request timed out after 30001ms (total=19, active=19, idle=0, waiting=35)"}, "appCpuMedian": 0.025025025025025023, "gcPauseMsTotal": 0}