{"runInfo": {"sut": "HIKARI_DISCIPLINED", "workload": "W5_HTAP", "loadMode": "open-loop", "targetRps": 2, "concurrency": 0, "poolSize": 19, "instanceId": 11, "totalInstances": 16, "configuredDbConnectionBudget": 300, "configuredReplicas": 16, "seed": 42, "durationSeconds": 900, "timestamp": "2026-07-15T04:23:15Z", "openLoopAttemptedOps": 1801, "openLoopMissedOpportunities": 0, "openLoopSchedulingDelayMs": 0.0, "clientPooling": "hikari"}, "attemptedRps": 1.9261867278140934, "achievedThroughputRps": 1.0481193743796844, "successfulThroughputRps": 1.0481193743796844, "errorThroughputRps": 0.8737893151716348, "totalThroughputRps": 1.9219086895513193, "errorRate": 0.454646633277685, "totalRequests": 1797, "successfulRequests": 980, "failedRequests": 817, "latencyMs": {"p50": 6197.247, "p95": 135659.519, "p99": 425721.855, "p999": 603455.487, "max": 603455.487, "mean": 26314.697739713967, "meanSuccessful": 23241.831740816324, "meanFailed": 30000.34164280171, "meanTotal": 26314.697739713967}, "errorsByType": {"SQLTransientConnectionException": 817}, "firstErrorMessageByType": {"SQLTransientConnectionException": "HikariPool-1 - Connection is not available, request timed out after 30001ms (total=19, active=19, idle=0, waiting=46)"}, "appCpuMedian": 0.025025025025025023, "gcPauseMsTotal": 0}