{"runInfo": {"sut": "HIKARI_DISCIPLINED", "workload": "W5_HTAP", "loadMode": "open-loop", "targetRps": 2, "concurrency": 0, "poolSize": 19, "instanceId": 6, "totalInstances": 16, "configuredDbConnectionBudget": 300, "configuredReplicas": 16, "seed": 42, "durationSeconds": 900, "timestamp": "2026-07-15T02:44:11Z", "openLoopAttemptedOps": 1801, "openLoopMissedOpportunities": 0, "openLoopSchedulingDelayMs": 0.0, "clientPooling": "hikari"}, "attemptedRps": 1.9261908479731682, "achievedThroughputRps": 1.0983886734416677, "successfulThroughputRps": 1.0983886734416677, "errorThroughputRps": 0.8235241271179009, "totalThroughputRps": 1.9219128005595687, "errorRate": 0.4284919309961046, "totalRequests": 1797, "successfulRequests": 1027, "failedRequests": 770, "latencyMs": {"p50": 5890.047, "p95": 120979.455, "p99": 340787.199, "p999": 583532.543, "max": 603979.775, "mean": 25753.999474055647, "meanSuccessful": 22570.02518208374, "meanFailed": 30000.27346794026, "meanTotal": 25753.999474055647}, "errorsByType": {"SQLTransientConnectionException": 770}, "firstErrorMessageByType": {"SQLTransientConnectionException": "HikariPool-1 - Connection is not available, request timed out after 30001ms (total=19, active=19, idle=0, waiting=46)"}, "appCpuMedian": 0.02501250625312656, "gcPauseMsTotal": 0}