{"runInfo": {"sut": "HIKARI_DISCIPLINED", "workload": "W5_HTAP", "loadMode": "open-loop", "targetRps": 2, "concurrency": 0, "poolSize": 19, "instanceId": 9, "totalInstances": 16, "configuredDbConnectionBudget": 300, "configuredReplicas": 16, "seed": 42, "durationSeconds": 900, "timestamp": "2026-07-15T06:01:57Z", "openLoopAttemptedOps": 1800, "openLoopMissedOpportunities": 0, "openLoopSchedulingDelayMs": 0.0, "clientPooling": "hikari"}, "attemptedRps": 1.9261887878914277, "achievedThroughputRps": 1.0855533701886724, "successfulThroughputRps": 1.0855533701886724, "errorThroughputRps": 0.8395659069932098, "totalThroughputRps": 1.9251192771818821, "errorRate": 0.4361111111111111, "totalRequests": 1800, "successfulRequests": 1015, "failedRequests": 785, "latencyMs": {"p50": 184.959, "p95": 149422.079, "p99": 337117.183, "p999": 606076.927, "max": 629669.887, "mean": 25035.780724298333, "meanSuccessful": 21196.198190147785, "meanFailed": 30000.33777658981, "meanTotal": 25035.780724298333}, "errorsByType": {"SQLTransientConnectionException": 785}, "firstErrorMessageByType": {"SQLTransientConnectionException": "HikariPool-1 - Connection is not available, request timed out after 30001ms (total=19, active=19, idle=0, waiting=46)"}, "appCpuMedian": 0.02501876407305479, "gcPauseMsTotal": 0}