{"runInfo": {"sut": "PGBOUNCER", "workload": "W5_HTAP", "loadMode": "open-loop", "targetRps": 2, "concurrency": 0, "poolSize": 20, "instanceId": 7, "totalInstances": 16, "configuredDbConnectionBudget": 100, "configuredReplicas": 16, "seed": 42, "durationSeconds": 900, "timestamp": "2026-07-15T08:13:55Z", "openLoopAttemptedOps": 1801, "openLoopMissedOpportunities": 0, "openLoopSchedulingDelayMs": 0.0, "clientPooling": "hikari"}, "attemptedRps": 1.9296187369086457, "achievedThroughputRps": 1.631765317219249, "successfulThroughputRps": 1.631765317219249, "errorThroughputRps": 0.2999962500468744, "totalThroughputRps": 1.9317615672661235, "errorRate": 0.1552967276760954, "totalRequests": 1803, "successfulRequests": 1523, "failedRequests": 280, "latencyMs": {"p50": 20856.831, "p95": 39059.455, "p99": 73465.855, "p999": 98500.607, "max": 100073.471, "mean": 22311.554178997783, "meanSuccessful": 20897.832357189756, "meanFailed": 30000.523421467853, "meanTotal": 22311.554178997783}, "errorsByType": {"SQLTransientConnectionException": 280}, "firstErrorMessageByType": {"SQLTransientConnectionException": "HikariPool-1 - Connection is not available, request timed out after 30000ms (total=8, active=8, idle=0, waiting=41)"}, "appCpuMedian": 0.025025025025025023, "gcPauseMsTotal": 2}