{"runInfo": {"sut": "HIKARI_DISCIPLINED", "workload": "W5_HTAP", "loadMode": "open-loop", "targetRps": 8, "concurrency": 0, "poolSize": 38, "instanceId": 1, "totalInstances": 2, "configuredDbConnectionBudget": 75, "configuredReplicas": 2, "seed": 42, "durationSeconds": 900, "timestamp": "2026-05-31T02:28:54Z", "openLoopAttemptedOps": 9601, "openLoopMissedOpportunities": 0, "openLoopSchedulingDelayMs": 0.082245, "clientPooling": "hikari"}, "attemptedRps": 5.314348001602939, "achievedThroughputRps": 0.7955654972542658, "successfulThroughputRps": 0.7955654972542658, "errorThroughputRps": 4.6870468210221174, "totalThroughputRps": 5.4826123182763835, "errorRate": 0.8548929869430609, "totalRequests": 7429, "successfulRequests": 1078, "failedRequests": 6351, "latencyMs": {"p50": 28524.543, "p95": 60030.975, "p99": 60030.975, "p999": 60030.975, "max": 60030.975, "mean": 33546.671479898374, "meanSuccessful": 21847.066109461968, "meanFailed": 30000.199693183753, "meanTotal": 33546.671479898374}, "errorsByType": {"SQLTransientConnectionException": 6351}, "firstErrorMessageByType": {"SQLTransientConnectionException": "HikariPool-1 - Connection is not available, request timed out after 30000ms (total=38, active=38, idle=0, waiting=199)"}, "appCpuMedian": 0.15007503751875936, "gcPauseMsTotal": 11}