{"runInfo": {"sut": "PGBOUNCER", "workload": "W5_HTAP", "loadMode": "open-loop", "targetRps": 4, "concurrency": 0, "poolSize": 20, "instanceId": 13, "totalInstances": 16, "configuredDbConnectionBudget": 100, "configuredReplicas": 16, "seed": 42, "durationSeconds": 900, "timestamp": "2026-07-16T00:50:41Z", "openLoopAttemptedOps": 3601, "openLoopMissedOpportunities": 0, "openLoopSchedulingDelayMs": 0.0, "clientPooling": "hikari"}, "attemptedRps": 3.85130806507331, "achievedThroughputRps": 1.7187037102396026, "successfulThroughputRps": 1.7187037102396026, "errorThroughputRps": 2.2523895543028023, "totalThroughputRps": 3.9710932645424046, "errorRate": 0.5671963371936439, "totalRequests": 3713, "successfulRequests": 1607, "failedRequests": 2106, "latencyMs": {"p50": 31227.903, "p95": 47775.743, "p99": 80871.423, "p999": 105054.207, "max": 108527.615, "mean": 31171.668899359545, "meanSuccessful": 32706.63710267579, "meanFailed": 30000.30867679107, "meanTotal": 31171.668899359545}, "errorsByType": {"SQLTransientConnectionException": 2106}, "firstErrorMessageByType": {"SQLTransientConnectionException": "HikariPool-1 - Connection is not available, request timed out after 30001ms (total=8, active=8, idle=0, waiting=118)"}, "appCpuMedian": 0.025031289111389236, "gcPauseMsTotal": 2}