{"runInfo": {"sut": "PGBOUNCER", "workload": "W5_HTAP", "loadMode": "open-loop", "targetRps": 12, "concurrency": 0, "poolSize": 20, "instanceId": 1, "totalInstances": 4, "configuredDbConnectionBudget": 100, "configuredReplicas": 4, "seed": 42, "durationSeconds": 900, "timestamp": "2026-07-02T16:16:04Z", "openLoopAttemptedOps": 10801, "openLoopMissedOpportunities": 0, "openLoopSchedulingDelayMs": 0.0, "clientPooling": "hikari"}, "attemptedRps": 10.237827355027303, "achievedThroughputRps": 3.616082895975295, "successfulThroughputRps": 3.616082895975295, "errorThroughputRps": 6.97245236770492, "totalThroughputRps": 10.588535263680216, "errorRate": 0.6584907349386805, "totalRequests": 11171, "successfulRequests": 3815, "failedRequests": 7356, "latencyMs": {"p50": 29933.567, "p95": 40239.103, "p99": 45678.591, "p999": 68222.975, "max": 71499.775, "mean": 30504.680080351536, "meanSuccessful": 31477.288017300132, "meanFailed": 30000.23446185617, "meanTotal": 30504.680080351536}, "errorsByType": {"SQLTransientConnectionException": 7356}, "firstErrorMessageByType": {"SQLTransientConnectionException": "HikariPool-1 - Connection is not available, request timed out after 30000ms (total=10, active=10, idle=0, waiting=360)"}, "appCpuMedian": 0.20020020020020018, "gcPauseMsTotal": 9}