{"runInfo": {"sut": "HIKARI_DISCIPLINED", "workload": "W5_HTAP", "loadMode": "open-loop", "targetRps": 12, "concurrency": 0, "poolSize": 20, "instanceId": 2, "totalInstances": 4, "configuredDbConnectionBudget": 80, "configuredReplicas": 4, "seed": 42, "durationSeconds": 900, "timestamp": "2026-07-05T16:26:28Z", "openLoopAttemptedOps": 10801, "openLoopMissedOpportunities": 0, "openLoopSchedulingDelayMs": 0.0, "clientPooling": "hikari"}, "attemptedRps": 11.55178517380084, "achievedThroughputRps": 4.494084001510149, "successfulThroughputRps": 4.494084001510149, "errorThroughputRps": 7.443794538436611, "totalThroughputRps": 11.93787853994676, "errorRate": 0.6235441677118796, "totalRequests": 11162, "successfulRequests": 4202, "failedRequests": 6960, "latencyMs": {"p50": 29081.599, "p95": 72024.063, "p99": 172228.607, "p999": 182845.439, "max": 186253.311, "mean": 30995.45298252464, "meanSuccessful": 32643.84944693003, "meanFailed": 30000.25425975359, "meanTotal": 30995.45298252464}, "errorsByType": {"SQLTransientConnectionException": 6960}, "firstErrorMessageByType": {"SQLTransientConnectionException": "HikariPool-1 - Connection is not available, request timed out after 30000ms (total=20, active=20, idle=0, waiting=360)"}, "appCpuMedian": 0.250501002004008, "gcPauseMsTotal": 19}