{"runInfo": {"sut": "PGBOUNCER", "workload": "W5_HTAP", "loadMode": "open-loop", "targetRps": 2, "concurrency": 0, "poolSize": 20, "instanceId": 9, "totalInstances": 16, "configuredDbConnectionBudget": 100, "configuredReplicas": 16, "seed": 42, "durationSeconds": 900, "timestamp": "2026-07-15T01:38:35Z", "openLoopAttemptedOps": 1801, "openLoopMissedOpportunities": 0, "openLoopSchedulingDelayMs": 0.0, "clientPooling": "hikari"}, "attemptedRps": 1.9261867278140934, "achievedThroughputRps": 1.3807368493103802, "successfulThroughputRps": 1.3807368493103802, "errorThroughputRps": 0.57753516547452, "totalThroughputRps": 1.9582720147849002, "errorRate": 0.2949208083014746, "totalRequests": 1831, "successfulRequests": 1291, "failedRequests": 540, "latencyMs": {"p50": 26165.247, "p95": 46563.327, "p99": 87818.239, "p999": 126746.623, "max": 130088.959, "mean": 26365.57715797324, "meanSuccessful": 24845.317335398915, "meanFailed": 30000.431298727777, "meanTotal": 26365.57715797324}, "errorsByType": {"SQLTransientConnectionException": 540}, "firstErrorMessageByType": {"SQLTransientConnectionException": "HikariPool-1 - Connection is not available, request timed out after 30001ms (total=4, active=4, idle=0, waiting=44)"}, "appCpuMedian": 0.02501876407305479, "gcPauseMsTotal": 3}