{"runInfo": {"sut": "HIKARI_DISCIPLINED", "workload": "W5_HTAP", "loadMode": "open-loop", "targetRps": 8, "concurrency": 0, "poolSize": 38, "instanceId": 1, "totalInstances": 2, "configuredDbConnectionBudget": 75, "configuredReplicas": 2, "seed": 42, "durationSeconds": 900, "timestamp": "2026-05-30T23:08:49Z", "openLoopAttemptedOps": 9601, "openLoopMissedOpportunities": 0, "openLoopSchedulingDelayMs": 0.116726, "clientPooling": "hikari"}, "attemptedRps": 5.314348001602939, "achievedThroughputRps": 1.0774820278211763, "successfulThroughputRps": 1.0774820278211763, "errorThroughputRps": 4.414724308511149, "totalThroughputRps": 5.492206336332325, "errorRate": 0.8038161784466541, "totalRequests": 7442, "successfulRequests": 1460, "failedRequests": 5982, "latencyMs": {"p50": 28049.407, "p95": 60030.975, "p99": 60030.975, "p999": 60030.975, "max": 60030.975, "mean": 33345.49971770559, "meanSuccessful": 23008.032194520547, "meanFailed": 30000.215660891678, "meanTotal": 33345.49971770559}, "errorsByType": {"SQLTransientConnectionException": 5982}, "firstErrorMessageByType": {"SQLTransientConnectionException": "HikariPool-1 - Connection is not available, request timed out after 30000ms (total=38, active=38, idle=0, waiting=225)"}, "appCpuMedian": 0.15007503751875936, "gcPauseMsTotal": 13}