{"runInfo": {"sut": "PGBOUNCER", "workload": "W5_HTAP", "loadMode": "open-loop", "targetRps": 4, "concurrency": 0, "poolSize": 20, "instanceId": 5, "totalInstances": 16, "configuredDbConnectionBudget": 100, "configuredReplicas": 16, "seed": 42, "durationSeconds": 900, "timestamp": "2026-07-15T21:31:19Z", "openLoopAttemptedOps": 3601, "openLoopMissedOpportunities": 0, "openLoopSchedulingDelayMs": 0.0, "clientPooling": "hikari"}, "attemptedRps": 3.8513039460624934, "achievedThroughputRps": 1.520842602416236, "successfulThroughputRps": 1.520842602416236, "errorThroughputRps": 2.463080529792258, "totalThroughputRps": 3.9839231322084943, "errorRate": 0.618255033557047, "totalRequests": 3725, "successfulRequests": 1422, "failedRequests": 2303, "latencyMs": {"p50": 31948.799, "p95": 50495.487, "p99": 73924.607, "p999": 103546.879, "max": 105381.887, "mean": 31700.797890998656, "meanSuccessful": 34454.70514767932, "meanFailed": 30000.27086561398, "meanTotal": 31700.797890998656}, "errorsByType": {"SQLTransientConnectionException": 2303}, "firstErrorMessageByType": {"SQLTransientConnectionException": "HikariPool-1 - Connection is not available, request timed out after 30000ms (total=9, active=9, idle=0, waiting=120)"}, "appCpuMedian": 0.02502815667626079, "gcPauseMsTotal": 2}