{"runInfo": {"sut": "PGBOUNCER", "workload": "W5_HTAP", "loadMode": "open-loop", "targetRps": 4, "concurrency": 0, "poolSize": 20, "instanceId": 8, "totalInstances": 16, "configuredDbConnectionBudget": 100, "configuredReplicas": 16, "seed": 42, "durationSeconds": 900, "timestamp": "2026-07-15T19:51:50Z", "openLoopAttemptedOps": 3601, "openLoopMissedOpportunities": 0, "openLoopSchedulingDelayMs": 0.0, "clientPooling": "hikari"}, "attemptedRps": 3.8513121840929365, "achievedThroughputRps": 1.5871555904454089, "successfulThroughputRps": 1.5871555904454089, "errorThroughputRps": 2.376455338254514, "totalThroughputRps": 3.963610928699923, "errorRate": 0.5995682676740421, "totalRequests": 3706, "successfulRequests": 1484, "failedRequests": 2222, "latencyMs": {"p50": 31703.039, "p95": 46071.807, "p99": 79822.847, "p999": 104595.455, "max": 108986.367, "mean": 31434.508538903672, "meanSuccessful": 33582.21386522911, "meanFailed": 30000.285419677766, "meanTotal": 31434.508538903672}, "errorsByType": {"SQLTransientConnectionException": 2222}, "firstErrorMessageByType": {"SQLTransientConnectionException": "HikariPool-1 - Connection is not available, request timed out after 30000ms (total=12, active=12, idle=0, waiting=104)"}, "appCpuMedian": 0.025031289111389236, "gcPauseMsTotal": 2}