{"runInfo": {"sut": "HIKARI_DISCIPLINED", "workload": "W5_HTAP", "loadMode": "open-loop", "targetRps": 4, "concurrency": 0, "poolSize": 19, "instanceId": 13, "totalInstances": 16, "configuredDbConnectionBudget": 300, "configuredReplicas": 16, "seed": 42, "durationSeconds": 900, "timestamp": "2026-07-15T19:18:41Z", "openLoopAttemptedOps": 3601, "openLoopMissedOpportunities": 0, "openLoopSchedulingDelayMs": 0.0, "clientPooling": "hikari"}, "attemptedRps": 3.8587987670667356, "achievedThroughputRps": 1.421381253168429, "successfulThroughputRps": 1.421381253168429, "errorThroughputRps": 2.5582723533324923, "totalThroughputRps": 3.979653606500921, "errorRate": 0.6428379467884977, "totalRequests": 3721, "successfulRequests": 1329, "failedRequests": 2392, "latencyMs": {"p50": 25231.359, "p95": 140378.111, "p99": 378273.791, "p999": 435945.471, "max": 446955.519, "mean": 31460.284852686375, "meanSuccessful": 34088.13521143718, "meanFailed": 30000.26944350878, "meanTotal": 31460.284852686375}, "errorsByType": {"SQLTransientConnectionException": 2392}, "firstErrorMessageByType": {"SQLTransientConnectionException": "HikariPool-1 - Connection is not available, request timed out after 30000ms (total=19, active=19, idle=0, waiting=112)"}, "appCpuMedian": 0.025021894157387717, "gcPauseMsTotal": 0}