{"runInfo": {"sut": "PGBOUNCER", "workload": "W5_HTAP", "loadMode": "open-loop", "targetRps": 4, "concurrency": 0, "poolSize": 20, "instanceId": 7, "totalInstances": 16, "configuredDbConnectionBudget": 100, "configuredReplicas": 16, "seed": 42, "durationSeconds": 900, "timestamp": "2026-07-16T00:50:35Z", "openLoopAttemptedOps": 3601, "openLoopMissedOpportunities": 0, "openLoopSchedulingDelayMs": 0.0, "clientPooling": "hikari"}, "attemptedRps": 3.8513121840929365, "achievedThroughputRps": 1.8427689234079783, "successfulThroughputRps": 1.8427689234079783, "errorThroughputRps": 2.1315371238259435, "totalThroughputRps": 3.9743060472339216, "errorRate": 0.5363293864370291, "totalRequests": 3716, "successfulRequests": 1723, "failedRequests": 1993, "latencyMs": {"p50": 30998.527, "p95": 45547.519, "p99": 70057.983, "p999": 104267.775, "max": 105447.423, "mean": 31089.35308077072, "meanSuccessful": 32349.184705745793, "meanFailed": 30000.314462552935, "meanTotal": 31089.35308077072}, "errorsByType": {"SQLTransientConnectionException": 1993}, "firstErrorMessageByType": {"SQLTransientConnectionException": "HikariPool-1 - Connection is not available, request timed out after 30000ms (total=11, active=11, idle=0, waiting=120)"}, "appCpuMedian": 0.025031289111389236, "gcPauseMsTotal": 2}