{"runInfo": {"sut": "PGBOUNCER", "workload": "W5_HTAP", "loadMode": "open-loop", "targetRps": 4, "concurrency": 0, "poolSize": 20, "instanceId": 6, "totalInstances": 16, "configuredDbConnectionBudget": 100, "configuredReplicas": 16, "seed": 42, "durationSeconds": 900, "timestamp": "2026-07-15T19:51:48Z", "openLoopAttemptedOps": 3601, "openLoopMissedOpportunities": 0, "openLoopSchedulingDelayMs": 0.0, "clientPooling": "hikari"}, "attemptedRps": 3.85130806507331, "achievedThroughputRps": 1.6898269210818744, "successfulThroughputRps": 1.6898269210818744, "errorThroughputRps": 2.2876834077178034, "totalThroughputRps": 3.977510328799678, "errorRate": 0.5751546114546922, "totalRequests": 3719, "successfulRequests": 1580, "failedRequests": 2139, "latencyMs": {"p50": 31129.599, "p95": 50298.879, "p99": 92864.511, "p999": 104792.063, "max": 106037.247, "mean": 31475.260783628128, "meanSuccessful": 33472.0541164557, "meanFailed": 30000.29237392426, "meanTotal": 31475.260783628128}, "errorsByType": {"SQLTransientConnectionException": 2139}, "firstErrorMessageByType": {"SQLTransientConnectionException": "HikariPool-1 - Connection is not available, request timed out after 30000ms (total=5, active=5, idle=0, waiting=120)"}, "appCpuMedian": 0.025043826696719257, "gcPauseMsTotal": 2}