{"runInfo": {"sut": "HIKARI_DISCIPLINED", "workload": "W5_HTAP", "loadMode": "open-loop", "targetRps": 8, "concurrency": 0, "poolSize": 20, "instanceId": 0, "totalInstances": 4, "configuredDbConnectionBudget": 80, "configuredReplicas": 4, "seed": 42, "durationSeconds": 900, "timestamp": "2026-07-05T03:56:49Z", "openLoopAttemptedOps": 7201, "openLoopMissedOpportunities": 0, "openLoopSchedulingDelayMs": 0.0, "clientPooling": "hikari"}, "attemptedRps": 7.701554856332473, "achievedThroughputRps": 4.082326744427308, "successfulThroughputRps": 4.082326744427308, "errorThroughputRps": 3.880189004134733, "totalThroughputRps": 7.9625157485620415, "errorRate": 0.4873069173942243, "totalRequests": 7445, "successfulRequests": 3817, "failedRequests": 3628, "latencyMs": {"p50": 28508.159, "p95": 78446.591, "p99": 123600.895, "p999": 210108.415, "max": 212598.783, "mean": 31208.182453915513, "meanSuccessful": 32356.37182315955, "meanFailed": 30000.225046834345, "meanTotal": 31208.182453915513}, "errorsByType": {"SQLTransientConnectionException": 3628}, "firstErrorMessageByType": {"SQLTransientConnectionException": "HikariPool-1 - Connection is not available, request timed out after 30000ms (total=20, active=20, idle=0, waiting=240)"}, "appCpuMedian": 0.20020020020020018, "gcPauseMsTotal": 14}