{"runInfo": {"sut": "HIKARI_DISCIPLINED", "workload": "W5_HTAP", "loadMode": "open-loop", "targetRps": 12, "concurrency": 0, "poolSize": 20, "instanceId": 0, "totalInstances": 4, "configuredDbConnectionBudget": 80, "configuredReplicas": 4, "seed": 42, "durationSeconds": 900, "timestamp": "2026-07-02T15:44:15Z", "openLoopAttemptedOps": 10801, "openLoopMissedOpportunities": 0, "openLoopSchedulingDelayMs": 0.0, "clientPooling": "hikari"}, "attemptedRps": 10.237817651017526, "achievedThroughputRps": 3.1165581368896977, "successfulThroughputRps": 3.1165581368896977, "errorThroughputRps": 7.481445673500725, "totalThroughputRps": 10.598003810390423, "errorRate": 0.7059297021733297, "totalRequests": 11181, "successfulRequests": 3288, "failedRequests": 7893, "latencyMs": {"p50": 29540.351, "p95": 90111.999, "p99": 205914.111, "p999": 215089.151, "max": 218234.879, "mean": 31505.68824498283, "meanSuccessful": 35119.6561979927, "meanFailed": 30000.221878595083, "meanTotal": 31505.68824498283}, "errorsByType": {"SQLTransientConnectionException": 7893}, "firstErrorMessageByType": {"SQLTransientConnectionException": "HikariPool-1 - Connection is not available, request timed out after 30000ms (total=20, active=20, idle=0, waiting=360)"}, "appCpuMedian": 0.20050125313283207, "gcPauseMsTotal": 17}