{"runInfo": {"sut": "HIKARI_DISCIPLINED", "workload": "W5_HTAP", "loadMode": "open-loop", "targetRps": 4, "concurrency": 0, "poolSize": 19, "instanceId": 6, "totalInstances": 16, "configuredDbConnectionBudget": 300, "configuredReplicas": 16, "seed": 42, "durationSeconds": 900, "timestamp": "2026-07-15T19:18:35Z", "openLoopAttemptedOps": 3601, "openLoopMissedOpportunities": 0, "openLoopSchedulingDelayMs": 0.0, "clientPooling": "hikari"}, "attemptedRps": 3.8598682789201355, "achievedThroughputRps": 1.2181740010224533, "successfulThroughputRps": 1.2181740010224533, "errorThroughputRps": 2.7625491173318673, "totalThroughputRps": 3.980723118354321, "errorRate": 0.6939817302525524, "totalRequests": 3722, "successfulRequests": 1139, "failedRequests": 2583, "latencyMs": {"p50": 25919.487, "p95": 172228.607, "p99": 387448.831, "p999": 435159.039, "max": 435421.183, "mean": 31980.63349543686, "meanSuccessful": 36471.76658999122, "meanFailed": 30000.230845623304, "meanTotal": 31980.63349543686}, "errorsByType": {"SQLTransientConnectionException": 2583}, "firstErrorMessageByType": {"SQLTransientConnectionException": "HikariPool-1 - Connection is not available, request timed out after 30000ms (total=19, active=19, idle=0, waiting=112)"}, "appCpuMedian": 0.025021894157387717, "gcPauseMsTotal": 0}