{"runInfo": {"sut": "HIKARI_DISCIPLINED", "workload": "W5_HTAP", "loadMode": "open-loop", "targetRps": 4, "concurrency": 0, "poolSize": 19, "instanceId": 0, "totalInstances": 16, "configuredDbConnectionBudget": 300, "configuredReplicas": 16, "seed": 42, "durationSeconds": 900, "timestamp": "2026-07-15T19:18:30Z", "openLoopAttemptedOps": 3600, "openLoopMissedOpportunities": 0, "openLoopSchedulingDelayMs": 0.0, "clientPooling": "hikari"}, "attemptedRps": 3.8513121840929365, "achievedThroughputRps": 1.5967811971260077, "successfulThroughputRps": 1.5967811971260077, "errorThroughputRps": 2.359343148600116, "totalThroughputRps": 3.9561243457261237, "errorRate": 0.5963773992971073, "totalRequests": 3699, "successfulRequests": 1493, "failedRequests": 2206, "latencyMs": {"p50": 24559.615, "p95": 137756.671, "p99": 374865.919, "p999": 443023.359, "max": 445906.943, "mean": 31033.540080166258, "meanSuccessful": 32559.8454648359, "meanFailed": 30000.229548032185, "meanTotal": 31033.540080166258}, "errorsByType": {"SQLTransientConnectionException": 2206}, "firstErrorMessageByType": {"SQLTransientConnectionException": "HikariPool-1 - Connection is not available, request timed out after 30000ms (total=19, active=19, idle=0, waiting=98)"}, "appCpuMedian": 0.02502815667626079, "gcPauseMsTotal": 0}