{"runInfo": {"sut": "HIKARI_DISCIPLINED", "workload": "W5_HTAP", "loadMode": "open-loop", "targetRps": 2, "concurrency": 0, "poolSize": 19, "instanceId": 1, "totalInstances": 16, "configuredDbConnectionBudget": 300, "configuredReplicas": 16, "seed": 42, "durationSeconds": 900, "timestamp": "2026-07-15T06:01:51Z", "openLoopAttemptedOps": 1801, "openLoopMissedOpportunities": 0, "openLoopSchedulingDelayMs": 0.0, "clientPooling": "hikari"}, "attemptedRps": 1.9261887878914277, "achievedThroughputRps": 1.088761902317309, "successfulThroughputRps": 1.088761902317309, "errorThroughputRps": 0.8342183534454822, "totalThroughputRps": 1.922980255762791, "errorRate": 0.43381535038932145, "totalRequests": 1798, "successfulRequests": 1018, "failedRequests": 780, "latencyMs": {"p50": 4341.759, "p95": 147193.855, "p99": 330301.439, "p999": 551550.975, "max": 597164.031, "mean": 25462.538668120134, "meanSuccessful": 21984.961907662084, "meanFailed": 30000.331795520513, "meanTotal": 25462.538668120134}, "errorsByType": {"SQLTransientConnectionException": 780}, "firstErrorMessageByType": {"SQLTransientConnectionException": "HikariPool-1 - Connection is not available, request timed out after 30001ms (total=19, active=19, idle=0, waiting=46)"}, "appCpuMedian": 0.02501876407305479, "gcPauseMsTotal": 0}