{"runInfo": {"sut": "HIKARI_DISCIPLINED", "workload": "W5_HTAP", "loadMode": "open-loop", "targetRps": 12, "concurrency": 0, "poolSize": 20, "instanceId": 0, "totalInstances": 4, "configuredDbConnectionBudget": 80, "configuredReplicas": 4, "seed": 42, "durationSeconds": 900, "timestamp": "2026-07-02T09:27:02Z", "openLoopAttemptedOps": 10801, "openLoopMissedOpportunities": 0, "openLoopSchedulingDelayMs": 0.0, "clientPooling": "hikari"}, "attemptedRps": 10.237837059055476, "achievedThroughputRps": 3.4018699384270072, "successfulThroughputRps": 3.4018699384270072, "errorThroughputRps": 7.196153962813552, "totalThroughputRps": 10.598023901240559, "errorRate": 0.6790090331812897, "totalRequests": 11181, "successfulRequests": 3589, "failedRequests": 7592, "latencyMs": {"p50": 29409.279, "p95": 89194.495, "p99": 132841.471, "p999": 218103.807, "max": 220856.319, "mean": 31446.9538716181, "meanSuccessful": 34507.56575982168, "meanFailed": 30000.187400189803, "meanTotal": 31446.9538716181}, "errorsByType": {"SQLTransientConnectionException": 7592}, "firstErrorMessageByType": {"SQLTransientConnectionException": "HikariPool-1 - Connection is not available, request timed out after 30000ms (total=20, active=20, idle=0, waiting=360)"}, "appCpuMedian": 0.2004008016032064, "gcPauseMsTotal": 16}