{"runInfo": {"sut": "HIKARI_DISCIPLINED", "workload": "W5_HTAP", "loadMode": "open-loop", "targetRps": 2, "concurrency": 0, "poolSize": 19, "instanceId": 8, "totalInstances": 16, "configuredDbConnectionBudget": 300, "configuredReplicas": 16, "seed": 42, "durationSeconds": 900, "timestamp": "2026-07-15T04:23:13Z", "openLoopAttemptedOps": 1801, "openLoopMissedOpportunities": 0, "openLoopSchedulingDelayMs": 0.0, "clientPooling": "hikari"}, "attemptedRps": 1.9261887878914277, "achievedThroughputRps": 1.0545375596118531, "successfulThroughputRps": 1.0545375596118531, "errorThroughputRps": 0.862025631893665, "totalThroughputRps": 1.9165631915055183, "errorRate": 0.4497767857142857, "totalRequests": 1792, "successfulRequests": 986, "failedRequests": 806, "latencyMs": {"p50": 616.447, "p95": 118489.087, "p99": 432799.743, "p999": 587202.559, "max": 587202.559, "mean": 25441.166076739835, "meanSuccessful": 21703.824456389455, "meanFailed": 29996.589591645243, "meanTotal": 25441.166076739835}, "errorsByType": {"SQLTransientConnectionException": 806}, "firstErrorMessageByType": {"SQLTransientConnectionException": "HikariPool-1 - Connection is not available, request timed out after 30001ms (total=19, active=19, idle=0, waiting=46)"}, "appCpuMedian": 0.012515644555694618, "gcPauseMsTotal": 0}