{"runInfo": {"sut": "PGBOUNCER", "workload": "W5_HTAP", "loadMode": "open-loop", "targetRps": 4, "concurrency": 0, "poolSize": 20, "instanceId": 2, "totalInstances": 16, "configuredDbConnectionBudget": 100, "configuredReplicas": 16, "seed": 42, "durationSeconds": 900, "timestamp": "2026-07-15T21:31:16Z", "openLoopAttemptedOps": 3600, "openLoopMissedOpportunities": 0, "openLoopSchedulingDelayMs": 0.0, "clientPooling": "hikari"}, "attemptedRps": 3.8513121840929365, "achievedThroughputRps": 1.6481177660892017, "successfulThroughputRps": 1.6481177660892017, "errorThroughputRps": 2.3390224233855186, "totalThroughputRps": 3.98714018947472, "errorRate": 0.5866416309012875, "totalRequests": 3728, "successfulRequests": 1541, "failedRequests": 2187, "latencyMs": {"p50": 31375.359, "p95": 50790.399, "p99": 96862.207, "p999": 102498.303, "max": 107872.255, "mean": 31668.563630626075, "meanSuccessful": 34036.168098637245, "meanFailed": 30000.254098533605, "meanTotal": 31668.563630626075}, "errorsByType": {"SQLTransientConnectionException": 2187}, "firstErrorMessageByType": {"SQLTransientConnectionException": "HikariPool-1 - Connection is not available, request timed out after 30000ms (total=10, active=10, idle=0, waiting=119)"}, "appCpuMedian": 0.025021894157387717, "gcPauseMsTotal": 2}