{"runInfo": {"sut": "HIKARI_DISCIPLINED", "workload": "W5_HTAP", "loadMode": "open-loop", "targetRps": 2, "concurrency": 0, "poolSize": 19, "instanceId": 1, "totalInstances": 16, "configuredDbConnectionBudget": 300, "configuredReplicas": 16, "seed": 42, "durationSeconds": 900, "timestamp": "2026-07-15T07:40:33Z", "openLoopAttemptedOps": 1801, "openLoopMissedOpportunities": 0, "openLoopSchedulingDelayMs": 0.0, "clientPooling": "hikari"}, "attemptedRps": 1.9261887878914277, "achievedThroughputRps": 1.4374223936291386, "successfulThroughputRps": 1.4374223936291386, "errorThroughputRps": 0.4770017764572886, "totalThroughputRps": 1.9144241700864273, "errorRate": 0.24916201117318434, "totalRequests": 1790, "successfulRequests": 1344, "failedRequests": 446, "latencyMs": {"p50": 26.527, "p95": 61669.375, "p99": 229507.071, "p999": 410779.647, "max": 418906.111, "mean": 16952.23959165419, "meanSuccessful": 12621.860517857143, "meanFailed": 30000.380437818385, "meanTotal": 16952.23959165419}, "errorsByType": {"SQLTransientConnectionException": 446}, "firstErrorMessageByType": {"SQLTransientConnectionException": "HikariPool-1 - Connection is not available, request timed out after 30001ms (total=19, active=19, idle=0, waiting=40)"}, "appCpuMedian": 0.02502815667626079, "gcPauseMsTotal": 0}