{"runInfo": {"sut": "PGBOUNCER", "workload": "W5_HTAP", "loadMode": "open-loop", "targetRps": 3, "concurrency": 0, "poolSize": 20, "instanceId": 4, "totalInstances": 16, "configuredDbConnectionBudget": 100, "configuredReplicas": 16, "seed": 42, "durationSeconds": 900, "timestamp": "2026-07-15T13:11:38Z", "openLoopAttemptedOps": 2701, "openLoopMissedOpportunities": 0, "openLoopSchedulingDelayMs": 0.0, "clientPooling": "hikari"}, "attemptedRps": 2.8887515160330524, "achievedThroughputRps": 1.5828775430318094, "successfulThroughputRps": 1.5828775430318094, "errorThroughputRps": 1.3999910161004314, "totalThroughputRps": 2.982868559132241, "errorRate": 0.4693438508425959, "totalRequests": 2789, "successfulRequests": 1480, "failedRequests": 1309, "latencyMs": {"p50": 30146.559, "p95": 47710.207, "p99": 90177.535, "p999": 109576.191, "max": 112721.919, "mean": 31025.574571783076, "meanSuccessful": 31932.91850810811, "meanFailed": 30000.286752131396, "meanTotal": 31025.574571783076}, "errorsByType": {"SQLTransientConnectionException": 1309}, "firstErrorMessageByType": {"SQLTransientConnectionException": "HikariPool-1 - Connection is not available, request timed out after 30000ms (total=10, active=10, idle=0, waiting=84)"}, "appCpuMedian": 0.02502815667626079, "gcPauseMsTotal": 1}