{"runInfo": {"sut": "PGBOUNCER", "workload": "W5_HTAP", "loadMode": "open-loop", "targetRps": 12, "concurrency": 0, "poolSize": 20, "instanceId": 1, "totalInstances": 4, "configuredDbConnectionBudget": 100, "configuredReplicas": 4, "seed": 42, "durationSeconds": 900, "timestamp": "2026-07-02T13:06:26Z", "openLoopAttemptedOps": 10801, "openLoopMissedOpportunities": 0, "openLoopSchedulingDelayMs": 0.0, "clientPooling": "hikari"}, "attemptedRps": 10.237837059055476, "achievedThroughputRps": 4.166793048014801, "successfulThroughputRps": 4.166793048014801, "errorThroughputRps": 6.421752252115623, "totalThroughputRps": 10.588545300130425, "errorRate": 0.606481067048608, "totalRequests": 11171, "successfulRequests": 4396, "failedRequests": 6775, "latencyMs": {"p50": 29917.183, "p95": 39649.279, "p99": 44826.623, "p999": 63668.223, "max": 70909.951, "mean": 30483.514160573897, "meanSuccessful": 31228.181284804366, "meanFailed": 30000.210261217417, "meanTotal": 30483.514160573897}, "errorsByType": {"SQLTransientConnectionException": 6775}, "firstErrorMessageByType": {"SQLTransientConnectionException": "HikariPool-1 - Connection is not available, request timed out after 30000ms (total=10, active=10, idle=0, waiting=360)"}, "appCpuMedian": 0.15037593984962408, "gcPauseMsTotal": 11}