{"runInfo": {"sut": "HIKARI_DISCIPLINED", "workload": "W5_HTAP", "loadMode": "open-loop", "targetRps": 12, "concurrency": 0, "poolSize": 20, "instanceId": 1, "totalInstances": 4, "configuredDbConnectionBudget": 80, "configuredReplicas": 4, "seed": 42, "durationSeconds": 900, "timestamp": "2026-07-02T15:44:16Z", "openLoopAttemptedOps": 10801, "openLoopMissedOpportunities": 0, "openLoopSchedulingDelayMs": 0.0, "clientPooling": "hikari"}, "attemptedRps": 10.237827355027303, "achievedThroughputRps": 3.2843321715738916, "successfulThroughputRps": 3.2843321715738916, "errorThroughputRps": 7.313681684232078, "totalThroughputRps": 10.59801385580597, "errorRate": 0.6900992755567481, "totalRequests": 11181, "successfulRequests": 3465, "failedRequests": 7716, "latencyMs": {"p50": 29458.431, "p95": 87490.559, "p99": 206831.615, "p999": 217841.663, "max": 222560.255, "mean": 31431.104991451215, "meanSuccessful": 34617.219293506496, "meanFailed": 30000.216858700234, "meanTotal": 31431.104991451215}, "errorsByType": {"SQLTransientConnectionException": 7716}, "firstErrorMessageByType": {"SQLTransientConnectionException": "HikariPool-1 - Connection is not available, request timed out after 30000ms (total=20, active=20, idle=0, waiting=360)"}, "appCpuMedian": 0.25012506253126565, "gcPauseMsTotal": 16}