{"runInfo": {"sut": "PGBOUNCER", "workload": "W5_HTAP", "loadMode": "open-loop", "targetRps": 4, "concurrency": 0, "poolSize": 20, "instanceId": 13, "totalInstances": 16, "configuredDbConnectionBudget": 100, "configuredReplicas": 16, "seed": 42, "durationSeconds": 900, "timestamp": "2026-07-15T23:10:55Z", "openLoopAttemptedOps": 3601, "openLoopMissedOpportunities": 0, "openLoopSchedulingDelayMs": 0.0, "clientPooling": "hikari"}, "attemptedRps": 3.85130806507331, "achievedThroughputRps": 1.665228174762328, "successfulThroughputRps": 1.665228174762328, "errorThroughputRps": 2.315490686165986, "totalThroughputRps": 3.980718860928314, "errorRate": 0.5816765180010747, "totalRequests": 3722, "successfulRequests": 1557, "failedRequests": 2165, "latencyMs": {"p50": 31588.351, "p95": 47611.903, "p99": 90898.431, "p999": 106889.215, "max": 107937.791, "mean": 31497.305019335035, "meanSuccessful": 33578.896750160566, "meanFailed": 30000.29889676536, "meanTotal": 31497.305019335035}, "errorsByType": {"SQLTransientConnectionException": 2165}, "firstErrorMessageByType": {"SQLTransientConnectionException": "HikariPool-1 - Connection is not available, request timed out after 30000ms (total=7, active=7, idle=0, waiting=120)"}, "appCpuMedian": 0.02502815667626079, "gcPauseMsTotal": 2}