{"runInfo": {"sut": "PGBOUNCER", "workload": "W5_HTAP", "loadMode": "open-loop", "targetRps": 8, "concurrency": 0, "poolSize": 20, "instanceId": 1, "totalInstances": 2, "configuredDbConnectionBudget": 100, "configuredReplicas": 2, "seed": 42, "durationSeconds": 900, "timestamp": "2026-05-31T03:02:43Z", "openLoopAttemptedOps": 9601, "openLoopMissedOpportunities": 0, "openLoopSchedulingDelayMs": 0.157938, "clientPooling": "hikari"}, "attemptedRps": 5.3143440796096275, "achievedThroughputRps": 1.081171236859895, "successfulThroughputRps": 1.081171236859895, "errorThroughputRps": 4.416935052973701, "totalThroughputRps": 5.498106289833596, "errorRate": 0.8033557046979866, "totalRequests": 7450, "successfulRequests": 1465, "failedRequests": 5985, "latencyMs": {"p50": 28901.375, "p95": 60030.975, "p99": 60030.975, "p999": 63078.399, "max": 64126.975, "mean": 30753.623980387518, "meanSuccessful": 31023.312922866895, "meanFailed": 30000.182865894236, "meanTotal": 30753.623980387518}, "errorsByType": {"SQLTransientConnectionException": 5985}, "firstErrorMessageByType": {"SQLTransientConnectionException": "HikariPool-1 - Connection is not available, request timed out after 30000ms (total=9, active=9, idle=0, waiting=240)"}, "appCpuMedian": 0.1002004008016032, "gcPauseMsTotal": 7}