{"runInfo": {"sut": "PGBOUNCER", "workload": "W5_HTAP", "loadMode": "open-loop", "targetRps": 3, "concurrency": 0, "poolSize": 20, "instanceId": 4, "totalInstances": 16, "configuredDbConnectionBudget": 100, "configuredReplicas": 16, "seed": 42, "durationSeconds": 900, "timestamp": "2026-07-15T16:32:13Z", "openLoopAttemptedOps": 2701, "openLoopMissedOpportunities": 0, "openLoopSchedulingDelayMs": 0.0, "clientPooling": "hikari"}, "attemptedRps": 2.8887515160330524, "achievedThroughputRps": 1.503733665880219, "successfulThroughputRps": 1.503733665880219, "errorThroughputRps": 1.4684397747180233, "totalThroughputRps": 2.972173440598242, "errorRate": 0.49406261245052174, "totalRequests": 2779, "successfulRequests": 1406, "failedRequests": 1373, "latencyMs": {"p50": 30277.631, "p95": 49184.767, "p99": 81657.855, "p999": 104333.311, "max": 109117.439, "mean": 31098.313443013674, "meanSuccessful": 32170.327283072547, "meanFailed": 30000.297143495267, "meanTotal": 31098.313443013674}, "errorsByType": {"SQLTransientConnectionException": 1373}, "firstErrorMessageByType": {"SQLTransientConnectionException": "HikariPool-1 - Connection is not available, request timed out after 30000ms (total=9, active=9, idle=0, waiting=74)"}, "appCpuMedian": 0.025021894157387717, "gcPauseMsTotal": 2}