{"runInfo": {"sut": "PGBOUNCER", "workload": "W5_HTAP", "loadMode": "open-loop", "targetRps": 3, "concurrency": 0, "poolSize": 20, "instanceId": 7, "totalInstances": 16, "configuredDbConnectionBudget": 100, "configuredReplicas": 16, "seed": 42, "durationSeconds": 900, "timestamp": "2026-07-15T11:32:07Z", "openLoopAttemptedOps": 2701, "openLoopMissedOpportunities": 0, "openLoopSchedulingDelayMs": 0.0, "clientPooling": "hikari"}, "attemptedRps": 2.8887453369382934, "achievedThroughputRps": 1.734744515554947, "successfulThroughputRps": 1.734744515554947, "errorThroughputRps": 1.2523957014271536, "totalThroughputRps": 2.9871402169821004, "errorRate": 0.4192624418188328, "totalRequests": 2793, "successfulRequests": 1622, "failedRequests": 1171, "latencyMs": {"p50": 29409.279, "p95": 43646.975, "p99": 67698.687, "p999": 100794.367, "max": 103350.271, "mean": 29843.38520018761, "meanSuccessful": 29730.22578545006, "meanFailed": 30000.355952129805, "meanTotal": 29843.38520018761}, "errorsByType": {"SQLTransientConnectionException": 1171}, "firstErrorMessageByType": {"SQLTransientConnectionException": "HikariPool-1 - Connection is not available, request timed out after 30000ms (total=11, active=11, idle=0, waiting=88)"}, "appCpuMedian": 0.02502815667626079, "gcPauseMsTotal": 2}