{"runInfo": {"sut": "PGBOUNCER", "workload": "W5_HTAP", "loadMode": "open-loop", "targetRps": 3, "concurrency": 0, "poolSize": 20, "instanceId": 14, "totalInstances": 16, "configuredDbConnectionBudget": 100, "configuredReplicas": 16, "seed": 42, "durationSeconds": 900, "timestamp": "2026-07-15T14:51:26Z", "openLoopAttemptedOps": 2700, "openLoopMissedOpportunities": 0, "openLoopSchedulingDelayMs": 0.0, "clientPooling": "hikari"}, "attemptedRps": 2.8887484264823686, "achievedThroughputRps": 1.5925014465132348, "successfulThroughputRps": 1.5925014465132348, "errorThroughputRps": 1.3732517510564093, "totalThroughputRps": 2.965753197569644, "errorRate": 0.46303642264695277, "totalRequests": 2773, "successfulRequests": 1489, "failedRequests": 1284, "latencyMs": {"p50": 29802.495, "p95": 46333.951, "p99": 95027.199, "p999": 103743.487, "max": 108789.759, "mean": 30830.624543665344, "meanSuccessful": 31546.547524513095, "meanFailed": 30000.29976976791, "meanTotal": 30830.624543665344}, "errorsByType": {"SQLTransientConnectionException": 1284}, "firstErrorMessageByType": {"SQLTransientConnectionException": "HikariPool-1 - Connection is not available, request timed out after 30000ms (total=13, active=13, idle=0, waiting=71)"}, "appCpuMedian": 0.025021894157387717, "gcPauseMsTotal": 2}