{"runInfo": {"sut": "HIKARI_DISCIPLINED", "workload": "W5_HTAP", "loadMode": "open-loop", "targetRps": 12, "concurrency": 0, "poolSize": 20, "instanceId": 1, "totalInstances": 4, "configuredDbConnectionBudget": 80, "configuredReplicas": 4, "seed": 42, "durationSeconds": 900, "timestamp": "2026-07-05T18:00:36Z", "openLoopAttemptedOps": 10800, "openLoopMissedOpportunities": 0, "openLoopSchedulingDelayMs": 0.0, "clientPooling": "hikari"}, "attemptedRps": 11.55178517380084, "achievedThroughputRps": 4.172161277936957, "successfulThroughputRps": 4.172161277936957, "errorThroughputRps": 7.76892579413844, "totalThroughputRps": 11.941087072075398, "errorRate": 0.6506045678459471, "totalRequests": 11165, "successfulRequests": 3901, "failedRequests": 7264, "latencyMs": {"p50": 29343.743, "p95": 78970.879, "p99": 181665.791, "p999": 195297.279, "max": 197525.503, "mean": 31167.621893619435, "meanSuccessful": 33341.514297103306, "meanFailed": 30000.24364401982, "meanTotal": 31167.621893619435}, "errorsByType": {"SQLTransientConnectionException": 7264}, "firstErrorMessageByType": {"SQLTransientConnectionException": "HikariPool-1 - Connection is not available, request timed out after 30000ms (total=20, active=20, idle=0, waiting=360)"}, "appCpuMedian": 0.2506265664160401, "gcPauseMsTotal": 18}