{"runInfo": {"sut": "PGBOUNCER", "workload": "W5_HTAP", "loadMode": "open-loop", "targetRps": 12, "concurrency": 0, "poolSize": 20, "instanceId": 2, "totalInstances": 4, "configuredDbConnectionBudget": 100, "configuredReplicas": 4, "seed": 42, "durationSeconds": 900, "timestamp": "2026-07-05T15:23:49Z", "openLoopAttemptedOps": 10801, "openLoopMissedOpportunities": 0, "openLoopSchedulingDelayMs": 0.0, "clientPooling": "hikari"}, "attemptedRps": 11.578756663868727, "achievedThroughputRps": 5.6762815049703645, "successfulThroughputRps": 5.6762815049703645, "errorThroughputRps": 6.298046051312728, "totalThroughputRps": 11.974327556283091, "errorRate": 0.5259623992837958, "totalRequests": 11170, "successfulRequests": 5295, "failedRequests": 5875, "latencyMs": {"p50": 29851.647, "p95": 38010.879, "p99": 44171.263, "p999": 58327.039, "max": 62193.663, "mean": 30325.077626214683, "meanSuccessful": 30685.608645136923, "meanFailed": 30000.24075309651, "meanTotal": 30325.077626214683}, "errorsByType": {"SQLTransientConnectionException": 5875}, "firstErrorMessageByType": {"SQLTransientConnectionException": "HikariPool-1 - Connection is not available, request timed out after 30000ms (total=9, active=9, idle=0, waiting=360)"}, "appCpuMedian": 0.2004008016032064, "gcPauseMsTotal": 15}