{"runInfo": {"sut": "HIKARI_DISCIPLINED", "workload": "W5_HTAP", "loadMode": "open-loop", "targetRps": 3, "concurrency": 0, "poolSize": 19, "instanceId": 11, "totalInstances": 16, "configuredDbConnectionBudget": 300, "configuredReplicas": 16, "seed": 42, "durationSeconds": 900, "timestamp": "2026-07-15T14:17:58Z", "openLoopAttemptedOps": 2701, "openLoopMissedOpportunities": 0, "openLoopSchedulingDelayMs": 0.0, "clientPooling": "hikari"}, "attemptedRps": 2.891960051593252, "achievedThroughputRps": 1.3058739730012427, "successfulThroughputRps": 1.3058739730012427, "errorThroughputRps": 1.6737860505707984, "totalThroughputRps": 2.979660023572041, "errorRate": 0.5617372577171572, "totalRequests": 2786, "successfulRequests": 1221, "failedRequests": 1565, "latencyMs": {"p50": 20922.367, "p95": 138280.959, "p99": 385613.823, "p999": 426770.431, "max": 434372.607, "mean": 30044.260299693105, "meanSuccessful": 30100.913463554465, "meanFailed": 30000.309245465814, "meanTotal": 30044.260299693105}, "errorsByType": {"SQLTransientConnectionException": 1565}, "firstErrorMessageByType": {"SQLTransientConnectionException": "HikariPool-1 - Connection is not available, request timed out after 30000ms (total=19, active=19, idle=0, waiting=80)"}, "appCpuMedian": 0.025021894157387717, "gcPauseMsTotal": 0}