{"runInfo": {"sut": "PGBOUNCER", "workload": "W5_HTAP", "loadMode": "open-loop", "targetRps": 8, "concurrency": 0, "poolSize": 20, "instanceId": 2, "totalInstances": 4, "configuredDbConnectionBudget": 100, "configuredReplicas": 4, "seed": 42, "durationSeconds": 900, "timestamp": "2026-07-12T06:58:17Z", "openLoopAttemptedOps": 7201, "openLoopMissedOpportunities": 0, "openLoopSchedulingDelayMs": 0.0, "clientPooling": "hikari"}, "attemptedRps": 7.720894126931028, "achievedThroughputRps": 3.991791256015028, "successfulThroughputRps": 3.991791256015028, "errorThroughputRps": 3.9778526886424266, "totalThroughputRps": 7.969643944657454, "errorRate": 0.4991255213238262, "totalRequests": 7433, "successfulRequests": 3723, "failedRequests": 3710, "latencyMs": {"p50": 29753.343, "p95": 39813.119, "p99": 46891.007, "p999": 64749.567, "max": 70778.879, "mean": 30424.937677847844, "meanSuccessful": 30848.262394842866, "meanFailed": 30000.215197198115, "meanTotal": 30424.937677847844}, "errorsByType": {"SQLTransientConnectionException": 3710}, "firstErrorMessageByType": {"SQLTransientConnectionException": "HikariPool-1 - Connection is not available, request timed out after 30000ms (total=8, active=8, idle=0, waiting=226)"}, "appCpuMedian": 0.10015022533800699, "gcPauseMsTotal": 10}