{"runInfo": {"sut": "PGBOUNCER", "workload": "W5_HTAP", "loadMode": "open-loop", "targetRps": 12, "concurrency": 0, "poolSize": 20, "instanceId": 3, "totalInstances": 4, "configuredDbConnectionBudget": 100, "configuredReplicas": 4, "seed": 42, "durationSeconds": 900, "timestamp": "2026-07-12T13:15:55Z", "openLoopAttemptedOps": 10800, "openLoopMissedOpportunities": 0, "openLoopSchedulingDelayMs": 0.0, "clientPooling": "hikari"}, "attemptedRps": 11.58857086452391, "achievedThroughputRps": 4.688645003052447, "successfulThroughputRps": 4.688645003052447, "errorThroughputRps": 7.293686208409734, "totalThroughputRps": 11.982331211462181, "errorRate": 0.6087034383954155, "totalRequests": 11168, "successfulRequests": 4370, "failedRequests": 6798, "latencyMs": {"p50": 29900.799, "p95": 39059.455, "p99": 45219.839, "p999": 59146.239, "max": 61538.303, "mean": 30419.12726528116, "meanSuccessful": 31070.75038535469, "meanFailed": 30000.183719729626, "meanTotal": 30419.12726528116}, "errorsByType": {"SQLTransientConnectionException": 6798}, "firstErrorMessageByType": {"SQLTransientConnectionException": "HikariPool-1 - Connection is not available, request timed out after 30000ms (total=10, active=10, idle=0, waiting=360)"}, "appCpuMedian": 0.15015015015015015, "gcPauseMsTotal": 15}