{"runInfo": {"sut": "PGBOUNCER", "workload": "W5_HTAP", "loadMode": "open-loop", "targetRps": 8, "concurrency": 0, "poolSize": 20, "instanceId": 3, "totalInstances": 4, "configuredDbConnectionBudget": 100, "configuredReplicas": 4, "seed": 42, "durationSeconds": 900, "timestamp": "2026-07-02T06:51:17Z", "openLoopAttemptedOps": 7201, "openLoopMissedOpportunities": 0, "openLoopSchedulingDelayMs": 0.0, "clientPooling": "hikari"}, "attemptedRps": 6.840122003231508, "achievedThroughputRps": 3.3625929581224194, "successfulThroughputRps": 3.3625929581224194, "errorThroughputRps": 3.7131005291809425, "totalThroughputRps": 7.0756934873033615, "errorRate": 0.5247684252919855, "totalRequests": 7449, "successfulRequests": 3540, "failedRequests": 3909, "latencyMs": {"p50": 29769.727, "p95": 39780.351, "p99": 45318.143, "p999": 65208.319, "max": 69009.407, "mean": 30387.565984049805, "meanSuccessful": 30815.13133559322, "meanFailed": 30000.222642043234, "meanTotal": 30387.565984049805}, "errorsByType": {"SQLTransientConnectionException": 3909}, "firstErrorMessageByType": {"SQLTransientConnectionException": "HikariPool-1 - Connection is not available, request timed out after 30000ms (total=13, active=13, idle=0, waiting=235)"}, "appCpuMedian": 0.15015015015015015, "gcPauseMsTotal": 7}