{"runInfo": {"sut": "PGBOUNCER", "workload": "W5_HTAP", "loadMode": "open-loop", "targetRps": 4, "concurrency": 0, "poolSize": 20, "instanceId": 0, "totalInstances": 16, "configuredDbConnectionBudget": 100, "configuredReplicas": 16, "seed": 42, "durationSeconds": 900, "timestamp": "2026-07-15T18:12:16Z", "openLoopAttemptedOps": 3601, "openLoopMissedOpportunities": 0, "openLoopSchedulingDelayMs": 0.0, "clientPooling": "hikari"}, "attemptedRps": 3.85130806507331, "achievedThroughputRps": 1.6384904070236908, "successfulThroughputRps": 1.6384904070236908, "errorThroughputRps": 2.340089432485532, "totalThroughputRps": 3.9785798395092233, "errorRate": 0.5881720430107527, "totalRequests": 3720, "successfulRequests": 1532, "failedRequests": 2188, "latencyMs": {"p50": 31211.519, "p95": 49381.375, "p99": 74842.111, "p999": 103940.095, "max": 105447.423, "mean": 31308.57370770968, "meanSuccessful": 33177.093148825064, "meanFailed": 30000.238714243143, "meanTotal": 31308.57370770968}, "errorsByType": {"SQLTransientConnectionException": 2188}, "firstErrorMessageByType": {"SQLTransientConnectionException": "HikariPool-1 - Connection is not available, request timed out after 30000ms (total=8, active=8, idle=0, waiting=120)"}, "appCpuMedian": 0.025015634771732333, "gcPauseMsTotal": 2}