{"runInfo": {"sut": "HIKARI_DISCIPLINED", "workload": "W5_HTAP", "loadMode": "open-loop", "targetRps": 8, "concurrency": 0, "poolSize": 20, "instanceId": 1, "totalInstances": 4, "configuredDbConnectionBudget": 80, "configuredReplicas": 4, "seed": 42, "durationSeconds": 900, "timestamp": "2026-07-02T07:53:21Z", "openLoopAttemptedOps": 7201, "openLoopMissedOpportunities": 0, "openLoopSchedulingDelayMs": 0.0, "clientPooling": "hikari"}, "attemptedRps": 6.825540659407322, "achievedThroughputRps": 3.0985547029027267, "successfulThroughputRps": 3.0985547029027267, "errorThroughputRps": 3.973429585368073, "totalThroughputRps": 7.0719842882708, "errorRate": 0.5618549792253049, "totalRequests": 7461, "successfulRequests": 3269, "failedRequests": 4192, "latencyMs": {"p50": 28639.231, "p95": 88801.279, "p99": 210108.415, "p999": 220332.031, "max": 225312.767, "mean": 31629.164141061923, "meanSuccessful": 33717.97322055674, "meanFailed": 30000.231125432252, "meanTotal": 31629.164141061923}, "errorsByType": {"SQLTransientConnectionException": 4192}, "firstErrorMessageByType": {"SQLTransientConnectionException": "HikariPool-1 - Connection is not available, request timed out after 30000ms (total=20, active=20, idle=0, waiting=240)"}, "appCpuMedian": 0.2004008016032064, "gcPauseMsTotal": 11}