{"runInfo": {"sut": "HIKARI_DISCIPLINED", "workload": "W5_HTAP", "loadMode": "open-loop", "targetRps": 4, "concurrency": 0, "poolSize": 19, "instanceId": 14, "totalInstances": 16, "configuredDbConnectionBudget": 300, "configuredReplicas": 16, "seed": 42, "durationSeconds": 900, "timestamp": "2026-07-16T00:17:19Z", "openLoopAttemptedOps": 3601, "openLoopMissedOpportunities": 0, "openLoopSchedulingDelayMs": 0.0, "clientPooling": "hikari"}, "attemptedRps": 3.863076814480335, "achievedThroughputRps": 1.453466608770425, "successfulThroughputRps": 1.453466608770425, "errorThroughputRps": 2.5315345569974954, "totalThroughputRps": 3.9850011657679203, "errorRate": 0.6352657004830918, "totalRequests": 3726, "successfulRequests": 1359, "failedRequests": 2367, "latencyMs": {"p50": 23560.191, "p95": 141426.687, "p99": 396361.727, "p999": 437518.335, "max": 444596.223, "mean": 30854.98387772732, "meanSuccessful": 32343.27282119205, "meanFailed": 30000.224374623573, "meanTotal": 30854.98387772732}, "errorsByType": {"SQLTransientConnectionException": 2367}, "firstErrorMessageByType": {"SQLTransientConnectionException": "HikariPool-1 - Connection is not available, request timed out after 30000ms (total=19, active=19, idle=0, waiting=112)"}, "appCpuMedian": 0.025031289111389236, "gcPauseMsTotal": 0}