{"runInfo": {"sut": "PGBOUNCER", "workload": "W5_HTAP", "loadMode": "open-loop", "targetRps": 3, "concurrency": 0, "poolSize": 20, "instanceId": 12, "totalInstances": 16, "configuredDbConnectionBudget": 100, "configuredReplicas": 16, "seed": 42, "durationSeconds": 900, "timestamp": "2026-07-15T11:32:10Z", "openLoopAttemptedOps": 2701, "openLoopMissedOpportunities": 0, "openLoopSchedulingDelayMs": 0.0, "clientPooling": "hikari"}, "attemptedRps": 2.8887515160330524, "achievedThroughputRps": 1.7219140839737928, "successfulThroughputRps": 1.7219140839737928, "errorThroughputRps": 1.2502593566244495, "totalThroughputRps": 2.972173440598242, "errorRate": 0.42065491183879095, "totalRequests": 2779, "successfulRequests": 1610, "failedRequests": 1169, "latencyMs": {"p50": 30097.407, "p95": 47513.599, "p99": 90439.679, "p999": 104267.775, "max": 107675.647, "mean": 31073.606209304064, "meanSuccessful": 31852.86444720497, "meanFailed": 30000.304788972626, "meanTotal": 31073.606209304064}, "errorsByType": {"SQLTransientConnectionException": 1169}, "firstErrorMessageByType": {"SQLTransientConnectionException": "HikariPool-1 - Connection is not available, request timed out after 30000ms (total=12, active=12, idle=0, waiting=73)"}, "appCpuMedian": 0.025025025025025023, "gcPauseMsTotal": 1}