{"runInfo": {"sut": "PGBOUNCER", "workload": "W5_HTAP", "loadMode": "open-loop", "targetRps": 4, "concurrency": 0, "poolSize": 20, "instanceId": 10, "totalInstances": 16, "configuredDbConnectionBudget": 100, "configuredReplicas": 16, "seed": 42, "durationSeconds": 900, "timestamp": "2026-07-16T00:50:38Z", "openLoopAttemptedOps": 3601, "openLoopMissedOpportunities": 0, "openLoopSchedulingDelayMs": 0.0, "clientPooling": "hikari"}, "attemptedRps": 3.8513121840929365, "achievedThroughputRps": 1.7133579891465938, "successfulThroughputRps": 1.7133579891465938, "errorThroughputRps": 2.2705736647679267, "totalThroughputRps": 3.9839316539145204, "errorRate": 0.5699328859060403, "totalRequests": 3725, "successfulRequests": 1602, "failedRequests": 2123, "latencyMs": {"p50": 31375.359, "p95": 47022.079, "p99": 74645.503, "p999": 104333.311, "max": 105775.103, "mean": 31393.45211345235, "meanSuccessful": 33239.80632209738, "meanFailed": 30000.25650001743, "meanTotal": 31393.45211345235}, "errorsByType": {"SQLTransientConnectionException": 2123}, "firstErrorMessageByType": {"SQLTransientConnectionException": "HikariPool-1 - Connection is not available, request timed out after 30000ms (total=14, active=14, idle=0, waiting=109)"}, "appCpuMedian": 0.02501876407305479, "gcPauseMsTotal": 1}