{"runInfo": {"sut": "HIKARI_DISCIPLINED", "workload": "W5_HTAP", "loadMode": "open-loop", "targetRps": 3, "concurrency": 0, "poolSize": 19, "instanceId": 3, "totalInstances": 16, "configuredDbConnectionBudget": 300, "configuredReplicas": 16, "seed": 42, "durationSeconds": 900, "timestamp": "2026-07-15T12:37:57Z", "openLoopAttemptedOps": 2700, "openLoopMissedOpportunities": 0, "openLoopSchedulingDelayMs": 0.0, "clientPooling": "hikari"}, "attemptedRps": 2.898374022868278, "achievedThroughputRps": 1.3208457262886804, "successfulThroughputRps": 1.3208457262886804, "errorThroughputRps": 1.6662976854718736, "totalThroughputRps": 2.9871434117605538, "errorRate": 0.5578231292517006, "totalRequests": 2793, "successfulRequests": 1235, "failedRequests": 1558, "latencyMs": {"p50": 21348.351, "p95": 144572.415, "p99": 367263.743, "p999": 426770.431, "max": 440401.919, "mean": 30370.106566822415, "meanSuccessful": 30836.237607287447, "meanFailed": 30000.309280022462, "meanTotal": 30370.106566822415}, "errorsByType": {"SQLTransientConnectionException": 1558}, "firstErrorMessageByType": {"SQLTransientConnectionException": "HikariPool-1 - Connection is not available, request timed out after 30000ms (total=19, active=19, idle=0, waiting=80)"}, "appCpuMedian": 0.025021894157387717, "gcPauseMsTotal": 0}