{"runInfo": {"sut": "HIKARI_DISCIPLINED", "workload": "W5_HTAP", "loadMode": "open-loop", "targetRps": 2, "concurrency": 0, "poolSize": 19, "instanceId": 5, "totalInstances": 16, "configuredDbConnectionBudget": 300, "configuredReplicas": 16, "seed": 42, "durationSeconds": 900, "timestamp": "2026-07-15T02:44:10Z", "openLoopAttemptedOps": 1801, "openLoopMissedOpportunities": 0, "openLoopSchedulingDelayMs": 0.0, "clientPooling": "hikari"}, "attemptedRps": 1.9261908479731682, "achievedThroughputRps": 1.0834155074940697, "successfulThroughputRps": 1.0834155074940697, "errorThroughputRps": 0.838497293065499, "totalThroughputRps": 1.9219128005595687, "errorRate": 0.43628269337785197, "totalRequests": 1797, "successfulRequests": 1013, "failedRequests": 784, "latencyMs": {"p50": 370.175, "p95": 146014.207, "p99": 325058.559, "p999": 549978.111, "max": 564658.175, "mean": 25102.398723730665, "meanSuccessful": 21311.515422507404, "meanFailed": 30000.32138600255, "meanTotal": 25102.398723730665}, "errorsByType": {"SQLTransientConnectionException": 784}, "firstErrorMessageByType": {"SQLTransientConnectionException": "HikariPool-1 - Connection is not available, request timed out after 30000ms (total=19, active=19, idle=0, waiting=46)"}, "appCpuMedian": 0.025021894157387717, "gcPauseMsTotal": 0}