{"runInfo": {"sut": "HIKARI_DISCIPLINED", "workload": "W5_HTAP", "loadMode": "open-loop", "targetRps": 12, "concurrency": 0, "poolSize": 20, "instanceId": 1, "totalInstances": 4, "configuredDbConnectionBudget": 80, "configuredReplicas": 4, "seed": 42, "durationSeconds": 900, "timestamp": "2026-07-12T15:52:52Z", "openLoopAttemptedOps": 10800, "openLoopMissedOpportunities": 0, "openLoopSchedulingDelayMs": 0.0, "clientPooling": "hikari"}, "attemptedRps": 11.55178517380084, "achievedThroughputRps": 4.100504060397409, "successfulThroughputRps": 4.100504060397409, "errorThroughputRps": 7.810636711810714, "totalThroughputRps": 11.911140772208123, "errorRate": 0.6557421208583999, "totalRequests": 11137, "successfulRequests": 3834, "failedRequests": 7303, "latencyMs": {"p50": 29261.823, "p95": 80347.135, "p99": 182845.439, "p999": 195166.207, "max": 198311.935, "mean": 31114.752454564154, "meanSuccessful": 33237.849483046426, "meanFailed": 30000.187910205805, "meanTotal": 31114.752454564154}, "errorsByType": {"SQLTransientConnectionException": 7303}, "firstErrorMessageByType": {"SQLTransientConnectionException": "HikariPool-1 - Connection is not available, request timed out after 30000ms (total=20, active=20, idle=0, waiting=360)"}, "appCpuMedian": 0.20030045067601399, "gcPauseMsTotal": 18}