{"runInfo": {"sut": "PGBOUNCER", "workload": "W5_HTAP", "loadMode": "open-loop", "targetRps": 4, "concurrency": 0, "poolSize": 20, "instanceId": 10, "totalInstances": 16, "configuredDbConnectionBudget": 100, "configuredReplicas": 16, "seed": 42, "durationSeconds": 900, "timestamp": "2026-07-15T18:12:26Z", "openLoopAttemptedOps": 3601, "openLoopMissedOpportunities": 0, "openLoopSchedulingDelayMs": 0.0, "clientPooling": "hikari"}, "attemptedRps": 3.85130806507331, "achievedThroughputRps": 1.6245867677995995, "successfulThroughputRps": 1.6245867677995995, "errorThroughputRps": 2.3561320931287146, "totalThroughputRps": 3.980718860928314, "errorRate": 0.591886082751209, "totalRequests": 3722, "successfulRequests": 1519, "failedRequests": 2203, "latencyMs": {"p50": 31473.663, "p95": 50659.327, "p99": 76611.583, "p999": 106823.679, "max": 107216.895, "mean": 31603.694478911606, "meanSuccessful": 33929.43776695194, "meanFailed": 30000.27222121516, "meanTotal": 31603.694478911606}, "errorsByType": {"SQLTransientConnectionException": 2203}, "firstErrorMessageByType": {"SQLTransientConnectionException": "HikariPool-1 - Connection is not available, request timed out after 30000ms (total=11, active=11, idle=0, waiting=115)"}, "appCpuMedian": 0.02501876407305479, "gcPauseMsTotal": 1}