{"runInfo": {"sut": "PGBOUNCER", "workload": "W5_HTAP", "loadMode": "open-loop", "targetRps": 8, "concurrency": 0, "poolSize": 20, "instanceId": 3, "totalInstances": 4, "configuredDbConnectionBudget": 100, "configuredReplicas": 4, "seed": 42, "durationSeconds": 900, "timestamp": "2026-07-05T10:42:32Z", "openLoopAttemptedOps": 7201, "openLoopMissedOpportunities": 0, "openLoopSchedulingDelayMs": 0.0, "clientPooling": "hikari"}, "attemptedRps": 7.72771320429129, "achievedThroughputRps": 5.020169749989536, "successfulThroughputRps": 5.020169749989536, "errorThroughputRps": 2.929684356022111, "totalThroughputRps": 7.949854106011648, "errorRate": 0.36852051835853133, "totalRequests": 7408, "successfulRequests": 4678, "failedRequests": 2730, "latencyMs": {"p50": 29114.367, "p95": 37191.679, "p99": 42369.023, "p999": 57180.159, "max": 57540.607, "mean": 28806.148509076942, "meanSuccessful": 28109.291324497648, "meanFailed": 30000.302605527842, "meanTotal": 28806.148509076942}, "errorsByType": {"SQLTransientConnectionException": 2730}, "firstErrorMessageByType": {"SQLTransientConnectionException": "HikariPool-1 - Connection is not available, request timed out after 30000ms (total=13, active=13, idle=0, waiting=181)"}, "appCpuMedian": 0.15037593984962408, "gcPauseMsTotal": 10}