{"runInfo": {"sut": "PGBOUNCER", "workload": "W5_HTAP", "loadMode": "open-loop", "targetRps": 4, "concurrency": 0, "poolSize": 20, "instanceId": 1, "totalInstances": 2, "configuredDbConnectionBudget": 100, "configuredReplicas": 2, "seed": 42, "durationSeconds": 900, "timestamp": "2026-05-30T17:03:13Z", "openLoopAttemptedOps": 4801, "openLoopMissedOpportunities": 0, "openLoopSchedulingDelayMs": 0.0871, "clientPooling": "hikari"}, "attemptedRps": 2.65754104022695, "achievedThroughputRps": 0.994825138079958, "successfulThroughputRps": 0.994825138079958, "errorThroughputRps": 1.7438959950170183, "totalThroughputRps": 2.7387211330969765, "errorRate": 0.636755591484775, "totalRequests": 3711, "successfulRequests": 1348, "failedRequests": 2363, "latencyMs": {"p50": 26345.471, "p95": 60030.975, "p99": 60030.975, "p999": 65437.695, "max": 65601.535, "mean": 30257.841128480195, "meanSuccessful": 27665.57116172107, "meanFailed": 30000.26110425645, "meanTotal": 30257.841128480195}, "errorsByType": {"SQLTransientConnectionException": 2363}, "firstErrorMessageByType": {"SQLTransientConnectionException": "HikariPool-1 - Connection is not available, request timed out after 30000ms (total=8, active=8, idle=0, waiting=120)"}, "appCpuMedian": 0.10010010010010009, "gcPauseMsTotal": 7}