{"runInfo": {"sut": "PGBOUNCER", "workload": "W5_HTAP", "loadMode": "open-loop", "targetRps": 4, "concurrency": 0, "poolSize": 20, "instanceId": 3, "totalInstances": 4, "configuredDbConnectionBudget": 100, "configuredReplicas": 4, "seed": 42, "durationSeconds": 900, "timestamp": "2026-07-11T18:23:37Z", "openLoopAttemptedOps": 3601, "openLoopMissedOpportunities": 0, "openLoopSchedulingDelayMs": 0.0, "clientPooling": "hikari"}, "attemptedRps": 3.881111457200534, "achievedThroughputRps": 3.8423111204998346, "successfulThroughputRps": 3.8423111204998346, "errorThroughputRps": 0.06251165357334934, "totalThroughputRps": 3.904822774073184, "errorRate": 0.016008832459287883, "totalRequests": 3623, "successfulRequests": 3565, "failedRequests": 58, "latencyMs": {"p50": 10772.479, "p95": 25280.511, "p99": 32620.543, "p999": 47546.367, "max": 63209.471, "mean": 11549.386248672647, "meanSuccessful": 11249.217459747546, "meanFailed": 30000.863162241378, "meanTotal": 11549.386248672647}, "errorsByType": {"SQLTransientConnectionException": 58}, "firstErrorMessageByType": {"SQLTransientConnectionException": "HikariPool-1 - Connection is not available, request timed out after 30000ms (total=8, active=8, idle=0, waiting=85)"}, "appCpuMedian": 0.10005002501250625, "gcPauseMsTotal": 10}