{"runInfo": {"sut": "PGBOUNCER", "workload": "W5_HTAP", "loadMode": "open-loop", "targetRps": 4, "concurrency": 0, "poolSize": 20, "instanceId": 3, "totalInstances": 16, "configuredDbConnectionBudget": 100, "configuredReplicas": 16, "seed": 42, "durationSeconds": 900, "timestamp": "2026-07-16T00:50:32Z", "openLoopAttemptedOps": 3601, "openLoopMissedOpportunities": 0, "openLoopSchedulingDelayMs": 0.0, "clientPooling": "hikari"}, "attemptedRps": 3.8513121840929365, "achievedThroughputRps": 1.7176360365601933, "successfulThroughputRps": 1.7176360365601933, "errorThroughputRps": 2.2566700106737283, "totalThroughputRps": 3.9743060472339216, "errorRate": 0.5678148546824543, "totalRequests": 3716, "successfulRequests": 1606, "failedRequests": 2110, "latencyMs": {"p50": 30785.535, "p95": 48562.175, "p99": 75366.399, "p999": 104595.455, "max": 107675.647, "mean": 31207.62337061222, "meanSuccessful": 32794.08312826899, "meanFailed": 30000.28029177251, "meanTotal": 31207.62337061222}, "errorsByType": {"SQLTransientConnectionException": 2110}, "firstErrorMessageByType": {"SQLTransientConnectionException": "HikariPool-1 - Connection is not available, request timed out after 30001ms (total=7, active=7, idle=0, waiting=115)"}, "appCpuMedian": 0.025031289111389236, "gcPauseMsTotal": 2}