{"runInfo": {"sut": "HIKARI_DISCIPLINED", "workload": "W5_HTAP", "loadMode": "open-loop", "targetRps": 4, "concurrency": 0, "poolSize": 19, "instanceId": 13, "totalInstances": 16, "configuredDbConnectionBudget": 300, "configuredReplicas": 16, "seed": 42, "durationSeconds": 900, "timestamp": "2026-07-16T00:17:18Z", "openLoopAttemptedOps": 3601, "openLoopMissedOpportunities": 0, "openLoopSchedulingDelayMs": 0.0, "clientPooling": "hikari"}, "attemptedRps": 3.85130806507331, "achievedThroughputRps": 1.3721822403468638, "successfulThroughputRps": 1.3721822403468638, "errorThroughputRps": 2.5796598314237222, "totalThroughputRps": 3.951842071770586, "errorRate": 0.6527740189445196, "totalRequests": 3695, "successfulRequests": 1283, "failedRequests": 2412, "latencyMs": {"p50": 24330.239, "p95": 145883.135, "p99": 369098.751, "p999": 446431.231, "max": 449314.815, "mean": 31009.95071911448, "meanSuccessful": 32908.557187841, "meanFailed": 30000.27154139179, "meanTotal": 31009.95071911448}, "errorsByType": {"SQLTransientConnectionException": 2412}, "firstErrorMessageByType": {"SQLTransientConnectionException": "HikariPool-1 - Connection is not available, request timed out after 30000ms (total=19, active=19, idle=0, waiting=112)"}, "appCpuMedian": 0.025025025025025023, "gcPauseMsTotal": 0}