{"runInfo": {"sut": "PGBOUNCER", "workload": "W5_HTAP", "loadMode": "open-loop", "targetRps": 5, "concurrency": 0, "poolSize": 20, "instanceId": 0, "totalInstances": 4, "configuredDbConnectionBudget": 100, "configuredReplicas": 4, "seed": 42, "durationSeconds": 1800, "timestamp": "2026-05-23T06:53:02Z", "openLoopAttemptedOps": 10501, "openLoopMissedOpportunities": 0, "openLoopSchedulingDelayMs": 0.12602, "clientPooling": "hikari"}, "attemptedRps": 3.991549498140588, "achievedThroughputRps": 0.7991081208365003, "successfulThroughputRps": 0.7991081208365003, "errorThroughputRps": 3.2616205486972585, "totalThroughputRps": 4.060728669533758, "errorRate": 0.8032106585126133, "totalRequests": 9157, "successfulRequests": 1802, "failedRequests": 7355, "latencyMs": {"p50": 29245.439, "p95": 60030.975, "p99": 60882.943, "p999": 65994.751, "max": 66617.343, "mean": 30815.723051543082, "meanSuccessful": 31464.192284128745, "meanFailed": 30000.32334183426, "meanTotal": 30815.723051543082}, "errorsByType": {"SQLTransientConnectionException": 7355}, "firstErrorMessageByType": {"SQLTransientConnectionException": "HikariPool-1 - Connection is not available, request timed out after 30000ms (total=7, active=7, idle=0, waiting=150)"}, "appCpuMedian": 0.15037593984962408, "gcPauseMsTotal": 4368}