{"runInfo": {"sut": "PGBOUNCER", "workload": "W5_HTAP", "loadMode": "open-loop", "targetRps": 3, "concurrency": 0, "poolSize": 20, "instanceId": 0, "totalInstances": 16, "configuredDbConnectionBudget": 100, "configuredReplicas": 16, "seed": 42, "durationSeconds": 900, "timestamp": "2026-07-15T13:11:34Z", "openLoopAttemptedOps": 2701, "openLoopMissedOpportunities": 0, "openLoopSchedulingDelayMs": 0.0, "clientPooling": "hikari"}, "attemptedRps": 2.8887515160330524, "achievedThroughputRps": 1.644909230529002, "successfulThroughputRps": 1.644909230529002, "errorThroughputRps": 1.3069434848546426, "totalThroughputRps": 2.9518527153836445, "errorRate": 0.4427536231884058, "totalRequests": 2760, "successfulRequests": 1538, "failedRequests": 1222, "latencyMs": {"p50": 30064.639, "p95": 49250.303, "p99": 76546.047, "p999": 104136.703, "max": 115474.431, "mean": 30715.344133347462, "meanSuccessful": 31283.54813003901, "meanFailed": 30000.297288994272, "meanTotal": 30715.344133347462}, "errorsByType": {"SQLTransientConnectionException": 1222}, "firstErrorMessageByType": {"SQLTransientConnectionException": "HikariPool-1 - Connection is not available, request timed out after 30000ms (total=16, active=16, idle=0, waiting=55)"}, "appCpuMedian": 0.025025025025025023, "gcPauseMsTotal": 1}