{"runInfo": {"sut": "PGBOUNCER", "workload": "W5_HTAP", "loadMode": "open-loop", "targetRps": 12, "concurrency": 0, "poolSize": 20, "instanceId": 0, "totalInstances": 2, "configuredDbConnectionBudget": 100, "configuredReplicas": 2, "seed": 42, "durationSeconds": 900, "timestamp": "2026-05-31T08:04:03Z", "openLoopAttemptedOps": 14401, "openLoopMissedOpportunities": 0, "openLoopSchedulingDelayMs": 0.176034, "clientPooling": "hikari"}, "attemptedRps": 7.971135353583064, "achievedThroughputRps": 0.8649357128413434, "successfulThroughputRps": 0.8649357128413434, "errorThroughputRps": 7.379997549840814, "totalThroughputRps": 8.244933262682157, "errorRate": 0.8950948800572861, "totalRequests": 11172, "successfulRequests": 1172, "failedRequests": 10000, "latencyMs": {"p50": 29392.895, "p95": 60030.975, "p99": 60030.975, "p999": 62423.039, "max": 63766.527, "mean": 30572.94586497091, "meanSuccessful": 32013.913295221842, "meanFailed": 30000.2482153586, "meanTotal": 30572.94586497091}, "errorsByType": {"SQLTransientConnectionException": 10000}, "firstErrorMessageByType": {"SQLTransientConnectionException": "HikariPool-1 - Connection is not available, request timed out after 30000ms (total=12, active=12, idle=0, waiting=359)"}, "appCpuMedian": 0.20020020020020018, "gcPauseMsTotal": 6}