{"runInfo": {"sut": "PGBOUNCER", "workload": "W5_HTAP", "loadMode": "open-loop", "targetRps": 12, "concurrency": 0, "poolSize": 20, "instanceId": 2, "totalInstances": 4, "configuredDbConnectionBudget": 100, "configuredReplicas": 4, "seed": 42, "durationSeconds": 900, "timestamp": "2026-07-12T13:15:54Z", "openLoopAttemptedOps": 10801, "openLoopMissedOpportunities": 0, "openLoopSchedulingDelayMs": 0.0, "clientPooling": "hikari"}, "attemptedRps": 11.579600776619092, "achievedThroughputRps": 4.851189104175668, "successfulThroughputRps": 4.851189104175668, "errorThroughputRps": 7.125083488696462, "totalThroughputRps": 11.97627259287213, "errorRate": 0.5949333094619998, "totalRequests": 11171, "successfulRequests": 4525, "failedRequests": 6646, "latencyMs": {"p50": 29949.951, "p95": 39157.759, "p99": 46366.719, "p999": 63864.831, "max": 67633.151, "mean": 30533.49433968284, "meanSuccessful": 31316.82994917127, "meanFailed": 30000.168885994884, "meanTotal": 30533.49433968284}, "errorsByType": {"SQLTransientConnectionException": 6646}, "firstErrorMessageByType": {"SQLTransientConnectionException": "HikariPool-1 - Connection is not available, request timed out after 30000ms (total=10, active=10, idle=0, waiting=360)"}, "appCpuMedian": 0.1503006012024048, "gcPauseMsTotal": 10}