{"runInfo": {"sut": "HIKARI_DISCIPLINED", "workload": "W5_HTAP", "loadMode": "open-loop", "targetRps": 12, "concurrency": 0, "poolSize": 38, "instanceId": 1, "totalInstances": 2, "configuredDbConnectionBudget": 75, "configuredReplicas": 2, "seed": 42, "durationSeconds": 900, "timestamp": "2026-05-31T07:29:58Z", "openLoopAttemptedOps": 14401, "openLoopMissedOpportunities": 0, "openLoopSchedulingDelayMs": 0.076224, "clientPooling": "hikari"}, "attemptedRps": 7.973367005876705, "achievedThroughputRps": 0.994087870873373, "successfulThroughputRps": 0.994087870873373, "errorThroughputRps": 7.25750565862565, "totalThroughputRps": 8.251593529499022, "errorRate": 0.8795277703246579, "totalRequests": 11181, "successfulRequests": 1347, "failedRequests": 9834, "latencyMs": {"p50": 29671.423, "p95": 60030.975, "p99": 60030.975, "p999": 60030.975, "max": 60030.975, "mean": 33447.75028898909, "meanSuccessful": 31100.53826429102, "meanFailed": 30000.198169452717, "meanTotal": 33447.75028898909}, "errorsByType": {"SQLTransientConnectionException": 9834}, "firstErrorMessageByType": {"SQLTransientConnectionException": "HikariPool-1 - Connection is not available, request timed out after 30000ms (total=38, active=38, idle=0, waiting=358)"}, "appCpuMedian": 0.15007503751875936, "gcPauseMsTotal": 13}