{"runInfo": {"sut": "HIKARI_DISCIPLINED", "workload": "W5_HTAP", "loadMode": "open-loop", "targetRps": 4, "concurrency": 0, "poolSize": 19, "instanceId": 13, "totalInstances": 16, "configuredDbConnectionBudget": 300, "configuredReplicas": 16, "seed": 42, "durationSeconds": 900, "timestamp": "2026-07-15T20:58:06Z", "openLoopAttemptedOps": 3601, "openLoopMissedOpportunities": 0, "openLoopSchedulingDelayMs": 0.0, "clientPooling": "hikari"}, "attemptedRps": 3.858794640040128, "achievedThroughputRps": 1.3058725763550434, "successfulThroughputRps": 1.3058725763550434, "errorThroughputRps": 2.6737767738637253, "totalThroughputRps": 3.9796493502187684, "errorRate": 0.6718624025799517, "totalRequests": 3721, "successfulRequests": 1221, "failedRequests": 2500, "latencyMs": {"p50": 23920.639, "p95": 145752.063, "p99": 403177.471, "p999": 437518.335, "max": 447479.807, "mean": 31166.360923960223, "meanSuccessful": 33553.505431613434, "meanFailed": 30000.2683089864, "meanTotal": 31166.360923960223}, "errorsByType": {"SQLTransientConnectionException": 2500}, "firstErrorMessageByType": {"SQLTransientConnectionException": "HikariPool-1 - Connection is not available, request timed out after 30000ms (total=19, active=19, idle=0, waiting=112)"}, "appCpuMedian": 0.025025025025025023, "gcPauseMsTotal": 0}