{"runInfo": {"sut": "HIKARI_DISCIPLINED", "workload": "W5_HTAP", "loadMode": "open-loop", "targetRps": 4, "concurrency": 0, "poolSize": 20, "instanceId": 3, "totalInstances": 4, "configuredDbConnectionBudget": 80, "configuredReplicas": 4, "seed": 42, "durationSeconds": 900, "timestamp": "2026-07-11T22:35:06Z", "openLoopAttemptedOps": 3600, "openLoopMissedOpportunities": 0, "openLoopSchedulingDelayMs": 0.0, "clientPooling": "hikari"}, "attemptedRps": 3.85130806507331, "achievedThroughputRps": 3.310135646043292, "successfulThroughputRps": 3.310135646043292, "errorThroughputRps": 0.5283382905154721, "totalThroughputRps": 3.838473936558764, "errorRate": 0.13764279743661187, "totalRequests": 3589, "successfulRequests": 3095, "failedRequests": 494, "latencyMs": {"p50": 15138.815, "p95": 51216.383, "p99": 131203.071, "p999": 236060.671, "max": 240386.047, "mean": 19177.765391749235, "meanSuccessful": 17450.489841033923, "meanFailed": 30000.416758540487, "meanTotal": 19177.765391749235}, "errorsByType": {"SQLTransientConnectionException": 494}, "firstErrorMessageByType": {"SQLTransientConnectionException": "HikariPool-1 - Connection is not available, request timed out after 30001ms (total=20, active=20, idle=0, waiting=61)"}, "appCpuMedian": 0.20030045067601399, "gcPauseMsTotal": 13}