{"runInfo": {"sut": "PGBOUNCER", "workload": "W5_HTAP", "loadMode": "open-loop", "targetRps": 4, "concurrency": 0, "poolSize": 20, "instanceId": 9, "totalInstances": 16, "configuredDbConnectionBudget": 100, "configuredReplicas": 16, "seed": 42, "durationSeconds": 900, "timestamp": "2026-07-16T00:50:37Z", "openLoopAttemptedOps": 3601, "openLoopMissedOpportunities": 0, "openLoopSchedulingDelayMs": 0.0, "clientPooling": "hikari"}, "attemptedRps": 3.85130806507331, "achievedThroughputRps": 1.623517257090054, "successfulThroughputRps": 1.623517257090054, "errorThroughputRps": 2.352923561000078, "totalThroughputRps": 3.9764408180901323, "errorRate": 0.591715976331361, "totalRequests": 3718, "successfulRequests": 1518, "failedRequests": 2200, "latencyMs": {"p50": 31604.735, "p95": 46596.095, "p99": 86179.839, "p999": 106430.463, "max": 106627.071, "mean": 31418.36925705917, "meanSuccessful": 33473.56666139657, "meanFailed": 30000.299285292727, "meanTotal": 31418.36925705917}, "errorsByType": {"SQLTransientConnectionException": 2200}, "firstErrorMessageByType": {"SQLTransientConnectionException": "HikariPool-1 - Connection is not available, request timed out after 30000ms (total=9, active=9, idle=0, waiting=110)"}, "appCpuMedian": 0.025034422330704718, "gcPauseMsTotal": 2}