{"runInfo": {"sut": "PGBOUNCER", "workload": "W5_HTAP", "loadMode": "open-loop", "targetRps": 3, "concurrency": 0, "poolSize": 20, "instanceId": 5, "totalInstances": 16, "configuredDbConnectionBudget": 100, "configuredReplicas": 16, "seed": 42, "durationSeconds": 900, "timestamp": "2026-07-15T09:52:58Z", "openLoopAttemptedOps": 2701, "openLoopMissedOpportunities": 0, "openLoopSchedulingDelayMs": 0.0, "clientPooling": "hikari"}, "attemptedRps": 2.8887515160330524, "achievedThroughputRps": 1.4652312391578237, "successfulThroughputRps": 1.4652312391578237, "errorThroughputRps": 1.5229848792414167, "totalThroughputRps": 2.98821611839924, "errorRate": 0.5096635647816751, "totalRequests": 2794, "successfulRequests": 1370, "failedRequests": 1424, "latencyMs": {"p50": 31571.967, "p95": 47382.527, "p99": 95551.487, "p999": 105054.207, "max": 109314.047, "mean": 31901.912506416964, "meanSuccessful": 33878.43699854015, "meanFailed": 30000.331965464182, "meanTotal": 31901.912506416964}, "errorsByType": {"SQLTransientConnectionException": 1424}, "firstErrorMessageByType": {"SQLTransientConnectionException": "HikariPool-1 - Connection is not available, request timed out after 30000ms (total=8, active=8, idle=0, waiting=90)"}, "appCpuMedian": 0.02502815667626079, "gcPauseMsTotal": 2}