{"runInfo": {"sut": "HIKARI_DISCIPLINED", "workload": "W5_HTAP", "loadMode": "open-loop", "targetRps": 12, "concurrency": 0, "poolSize": 20, "instanceId": 2, "totalInstances": 4, "configuredDbConnectionBudget": 80, "configuredReplicas": 4, "seed": 42, "durationSeconds": 900, "timestamp": "2026-07-12T15:52:53Z", "openLoopAttemptedOps": 10800, "openLoopMissedOpportunities": 0, "openLoopSchedulingDelayMs": 0.0, "clientPooling": "hikari"}, "attemptedRps": 11.55178517380084, "achievedThroughputRps": 4.130450360264683, "successfulThroughputRps": 4.130450360264683, "errorThroughputRps": 7.807428179682078, "totalThroughputRps": 11.93787853994676, "errorRate": 0.654004658663322, "totalRequests": 11162, "successfulRequests": 3862, "failedRequests": 7300, "latencyMs": {"p50": 29229.055, "p95": 80216.063, "p99": 185073.663, "p999": 195035.135, "max": 196476.927, "mean": 31123.407190587262, "meanSuccessful": 33246.11891869498, "meanFailed": 30000.15485591041, "meanTotal": 31123.407190587262}, "errorsByType": {"SQLTransientConnectionException": 7300}, "firstErrorMessageByType": {"SQLTransientConnectionException": "HikariPool-1 - Connection is not available, request timed out after 30000ms (total=20, active=20, idle=0, waiting=360)"}, "appCpuMedian": 0.15037593984962408, "gcPauseMsTotal": 17}