{"runInfo": {"sut": "HIKARI_DISCIPLINED", "workload": "W5_HTAP", "loadMode": "open-loop", "targetRps": 2, "concurrency": 0, "poolSize": 19, "instanceId": 2, "totalInstances": 16, "configuredDbConnectionBudget": 300, "configuredReplicas": 16, "seed": 42, "durationSeconds": 900, "timestamp": "2026-07-15T04:23:08Z", "openLoopAttemptedOps": 1801, "openLoopMissedOpportunities": 0, "openLoopSchedulingDelayMs": 0.0, "clientPooling": "hikari"}, "attemptedRps": 1.9261887878914277, "achievedThroughputRps": 0.9914364277486694, "successfulThroughputRps": 0.9914364277486694, "errorThroughputRps": 0.9304743173045764, "totalThroughputRps": 1.9219107450532458, "errorRate": 0.48414023372287146, "totalRequests": 1797, "successfulRequests": 927, "failedRequests": 870, "latencyMs": {"p50": 68.479, "p95": 149028.863, "p99": 382205.951, "p999": 596115.455, "max": 596115.455, "mean": 25891.560544718974, "meanSuccessful": 22035.328446601943, "meanFailed": 30000.289429506895, "meanTotal": 25891.560544718974}, "errorsByType": {"SQLTransientConnectionException": 870}, "firstErrorMessageByType": {"SQLTransientConnectionException": "HikariPool-1 - Connection is not available, request timed out after 30000ms (total=19, active=19, idle=0, waiting=41)"}, "appCpuMedian": 0.02501876407305479, "gcPauseMsTotal": 0}