{"runInfo": {"sut": "HIKARI_DISCIPLINED", "workload": "W5_HTAP", "loadMode": "open-loop", "targetRps": 8, "concurrency": 0, "poolSize": 38, "instanceId": 1, "totalInstances": 2, "configuredDbConnectionBudget": 75, "configuredReplicas": 2, "seed": 42, "durationSeconds": 900, "timestamp": "2026-05-31T05:48:52Z", "openLoopAttemptedOps": 9601, "openLoopMissedOpportunities": 0, "openLoopSchedulingDelayMs": 0.094652, "clientPooling": "hikari"}, "attemptedRps": 5.3143440796096275, "achievedThroughputRps": 1.0117991574982361, "successfulThroughputRps": 1.0117991574982361, "errorThroughputRps": 4.483355128958268, "totalThroughputRps": 5.495154286456504, "errorRate": 0.8158742949234489, "totalRequests": 7446, "successfulRequests": 1371, "failedRequests": 6075, "latencyMs": {"p50": 27525.119, "p95": 60030.975, "p99": 60030.975, "p999": 60030.975, "max": 60030.975, "mean": 33454.61503080849, "meanSuccessful": 22634.64875929978, "meanFailed": 30000.202639273743, "meanTotal": 33454.61503080849}, "errorsByType": {"SQLTransientConnectionException": 6075}, "firstErrorMessageByType": {"SQLTransientConnectionException": "HikariPool-1 - Connection is not available, request timed out after 30000ms (total=38, active=38, idle=0, waiting=225)"}, "appCpuMedian": 0.1500750375187594, "gcPauseMsTotal": 12}