{"runInfo": {"sut": "PGBOUNCER", "workload": "W5_HTAP", "loadMode": "open-loop", "targetRps": 3, "concurrency": 0, "poolSize": 20, "instanceId": 11, "totalInstances": 16, "configuredDbConnectionBudget": 100, "configuredReplicas": 16, "seed": 42, "durationSeconds": 900, "timestamp": "2026-07-15T09:53:12Z", "openLoopAttemptedOps": 2701, "openLoopMissedOpportunities": 0, "openLoopSchedulingDelayMs": 0.0, "clientPooling": "hikari"}, "attemptedRps": 2.8887484264823686, "achievedThroughputRps": 1.512288143297323, "successfulThroughputRps": 1.512288143297323, "errorThroughputRps": 1.4759247791727763, "totalThroughputRps": 2.9882129224700993, "errorRate": 0.49391553328561205, "totalRequests": 2794, "successfulRequests": 1414, "failedRequests": 1380, "latencyMs": {"p50": 31342.591, "p95": 48365.567, "p99": 73334.783, "p999": 102694.911, "max": 108986.367, "mean": 31748.805955115964, "meanSuccessful": 33455.24489957567, "meanFailed": 30000.36748543696, "meanTotal": 31748.805955115964}, "errorsByType": {"SQLTransientConnectionException": 1380}, "firstErrorMessageByType": {"SQLTransientConnectionException": "HikariPool-1 - Connection is not available, request timed out after 30000ms (total=9, active=9, idle=0, waiting=90)"}, "appCpuMedian": 0.025025025025025023, "gcPauseMsTotal": 2}