{"runInfo": {"sut": "PGBOUNCER", "workload": "W5_HTAP", "loadMode": "open-loop", "targetRps": 12, "concurrency": 0, "poolSize": 20, "instanceId": 2, "totalInstances": 4, "configuredDbConnectionBudget": 100, "configuredReplicas": 4, "seed": 42, "durationSeconds": 900, "timestamp": "2026-07-02T09:58:56Z", "openLoopAttemptedOps": 10801, "openLoopMissedOpportunities": 0, "openLoopSchedulingDelayMs": 0.0, "clientPooling": "hikari"}, "attemptedRps": 10.237827355027303, "achievedThroughputRps": 3.7004423658945087, "successfulThroughputRps": 3.7004423658945087, "errorThroughputRps": 6.892832193848583, "totalThroughputRps": 10.593274559743092, "errorRate": 0.6506800286327845, "totalRequests": 11176, "successfulRequests": 3904, "failedRequests": 7272, "latencyMs": {"p50": 29966.335, "p95": 39518.207, "p99": 46202.879, "p999": 65765.375, "max": 67305.471, "mean": 30510.875526603977, "meanSuccessful": 31462.11986885246, "meanFailed": 30000.18703851169, "meanTotal": 30510.875526603977}, "errorsByType": {"SQLTransientConnectionException": 7272}, "firstErrorMessageByType": {"SQLTransientConnectionException": "HikariPool-1 - Connection is not available, request timed out after 30000ms (total=16, active=16, idle=0, waiting=360)"}, "appCpuMedian": 0.1503006012024048, "gcPauseMsTotal": 11}