{"runInfo": {"sut": "PGBOUNCER", "workload": "W5_HTAP", "loadMode": "open-loop", "targetRps": 3, "concurrency": 0, "poolSize": 20, "instanceId": 7, "totalInstances": 16, "configuredDbConnectionBudget": 100, "configuredReplicas": 16, "seed": 42, "durationSeconds": 900, "timestamp": "2026-07-15T13:11:41Z", "openLoopAttemptedOps": 2701, "openLoopMissedOpportunities": 0, "openLoopSchedulingDelayMs": 0.0, "clientPooling": "hikari"}, "attemptedRps": 2.8887484264823686, "achievedThroughputRps": 1.6556025783764186, "successfulThroughputRps": 1.6556025783764186, "errorThroughputRps": 1.3283323012554986, "totalThroughputRps": 2.983934879631917, "errorRate": 0.44516129032258067, "totalRequests": 2790, "successfulRequests": 1548, "failedRequests": 1242, "latencyMs": {"p50": 29868.031, "p95": 48365.567, "p99": 91881.471, "p999": 104333.311, "max": 106954.751, "mean": 31220.729878994982, "meanSuccessful": 32199.76018604651, "meanFailed": 30000.342750232692, "meanTotal": 31220.729878994982}, "errorsByType": {"SQLTransientConnectionException": 1242}, "firstErrorMessageByType": {"SQLTransientConnectionException": "HikariPool-1 - Connection is not available, request timed out after 30000ms (total=12, active=12, idle=0, waiting=87)"}, "appCpuMedian": 0.025021894157387717, "gcPauseMsTotal": 1}