{"runInfo": {"sut": "HIKARI_DISCIPLINED", "workload": "W5_HTAP", "loadMode": "open-loop", "targetRps": 2, "concurrency": 0, "poolSize": 19, "instanceId": 4, "totalInstances": 16, "configuredDbConnectionBudget": 300, "configuredReplicas": 16, "seed": 42, "durationSeconds": 900, "timestamp": "2026-07-15T07:40:35Z", "openLoopAttemptedOps": 1801, "openLoopMissedOpportunities": 0, "openLoopSchedulingDelayMs": 0.0, "clientPooling": "hikari"}, "attemptedRps": 1.9261908479731682, "achievedThroughputRps": 1.394643456833432, "successfulThroughputRps": 1.394643456833432, "errorThroughputRps": 0.5197827607523374, "totalThroughputRps": 1.9144262175857696, "errorRate": 0.27150837988826815, "totalRequests": 1790, "successfulRequests": 1304, "failedRequests": 486, "latencyMs": {"p50": 41.407, "p95": 55607.295, "p99": 240517.119, "p999": 414711.807, "max": 416546.815, "mean": 18551.94444598715, "meanSuccessful": 14284.972656441718, "meanFailed": 30000.31435149177, "meanTotal": 18551.94444598715}, "errorsByType": {"SQLTransientConnectionException": 486}, "firstErrorMessageByType": {"SQLTransientConnectionException": "HikariPool-1 - Connection is not available, request timed out after 30000ms (total=19, active=19, idle=0, waiting=32)"}, "appCpuMedian": 0.025025025025025023, "gcPauseMsTotal": 0}