{"runInfo": {"sut": "PGBOUNCER", "workload": "W5_HTAP", "loadMode": "open-loop", "targetRps": 4, "concurrency": 0, "poolSize": 20, "instanceId": 4, "totalInstances": 16, "configuredDbConnectionBudget": 100, "configuredReplicas": 16, "seed": 42, "durationSeconds": 900, "timestamp": "2026-07-15T18:12:20Z", "openLoopAttemptedOps": 3601, "openLoopMissedOpportunities": 0, "openLoopSchedulingDelayMs": 0.0, "clientPooling": "hikari"}, "attemptedRps": 3.8513163031213735, "achievedThroughputRps": 1.6470500157753167, "successfulThroughputRps": 1.6470500157753167, "errorThroughputRps": 2.3347468730113743, "totalThroughputRps": 3.981796888786691, "errorRate": 0.586355089981198, "totalRequests": 3723, "successfulRequests": 1540, "failedRequests": 2183, "latencyMs": {"p50": 31326.207, "p95": 44859.391, "p99": 69468.159, "p999": 101580.799, "max": 109903.871, "mean": 31367.344814050226, "meanSuccessful": 33305.30077922078, "meanFailed": 30000.240154699954, "meanTotal": 31367.344814050226}, "errorsByType": {"SQLTransientConnectionException": 2183}, "firstErrorMessageByType": {"SQLTransientConnectionException": "HikariPool-1 - Connection is not available, request timed out after 30000ms (total=7, active=7, idle=0, waiting=120)"}, "appCpuMedian": 0.025015634771732333, "gcPauseMsTotal": 1}