{"runInfo": {"sut": "PGBOUNCER", "workload": "W5_HTAP", "loadMode": "open-loop", "targetRps": 3, "concurrency": 0, "poolSize": 20, "instanceId": 13, "totalInstances": 16, "configuredDbConnectionBudget": 100, "configuredReplicas": 16, "seed": 42, "durationSeconds": 900, "timestamp": "2026-07-15T09:53:17Z", "openLoopAttemptedOps": 2701, "openLoopMissedOpportunities": 0, "openLoopSchedulingDelayMs": 0.0, "clientPooling": "hikari"}, "attemptedRps": 2.8887515160330524, "achievedThroughputRps": 1.5689738889376112, "successfulThroughputRps": 1.5689738889376112, "errorThroughputRps": 1.4138946701946298, "totalThroughputRps": 2.982868559132241, "errorRate": 0.4740050197203299, "totalRequests": 2789, "successfulRequests": 1467, "failedRequests": 1322, "latencyMs": {"p50": 31768.575, "p95": 49512.447, "p99": 79953.919, "p999": 104660.991, "max": 106627.071, "mean": 32050.962643262817, "meanSuccessful": 33898.90720109066, "meanFailed": 30000.353458083962, "meanTotal": 32050.962643262817}, "errorsByType": {"SQLTransientConnectionException": 1322}, "firstErrorMessageByType": {"SQLTransientConnectionException": "HikariPool-1 - Connection is not available, request timed out after 30000ms (total=8, active=8, idle=0, waiting=87)"}, "appCpuMedian": 0.02502815667626079, "gcPauseMsTotal": 2}