{"runInfo": {"sut": "PGBOUNCER", "workload": "W5_HTAP", "loadMode": "open-loop", "targetRps": 8, "concurrency": 0, "poolSize": 20, "instanceId": 1, "totalInstances": 4, "configuredDbConnectionBudget": 100, "configuredReplicas": 4, "seed": 42, "durationSeconds": 900, "timestamp": "2026-07-02T05:17:46Z", "openLoopAttemptedOps": 7201, "openLoopMissedOpportunities": 0, "openLoopSchedulingDelayMs": 0.0, "clientPooling": "hikari"}, "attemptedRps": 6.836277745974513, "achievedThroughputRps": 3.9891735993035558, "successfulThroughputRps": 3.9891735993035558, "errorThroughputRps": 3.081593884659529, "totalThroughputRps": 7.070767483963085, "errorRate": 0.4358216970998926, "totalRequests": 7448, "successfulRequests": 4202, "failedRequests": 3246, "latencyMs": {"p50": 29523.967, "p95": 38600.703, "p99": 44924.927, "p999": 65601.535, "max": 70516.735, "mean": 29963.554293558136, "meanSuccessful": 29935.331227034745, "meanFailed": 30000.26946321041, "meanTotal": 29963.554293558136}, "errorsByType": {"SQLTransientConnectionException": 3246}, "firstErrorMessageByType": {"SQLTransientConnectionException": "HikariPool-1 - Connection is not available, request timed out after 30000ms (total=7, active=7, idle=0, waiting=240)"}, "appCpuMedian": 0.1503006012024048, "gcPauseMsTotal": 10}