{"runInfo": {"sut": "PGBOUNCER", "workload": "W5_HTAP", "loadMode": "open-loop", "targetRps": 12, "concurrency": 0, "poolSize": 20, "instanceId": 3, "totalInstances": 4, "configuredDbConnectionBudget": 100, "configuredReplicas": 4, "seed": 42, "durationSeconds": 900, "timestamp": "2026-07-05T18:32:07Z", "openLoopAttemptedOps": 10800, "openLoopMissedOpportunities": 0, "openLoopSchedulingDelayMs": 0.0, "clientPooling": "hikari"}, "attemptedRps": 11.580192295526508, "achievedThroughputRps": 4.418701152765253, "successfulThroughputRps": 4.418701152765253, "errorThroughputRps": 7.559292192913137, "totalThroughputRps": 11.97799334567839, "errorRate": 0.6310983797332379, "totalRequests": 11171, "successfulRequests": 4121, "failedRequests": 7050, "latencyMs": {"p50": 29966.335, "p95": 39419.903, "p99": 46530.559, "p999": 63176.703, "max": 65142.783, "mean": 30545.007928158804, "meanSuccessful": 31477.000399902936, "meanFailed": 30000.257270546383, "meanTotal": 30545.007928158804}, "errorsByType": {"SQLTransientConnectionException": 7050}, "firstErrorMessageByType": {"SQLTransientConnectionException": "HikariPool-1 - Connection is not available, request timed out after 30000ms (total=11, active=11, idle=0, waiting=360)"}, "appCpuMedian": 0.2004008016032064, "gcPauseMsTotal": 10}