{"runInfo": {"sut": "HIKARI_DISCIPLINED", "workload": "W5_HTAP", "loadMode": "open-loop", "targetRps": 4, "concurrency": 0, "poolSize": 19, "instanceId": 14, "totalInstances": 16, "configuredDbConnectionBudget": 300, "configuredReplicas": 16, "seed": 42, "durationSeconds": 900, "timestamp": "2026-07-15T22:37:28Z", "openLoopAttemptedOps": 3601, "openLoopMissedOpportunities": 0, "openLoopSchedulingDelayMs": 0.0, "clientPooling": "hikari"}, "attemptedRps": 3.857733381104914, "achievedThroughputRps": 1.3026668306586595, "successfulThroughputRps": 1.3026668306586595, "errorThroughputRps": 2.676991032133518, "totalThroughputRps": 3.9796578627921777, "errorRate": 0.6726686374630476, "totalRequests": 3721, "successfulRequests": 1218, "failedRequests": 2503, "latencyMs": {"p50": 24936.447, "p95": 147455.999, "p99": 386924.543, "p999": 434896.895, "max": 438566.911, "mean": 31418.99383047514, "meanSuccessful": 34334.53482101806, "meanFailed": 30000.228032163803, "meanTotal": 31418.99383047514}, "errorsByType": {"SQLTransientConnectionException": 2503}, "firstErrorMessageByType": {"SQLTransientConnectionException": "HikariPool-1 - Connection is not available, request timed out after 30000ms (total=19, active=19, idle=0, waiting=112)"}, "appCpuMedian": 0.025021894157387717, "gcPauseMsTotal": 0}