{"runInfo": {"sut": "HIKARI_DISCIPLINED", "workload": "W5_HTAP", "loadMode": "open-loop", "targetRps": 5, "concurrency": 0, "poolSize": 19, "instanceId": 0, "totalInstances": 4, "configuredDbConnectionBudget": 75, "configuredReplicas": 4, "seed": 42, "durationSeconds": 1800, "timestamp": "2026-05-22T17:38:44Z", "openLoopAttemptedOps": 10501, "openLoopMissedOpportunities": 0, "openLoopSchedulingDelayMs": 0.127692, "clientPooling": "hikari"}, "attemptedRps": 3.993763237156632, "achievedThroughputRps": 0.6270465486719384, "successfulThroughputRps": 0.6270465486719384, "errorThroughputRps": 3.4372261660227688, "totalThroughputRps": 4.064272714694707, "errorRate": 0.8457174031642116, "totalRequests": 9165, "successfulRequests": 1414, "failedRequests": 7751, "latencyMs": {"p50": 27705.343, "p95": 60030.975, "p99": 60030.975, "p999": 60030.975, "max": 63176.703, "mean": 32969.2505243665, "meanSuccessful": 25879.95354101839, "meanFailed": 30000.31342580583, "meanTotal": 32969.2505243665}, "errorsByType": {"SQLTransientConnectionException": 7751}, "firstErrorMessageByType": {"SQLTransientConnectionException": "HikariPool-1 - Connection is not available, request timed out after 30000ms (total=19, active=19, idle=0, waiting=145)"}, "appCpuMedian": 0.4522613065326633, "gcPauseMsTotal": 3420}