{"runInfo": {"sut": "HIKARI_DISCIPLINED", "workload": "W5_HTAP", "loadMode": "open-loop", "targetRps": 12, "concurrency": 0, "poolSize": 20, "instanceId": 1, "totalInstances": 4, "configuredDbConnectionBudget": 80, "configuredReplicas": 4, "seed": 42, "durationSeconds": 900, "timestamp": "2026-07-02T09:27:04Z", "openLoopAttemptedOps": 10801, "openLoopMissedOpportunities": 0, "openLoopSchedulingDelayMs": 0.0, "clientPooling": "hikari"}, "attemptedRps": 10.237827355027303, "achievedThroughputRps": 3.381013811256586, "successfulThroughputRps": 3.381013811256586, "errorThroughputRps": 7.2170000445493825, "totalThroughputRps": 10.59801385580597, "errorRate": 0.6809766568285485, "totalRequests": 11181, "successfulRequests": 3567, "failedRequests": 7614, "latencyMs": {"p50": 29474.815, "p95": 89587.711, "p99": 188612.607, "p999": 219283.455, "max": 222429.183, "mean": 31428.571457601465, "meanSuccessful": 34477.61409587889, "meanFailed": 30000.20931324271, "meanTotal": 31428.571457601465}, "errorsByType": {"SQLTransientConnectionException": 7614}, "firstErrorMessageByType": {"SQLTransientConnectionException": "HikariPool-1 - Connection is not available, request timed out after 30000ms (total=20, active=20, idle=0, waiting=360)"}, "appCpuMedian": 0.20060180541624875, "gcPauseMsTotal": 14}