{"runInfo": {"sut": "PGBOUNCER", "workload": "W5_HTAP", "loadMode": "open-loop", "targetRps": 3, "concurrency": 0, "poolSize": 20, "instanceId": 12, "totalInstances": 16, "configuredDbConnectionBudget": 100, "configuredReplicas": 16, "seed": 42, "durationSeconds": 900, "timestamp": "2026-07-15T14:51:24Z", "openLoopAttemptedOps": 2701, "openLoopMissedOpportunities": 0, "openLoopSchedulingDelayMs": 0.0, "clientPooling": "hikari"}, "attemptedRps": 2.8887484264823686, "achievedThroughputRps": 1.682340346115056, "successfulThroughputRps": 1.682340346115056, "errorThroughputRps": 1.30908110848368, "totalThroughputRps": 2.991421454598736, "errorRate": 0.4376117268501966, "totalRequests": 2797, "successfulRequests": 1573, "failedRequests": 1224, "latencyMs": {"p50": 30031.871, "p95": 46465.023, "p99": 76152.831, "p999": 109379.583, "max": 120520.703, "mean": 30996.394125849125, "meanSuccessful": 31771.58756007629, "meanFailed": 30000.28662791503, "meanTotal": 30996.394125849125}, "errorsByType": {"SQLTransientConnectionException": 1224}, "firstErrorMessageByType": {"SQLTransientConnectionException": "HikariPool-1 - Connection is not available, request timed out after 30000ms (total=9, active=9, idle=0, waiting=90)"}, "appCpuMedian": 0.025021894157387717, "gcPauseMsTotal": 1}