{"runInfo": {"sut": "PGBOUNCER", "workload": "W5_HTAP", "loadMode": "open-loop", "targetRps": 8, "concurrency": 0, "poolSize": 20, "instanceId": 0, "totalInstances": 4, "configuredDbConnectionBudget": 100, "configuredReplicas": 4, "seed": 42, "durationSeconds": 900, "timestamp": "2026-07-02T08:24:43Z", "openLoopAttemptedOps": 7201, "openLoopMissedOpportunities": 0, "openLoopSchedulingDelayMs": 0.0, "clientPooling": "hikari"}, "attemptedRps": 6.825534189755727, "achievedThroughputRps": 3.6776937447926983, "successfulThroughputRps": 3.6776937447926983, "errorThroughputRps": 3.380065952044011, "totalThroughputRps": 7.057759696836709, "errorRate": 0.47891485361267794, "totalRequests": 7446, "successfulRequests": 3880, "failedRequests": 3566, "latencyMs": {"p50": 29704.191, "p95": 39190.527, "p99": 46006.271, "p999": 64258.047, "max": 68550.655, "mean": 30342.263594740398, "meanSuccessful": 30656.554547422682, "meanFailed": 30000.22646281127, "meanTotal": 30342.263594740398}, "errorsByType": {"SQLTransientConnectionException": 3566}, "firstErrorMessageByType": {"SQLTransientConnectionException": "HikariPool-1 - Connection is not available, request timed out after 30000ms (total=9, active=9, idle=0, waiting=240)"}, "appCpuMedian": 0.1503006012024048, "gcPauseMsTotal": 9}