{"runInfo": {"sut": "HIKARI_DISCIPLINED", "workload": "W5_HTAP", "loadMode": "open-loop", "targetRps": 3, "concurrency": 0, "poolSize": 19, "instanceId": 9, "totalInstances": 16, "configuredDbConnectionBudget": 300, "configuredReplicas": 16, "seed": 42, "durationSeconds": 900, "timestamp": "2026-07-15T09:19:30Z", "openLoopAttemptedOps": 2701, "openLoopMissedOpportunities": 0, "openLoopSchedulingDelayMs": 0.0, "clientPooling": "hikari"}, "attemptedRps": 2.898377122713651, "achievedThroughputRps": 1.4342153954092274, "successfulThroughputRps": 1.4342153954092274, "errorThroughputRps": 1.5507921874298134, "totalThroughputRps": 2.9850075828390406, "errorRate": 0.5195270512361161, "totalRequests": 2791, "successfulRequests": 1341, "failedRequests": 1450, "latencyMs": {"p50": 19152.895, "p95": 130744.319, "p99": 370933.759, "p999": 438042.623, "max": 446693.375, "mean": 29440.49437696059, "meanSuccessful": 28834.97894854586, "meanFailed": 30000.316756678618, "meanTotal": 29440.49437696059}, "errorsByType": {"SQLTransientConnectionException": 1450}, "firstErrorMessageByType": {"SQLTransientConnectionException": "HikariPool-1 - Connection is not available, request timed out after 30000ms (total=19, active=19, idle=0, waiting=80)"}, "appCpuMedian": 0.02501876407305479, "gcPauseMsTotal": 0}