{"runInfo": {"sut": "PGBOUNCER", "workload": "W5_HTAP", "loadMode": "open-loop", "targetRps": 12, "concurrency": 0, "poolSize": 20, "instanceId": 1, "totalInstances": 4, "configuredDbConnectionBudget": 100, "configuredReplicas": 4, "seed": 42, "durationSeconds": 900, "timestamp": "2026-07-12T16:24:35Z", "openLoopAttemptedOps": 10801, "openLoopMissedOpportunities": 0, "openLoopSchedulingDelayMs": 0.0, "clientPooling": "hikari"}, "attemptedRps": 11.55179752857201, "achievedThroughputRps": 4.780717984697424, "successfulThroughputRps": 4.780717984697424, "errorThroughputRps": 7.1635903940723376, "totalThroughputRps": 11.944308378769762, "errorRate": 0.5997492836676218, "totalRequests": 11168, "successfulRequests": 4470, "failedRequests": 6698, "latencyMs": {"p50": 29949.951, "p95": 39321.599, "p99": 44269.567, "p999": 60915.711, "max": 64585.727, "mean": 30559.502371609244, "meanSuccessful": 31397.585152572705, "meanFailed": 30000.18953211257, "meanTotal": 30559.502371609244}, "errorsByType": {"SQLTransientConnectionException": 6698}, "firstErrorMessageByType": {"SQLTransientConnectionException": "HikariPool-1 - Connection is not available, request timed out after 30000ms (total=9, active=9, idle=0, waiting=360)"}, "appCpuMedian": 0.1502253380070105, "gcPauseMsTotal": 13}