{"runInfo": {"sut": "HIKARI_DISCIPLINED", "workload": "W5_HTAP", "loadMode": "open-loop", "targetRps": 2, "concurrency": 0, "poolSize": 19, "instanceId": 11, "totalInstances": 16, "configuredDbConnectionBudget": 300, "configuredReplicas": 16, "seed": 42, "durationSeconds": 900, "timestamp": "2026-07-15T06:01:58Z", "openLoopAttemptedOps": 1801, "openLoopMissedOpportunities": 0, "openLoopSchedulingDelayMs": 0.0, "clientPooling": "hikari"}, "attemptedRps": 1.9261887878914277, "achievedThroughputRps": 1.086622880898218, "successfulThroughputRps": 1.086622880898218, "errorThroughputRps": 0.8363573748645733, "totalThroughputRps": 1.922980255762791, "errorRate": 0.43492769744160176, "totalRequests": 1798, "successfulRequests": 1016, "failedRequests": 782, "latencyMs": {"p50": 1579.007, "p95": 138149.887, "p99": 396099.583, "p999": 547880.959, "max": 570949.631, "mean": 25246.699431247496, "meanSuccessful": 21588.8502253937, "meanFailed": 30000.323637305628, "meanTotal": 25246.699431247496}, "errorsByType": {"SQLTransientConnectionException": 782}, "firstErrorMessageByType": {"SQLTransientConnectionException": "HikariPool-1 - Connection is not available, request timed out after 30001ms (total=19, active=19, idle=0, waiting=46)"}, "appCpuMedian": 0.02501876407305479, "gcPauseMsTotal": 0}