{"runInfo": {"sut": "HIKARI_DISCIPLINED", "workload": "W5_HTAP", "loadMode": "open-loop", "targetRps": 3, "concurrency": 0, "poolSize": 19, "instanceId": 4, "totalInstances": 16, "configuredDbConnectionBudget": 300, "configuredReplicas": 16, "seed": 42, "durationSeconds": 900, "timestamp": "2026-07-15T09:19:26Z", "openLoopAttemptedOps": 2701, "openLoopMissedOpportunities": 0, "openLoopSchedulingDelayMs": 0.0, "clientPooling": "hikari"}, "attemptedRps": 2.8887515160330524, "achievedThroughputRps": 1.3219166508022409, "successfulThroughputRps": 1.3219166508022409, "errorThroughputRps": 1.6384921594086028, "totalThroughputRps": 2.9604088102108435, "errorRate": 0.5534682080924855, "totalRequests": 2768, "successfulRequests": 1236, "failedRequests": 1532, "latencyMs": {"p50": 21118.975, "p95": 142344.191, "p99": 393215.999, "p999": 433061.887, "max": 439877.631, "mean": 29889.634081109827, "meanSuccessful": 29752.917756472492, "meanFailed": 30000.257039132506, "meanTotal": 29889.634081109827}, "errorsByType": {"SQLTransientConnectionException": 1532}, "firstErrorMessageByType": {"SQLTransientConnectionException": "HikariPool-1 - Connection is not available, request timed out after 30000ms (total=19, active=19, idle=0, waiting=80)"}, "appCpuMedian": 0.025021894157387717, "gcPauseMsTotal": 0}