{"runInfo": {"sut": "PGBOUNCER", "workload": "W5_HTAP", "loadMode": "open-loop", "targetRps": 2, "concurrency": 0, "poolSize": 20, "instanceId": 11, "totalInstances": 16, "configuredDbConnectionBudget": 100, "configuredReplicas": 16, "seed": 42, "durationSeconds": 900, "timestamp": "2026-07-15T03:17:30Z", "openLoopAttemptedOps": 1801, "openLoopMissedOpportunities": 0, "openLoopSchedulingDelayMs": 0.0, "clientPooling": "hikari"}, "attemptedRps": 1.9261867278140934, "achievedThroughputRps": 1.2620212875183956, "successfulThroughputRps": 1.2620212875183956, "errorThroughputRps": 0.6909031794380369, "totalThroughputRps": 1.9529244669564323, "errorRate": 0.3537787513691128, "totalRequests": 1826, "successfulRequests": 1180, "failedRequests": 646, "latencyMs": {"p50": 28033.023, "p95": 47316.991, "p99": 76021.759, "p999": 118620.159, "max": 127139.839, "mean": 28032.759122231655, "meanSuccessful": 26955.394021186443, "meanFailed": 30000.40541473375, "meanTotal": 28032.759122231655}, "errorsByType": {"SQLTransientConnectionException": 646}, "firstErrorMessageByType": {"SQLTransientConnectionException": "HikariPool-1 - Connection is not available, request timed out after 30000ms (total=2, active=2, idle=0, waiting=49)"}, "appCpuMedian": 0.025021894157387717, "gcPauseMsTotal": 3}