{"runInfo": {"sut": "PGBOUNCER", "workload": "W5_HTAP", "loadMode": "open-loop", "targetRps": 2, "concurrency": 0, "poolSize": 20, "instanceId": 13, "totalInstances": 16, "configuredDbConnectionBudget": 100, "configuredReplicas": 16, "seed": 42, "durationSeconds": 900, "timestamp": "2026-07-15T08:14:00Z", "openLoopAttemptedOps": 1801, "openLoopMissedOpportunities": 0, "openLoopSchedulingDelayMs": 0.0, "clientPooling": "hikari"}, "attemptedRps": 1.9297489933374907, "achievedThroughputRps": 1.5118688670734033, "successfulThroughputRps": 1.5118688670734033, "errorThroughputRps": 0.4210945887738111, "totalThroughputRps": 1.9329634558472144, "errorRate": 0.2178492239467849, "totalRequests": 1804, "successfulRequests": 1411, "failedRequests": 393, "latencyMs": {"p50": 23085.055, "p95": 40239.103, "p99": 71696.383, "p999": 100990.975, "max": 101122.047, "mean": 24301.467101789913, "meanSuccessful": 22714.365722891565, "meanFailed": 30000.457325310435, "meanTotal": 24301.467101789913}, "errorsByType": {"SQLTransientConnectionException": 393}, "firstErrorMessageByType": {"SQLTransientConnectionException": "HikariPool-1 - Connection is not available, request timed out after 30000ms (total=9, active=9, idle=0, waiting=42)"}, "appCpuMedian": 0.025021894157387717, "gcPauseMsTotal": 1}