{"runInfo": {"sut": "HIKARI_DISCIPLINED", "workload": "W5_HTAP", "loadMode": "open-loop", "targetRps": 12, "concurrency": 0, "poolSize": 20, "instanceId": 1, "totalInstances": 4, "configuredDbConnectionBudget": 80, "configuredReplicas": 4, "seed": 42, "durationSeconds": 900, "timestamp": "2026-07-12T09:34:58Z", "openLoopAttemptedOps": 10800, "openLoopMissedOpportunities": 0, "openLoopSchedulingDelayMs": 0.0, "clientPooling": "hikari"}, "attemptedRps": 11.55179752857201, "achievedThroughputRps": 3.828852435171539, "successfulThroughputRps": 3.828852435171539, "errorThroughputRps": 8.109038872477823, "totalThroughputRps": 11.937891307649362, "errorRate": 0.6792689482171654, "totalRequests": 11162, "successfulRequests": 3580, "failedRequests": 7582, "latencyMs": {"p50": 29442.047, "p95": 82771.967, "p99": 189005.823, "p999": 197656.575, "max": 198705.151, "mean": 31246.74455694177, "meanSuccessful": 33886.66727234637, "meanFailed": 30000.19304407518, "meanTotal": 31246.74455694177}, "errorsByType": {"SQLTransientConnectionException": 7582}, "firstErrorMessageByType": {"SQLTransientConnectionException": "HikariPool-1 - Connection is not available, request timed out after 30000ms (total=20, active=20, idle=0, waiting=360)"}, "appCpuMedian": 0.20020020020020018, "gcPauseMsTotal": 20}