{"runInfo": {"sut": "PGBOUNCER", "workload": "W5_HTAP", "loadMode": "open-loop", "targetRps": 4, "concurrency": 0, "poolSize": 20, "instanceId": 11, "totalInstances": 16, "configuredDbConnectionBudget": 100, "configuredReplicas": 16, "seed": 42, "durationSeconds": 900, "timestamp": "2026-07-15T18:12:26Z", "openLoopAttemptedOps": 3601, "openLoopMissedOpportunities": 0, "openLoopSchedulingDelayMs": 0.0, "clientPooling": "hikari"}, "attemptedRps": 3.8513039460624934, "achievedThroughputRps": 1.6203069920257367, "successfulThroughputRps": 1.6203069920257367, "errorThroughputRps": 2.3593381019199833, "totalThroughputRps": 3.97964509394572, "errorRate": 0.5928513840365494, "totalRequests": 3721, "successfulRequests": 1515, "failedRequests": 2206, "latencyMs": {"p50": 31457.279, "p95": 47579.135, "p99": 74448.895, "p999": 111476.735, "max": 114950.143, "mean": 31430.207964409565, "meanSuccessful": 33512.54792871287, "meanFailed": 30000.28741849864, "meanTotal": 31430.207964409565}, "errorsByType": {"SQLTransientConnectionException": 2206}, "firstErrorMessageByType": {"SQLTransientConnectionException": "HikariPool-1 - Connection is not available, request timed out after 30000ms (total=7, active=7, idle=0, waiting=119)"}, "appCpuMedian": 0.02502815667626079, "gcPauseMsTotal": 2}