{"runInfo": {"sut": "HIKARI_DISCIPLINED", "workload": "W5_HTAP", "loadMode": "open-loop", "targetRps": 12, "concurrency": 0, "poolSize": 20, "instanceId": 1, "totalInstances": 4, "configuredDbConnectionBudget": 80, "configuredReplicas": 4, "seed": 42, "durationSeconds": 900, "timestamp": "2026-07-05T11:44:32Z", "openLoopAttemptedOps": 10801, "openLoopMissedOpportunities": 0, "openLoopSchedulingDelayMs": 0.0, "clientPooling": "hikari"}, "attemptedRps": 11.55178517380084, "achievedThroughputRps": 4.163605192260593, "successfulThroughputRps": 4.163605192260593, "errorThroughputRps": 7.776412369105259, "totalThroughputRps": 11.94001756136585, "errorRate": 0.6512898602651379, "totalRequests": 11164, "successfulRequests": 3893, "failedRequests": 7271, "latencyMs": {"p50": 29310.975, "p95": 76808.191, "p99": 187301.887, "p999": 195559.423, "max": 199491.583, "mean": 31150.075403706916, "meanSuccessful": 33297.36554174159, "meanFailed": 30000.236165428138, "meanTotal": 31150.075403706916}, "errorsByType": {"SQLTransientConnectionException": 7271}, "firstErrorMessageByType": {"SQLTransientConnectionException": "HikariPool-1 - Connection is not available, request timed out after 30000ms (total=20, active=20, idle=0, waiting=360)"}, "appCpuMedian": 0.250501002004008, "gcPauseMsTotal": 18}