{"runInfo": {"sut": "PGBOUNCER", "workload": "W5_HTAP", "loadMode": "open-loop", "targetRps": 4, "concurrency": 0, "poolSize": 20, "instanceId": 1, "totalInstances": 16, "configuredDbConnectionBudget": 100, "configuredReplicas": 16, "seed": 42, "durationSeconds": 900, "timestamp": "2026-07-15T19:51:44Z", "openLoopAttemptedOps": 3601, "openLoopMissedOpportunities": 0, "openLoopSchedulingDelayMs": 0.0, "clientPooling": "hikari"}, "attemptedRps": 3.8513121840929365, "achievedThroughputRps": 1.6235189934610046, "successfulThroughputRps": 1.6235189934610046, "errorThroughputRps": 2.3315358404117195, "totalThroughputRps": 3.955054833872724, "errorRate": 0.5895078420767983, "totalRequests": 3698, "successfulRequests": 1518, "failedRequests": 2180, "latencyMs": {"p50": 32079.871, "p95": 52920.319, "p99": 93388.799, "p999": 108527.615, "max": 111542.271, "mean": 31799.53070300622, "meanSuccessful": 34383.614313570484, "meanFailed": 30000.313503226607, "meanTotal": 31799.53070300622}, "errorsByType": {"SQLTransientConnectionException": 2180}, "firstErrorMessageByType": {"SQLTransientConnectionException": "HikariPool-1 - Connection is not available, request timed out after 30000ms (total=10, active=10, idle=0, waiting=106)"}, "appCpuMedian": 0.025021894157387717, "gcPauseMsTotal": 2}