{"runInfo": {"sut": "PGBOUNCER", "workload": "W5_HTAP", "loadMode": "open-loop", "targetRps": 12, "concurrency": 0, "poolSize": 20, "instanceId": 1, "totalInstances": 4, "configuredDbConnectionBudget": 100, "configuredReplicas": 4, "seed": 42, "durationSeconds": 900, "timestamp": "2026-07-12T10:06:38Z", "openLoopAttemptedOps": 10801, "openLoopMissedOpportunities": 0, "openLoopSchedulingDelayMs": 0.0, "clientPooling": "hikari"}, "attemptedRps": 11.554738715916676, "achievedThroughputRps": 4.882494907827397, "successfulThroughputRps": 4.882494907827397, "errorThroughputRps": 7.0659243790972734, "totalThroughputRps": 11.94841928692467, "errorRate": 0.5913689676783955, "totalRequests": 11169, "successfulRequests": 4564, "failedRequests": 6605, "latencyMs": {"p50": 29933.567, "p95": 38600.703, "p99": 45645.823, "p999": 61243.391, "max": 66289.663, "mean": 30464.029322095354, "meanSuccessful": 31135.3876774759, "meanFailed": 30000.19554377199, "meanTotal": 30464.029322095354}, "errorsByType": {"SQLTransientConnectionException": 6605}, "firstErrorMessageByType": {"SQLTransientConnectionException": "HikariPool-1 - Connection is not available, request timed out after 30000ms (total=8, active=8, idle=0, waiting=360)"}, "appCpuMedian": 0.1502253380070105, "gcPauseMsTotal": 14}