{"runInfo": {"sut": "PGBOUNCER", "workload": "W5_HTAP", "loadMode": "open-loop", "targetRps": 4, "concurrency": 0, "poolSize": 20, "instanceId": 11, "totalInstances": 16, "configuredDbConnectionBudget": 100, "configuredReplicas": 16, "seed": 42, "durationSeconds": 900, "timestamp": "2026-07-15T19:51:52Z", "openLoopAttemptedOps": 3600, "openLoopMissedOpportunities": 0, "openLoopSchedulingDelayMs": 0.0, "clientPooling": "hikari"}, "attemptedRps": 3.85130806507331, "achievedThroughputRps": 1.5775282965795978, "successfulThroughputRps": 1.5775282965795978, "errorThroughputRps": 2.403190564348716, "totalThroughputRps": 3.980718860928314, "errorRate": 0.6037076840408383, "totalRequests": 3722, "successfulRequests": 1475, "failedRequests": 2247, "latencyMs": {"p50": 31653.887, "p95": 48693.247, "p99": 76349.439, "p999": 104398.847, "max": 104857.599, "mean": 31618.886929631917, "meanSuccessful": 34084.690440677965, "meanFailed": 30000.350886560747, "meanTotal": 31618.886929631917}, "errorsByType": {"SQLTransientConnectionException": 2247}, "firstErrorMessageByType": {"SQLTransientConnectionException": "HikariPool-1 - Connection is not available, request timed out after 30000ms (total=6, active=6, idle=0, waiting=120)"}, "appCpuMedian": 0.025037556334501748, "gcPauseMsTotal": 2}