{"runInfo": {"sut": "HIKARI_DISCIPLINED", "workload": "W5_HTAP", "loadMode": "open-loop", "targetRps": 2, "concurrency": 0, "poolSize": 19, "instanceId": 12, "totalInstances": 16, "configuredDbConnectionBudget": 300, "configuredReplicas": 16, "seed": 42, "durationSeconds": 900, "timestamp": "2026-07-15T04:23:16Z", "openLoopAttemptedOps": 1800, "openLoopMissedOpportunities": 0, "openLoopSchedulingDelayMs": 0.0, "clientPooling": "hikari"}, "attemptedRps": 1.9261887878914277, "achievedThroughputRps": 1.1561410770186749, "successfulThroughputRps": 1.1561410770186749, "errorThroughputRps": 0.7668391787441164, "totalThroughputRps": 1.922980255762791, "errorRate": 0.39877641824249166, "totalRequests": 1798, "successfulRequests": 1081, "failedRequests": 717, "latencyMs": {"p50": 3977.215, "p95": 130940.927, "p99": 353370.111, "p999": 583008.255, "max": 584581.119, "mean": 25210.92166018354, "meanSuccessful": 22034.550350601297, "meanFailed": 30000.299665022314, "meanTotal": 25210.92166018354}, "errorsByType": {"SQLTransientConnectionException": 717}, "firstErrorMessageByType": {"SQLTransientConnectionException": "HikariPool-1 - Connection is not available, request timed out after 30001ms (total=19, active=19, idle=0, waiting=46)"}, "appCpuMedian": 0.02501876407305479, "gcPauseMsTotal": 0}