{"runInfo": {"sut": "PGBOUNCER", "workload": "W5_HTAP", "loadMode": "open-loop", "targetRps": 3, "concurrency": 0, "poolSize": 20, "instanceId": 1, "totalInstances": 16, "configuredDbConnectionBudget": 100, "configuredReplicas": 16, "seed": 42, "durationSeconds": 900, "timestamp": "2026-07-15T11:32:02Z", "openLoopAttemptedOps": 2701, "openLoopMissedOpportunities": 0, "openLoopSchedulingDelayMs": 0.0, "clientPooling": "hikari"}, "attemptedRps": 2.8887484264823686, "achievedThroughputRps": 1.732607349463694, "successfulThroughputRps": 1.732607349463694, "errorThroughputRps": 1.2427714444918594, "totalThroughputRps": 2.9753787939555534, "errorRate": 0.41768511861969804, "totalRequests": 2782, "successfulRequests": 1620, "failedRequests": 1162, "latencyMs": {"p50": 29671.423, "p95": 48824.319, "p99": 72941.567, "p999": 104464.383, "max": 107413.503, "mean": 30800.341534893603, "meanSuccessful": 31374.33179259259, "meanFailed": 30000.36560484682, "meanTotal": 30800.341534893603}, "errorsByType": {"SQLTransientConnectionException": 1162}, "firstErrorMessageByType": {"SQLTransientConnectionException": "HikariPool-1 - Connection is not available, request timed out after 30000ms (total=11, active=11, idle=0, waiting=88)"}, "appCpuMedian": 0.02502815667626079, "gcPauseMsTotal": 2}