{"runInfo": {"sut": "PGBOUNCER", "workload": "W5_HTAP", "loadMode": "open-loop", "targetRps": 5, "concurrency": 0, "poolSize": 20, "instanceId": 2, "totalInstances": 4, "configuredDbConnectionBudget": 100, "configuredReplicas": 4, "seed": 42, "durationSeconds": 1800, "timestamp": "2026-05-22T22:45:01Z", "openLoopAttemptedOps": 10501, "openLoopMissedOpportunities": 0, "openLoopSchedulingDelayMs": 0.14626, "clientPooling": "hikari"}, "attemptedRps": 3.991549498140588, "achievedThroughputRps": 0.8594181676920852, "successfulThroughputRps": 0.8594181676920852, "errorThroughputRps": 3.2004235893879147, "totalThroughputRps": 4.05984175708, "errorRate": 0.7883123975969416, "totalRequests": 9155, "successfulRequests": 1938, "failedRequests": 7217, "latencyMs": {"p50": 29114.367, "p95": 60030.975, "p99": 60030.975, "p999": 65208.319, "max": 66093.055, "mean": 30770.57779656876, "meanSuccessful": 31296.656776057793, "meanFailed": 30000.291318606483, "meanTotal": 30770.57779656876}, "errorsByType": {"SQLTransientConnectionException": 7217}, "firstErrorMessageByType": {"SQLTransientConnectionException": "HikariPool-1 - Connection is not available, request timed out after 30000ms (total=4, active=4, idle=0, waiting=150)"}, "appCpuMedian": 0.15037593984962408, "gcPauseMsTotal": 3441}