{"runInfo": {"sut": "PGBOUNCER", "workload": "W5_HTAP", "loadMode": "open-loop", "targetRps": 4, "concurrency": 0, "poolSize": 20, "instanceId": 13, "totalInstances": 16, "configuredDbConnectionBudget": 100, "configuredReplicas": 16, "seed": 42, "durationSeconds": 900, "timestamp": "2026-07-15T18:12:28Z", "openLoopAttemptedOps": 3601, "openLoopMissedOpportunities": 0, "openLoopSchedulingDelayMs": 0.0, "clientPooling": "hikari"}, "attemptedRps": 3.8513121840929365, "achievedThroughputRps": 1.7486518803087896, "successfulThroughputRps": 1.7486518803087896, "errorThroughputRps": 2.2363492854591307, "totalThroughputRps": 3.9850011657679203, "errorRate": 0.5611916264090178, "totalRequests": 3726, "successfulRequests": 1635, "failedRequests": 2091, "latencyMs": {"p50": 31506.431, "p95": 49053.695, "p99": 73269.247, "p999": 104071.167, "max": 106823.679, "mean": 31672.334711696458, "meanSuccessful": 33810.63402079511, "meanFailed": 30000.31897405165, "meanTotal": 31672.334711696458}, "errorsByType": {"SQLTransientConnectionException": 2091}, "firstErrorMessageByType": {"SQLTransientConnectionException": "HikariPool-1 - Connection is not available, request timed out after 30001ms (total=10, active=10, idle=0, waiting=120)"}, "appCpuMedian": 0.025031289111389236, "gcPauseMsTotal": 2}