{"runInfo": {"sut": "PGBOUNCER", "workload": "W5_HTAP", "loadMode": "open-loop", "targetRps": 4, "concurrency": 0, "poolSize": 20, "instanceId": 2, "totalInstances": 16, "configuredDbConnectionBudget": 100, "configuredReplicas": 16, "seed": 42, "durationSeconds": 900, "timestamp": "2026-07-15T19:51:45Z", "openLoopAttemptedOps": 3601, "openLoopMissedOpportunities": 0, "openLoopSchedulingDelayMs": 0.0, "clientPooling": "hikari"}, "attemptedRps": 3.8513121840929365, "achievedThroughputRps": 1.5561397466968128, "successfulThroughputRps": 1.5561397466968128, "errorThroughputRps": 2.4021236227361107, "totalThroughputRps": 3.9582633694329235, "errorRate": 0.606863009997298, "totalRequests": 3701, "successfulRequests": 1455, "failedRequests": 2246, "latencyMs": {"p50": 31358.975, "p95": 52396.031, "p99": 96403.455, "p999": 104595.455, "max": 109248.511, "mean": 31565.722547126723, "meanSuccessful": 33982.13251958763, "meanFailed": 30000.27544808237, "meanTotal": 31565.722547126723}, "errorsByType": {"SQLTransientConnectionException": 2246}, "firstErrorMessageByType": {"SQLTransientConnectionException": "HikariPool-1 - Connection is not available, request timed out after 30000ms (total=10, active=10, idle=0, waiting=104)"}, "appCpuMedian": 0.025034422330704718, "gcPauseMsTotal": 2}