{"runInfo": {"sut": "PGBOUNCER", "workload": "W5_HTAP", "loadMode": "open-loop", "targetRps": 5, "concurrency": 0, "poolSize": 20, "instanceId": 1, "totalInstances": 4, "configuredDbConnectionBudget": 100, "configuredReplicas": 4, "seed": 42, "durationSeconds": 1800, "timestamp": "2026-05-23T02:48:58Z", "openLoopAttemptedOps": 10501, "openLoopMissedOpportunities": 0, "openLoopSchedulingDelayMs": 0.1669, "clientPooling": "hikari"}, "attemptedRps": 3.991549498140588, "achievedThroughputRps": 0.7906824525257936, "successfulThroughputRps": 0.7906824525257936, "errorThroughputRps": 3.270933129461724, "totalThroughputRps": 4.0616155819875175, "errorRate": 0.8053280925865269, "totalRequests": 9159, "successfulRequests": 1783, "failedRequests": 7376, "latencyMs": {"p50": 29343.743, "p95": 60030.975, "p99": 60030.975, "p999": 66945.023, "max": 67043.327, "mean": 30937.061186483243, "meanSuccessful": 32137.984170499156, "meanFailed": 30000.267683376085, "meanTotal": 30937.061186483243}, "errorsByType": {"SQLTransientConnectionException": 7376}, "firstErrorMessageByType": {"SQLTransientConnectionException": "HikariPool-1 - Connection is not available, request timed out after 30000ms (total=8, active=8, idle=0, waiting=150)"}, "appCpuMedian": 0.10025062656641603, "gcPauseMsTotal": 4375}