{"runInfo": {"sut": "HIKARI_DISCIPLINED", "workload": "W5_HTAP", "loadMode": "open-loop", "targetRps": 8, "concurrency": 0, "poolSize": 20, "instanceId": 3, "totalInstances": 4, "configuredDbConnectionBudget": 80, "configuredReplicas": 4, "seed": 42, "durationSeconds": 900, "timestamp": "2026-07-05T05:30:28Z", "openLoopAttemptedOps": 7200, "openLoopMissedOpportunities": 0, "openLoopSchedulingDelayMs": 0.0, "clientPooling": "hikari"}, "attemptedRps": 7.701554856332473, "achievedThroughputRps": 3.928317037537727, "successfulThroughputRps": 3.928317037537727, "errorThroughputRps": 4.030990175464114, "totalThroughputRps": 7.959307213001842, "errorRate": 0.5064498790647676, "totalRequests": 7442, "successfulRequests": 3673, "failedRequests": 3769, "latencyMs": {"p50": 28606.463, "p95": 80412.671, "p99": 193331.199, "p999": 211943.423, "max": 219021.311, "mean": 31084.572076919914, "meanSuccessful": 32197.171711952084, "meanFailed": 30000.261325655876, "meanTotal": 31084.572076919914}, "errorsByType": {"SQLTransientConnectionException": 3769}, "firstErrorMessageByType": {"SQLTransientConnectionException": "HikariPool-1 - Connection is not available, request timed out after 30000ms (total=20, active=20, idle=0, waiting=240)"}, "appCpuMedian": 0.25012506253126565, "gcPauseMsTotal": 13}