{"runInfo": {"sut": "HIKARI_DISCIPLINED", "workload": "W5_HTAP", "loadMode": "open-loop", "targetRps": 5, "concurrency": 0, "poolSize": 19, "instanceId": 1, "totalInstances": 4, "configuredDbConnectionBudget": 75, "configuredReplicas": 4, "seed": 42, "durationSeconds": 1800, "timestamp": "2026-05-22T21:43:01Z", "openLoopAttemptedOps": 10501, "openLoopMissedOpportunities": 0, "openLoopSchedulingDelayMs": 0.116385, "clientPooling": "hikari"}, "attemptedRps": 3.9928851788306132, "achievedThroughputRps": 0.6168484322249426, "successfulThroughputRps": 0.6168484322249426, "errorThroughputRps": 3.446546380483288, "totalThroughputRps": 4.063394812708231, "errorRate": 0.8481938229837389, "totalRequests": 9163, "successfulRequests": 1391, "failedRequests": 7772, "latencyMs": {"p50": 28262.399, "p95": 60030.975, "p99": 60030.975, "p999": 60030.975, "max": 61407.231, "mean": 33062.29170090265, "meanSuccessful": 26435.736596693027, "meanFailed": 30000.298943073725, "meanTotal": 33062.29170090265}, "errorsByType": {"SQLTransientConnectionException": 7772}, "firstErrorMessageByType": {"SQLTransientConnectionException": "HikariPool-1 - Connection is not available, request timed out after 30000ms (total=19, active=19, idle=0, waiting=145)"}, "appCpuMedian": 0.5513784461152882, "gcPauseMsTotal": 4016}