{"runInfo": {"sut": "PGBOUNCER", "workload": "W5_HTAP", "loadMode": "open-loop", "targetRps": 4, "concurrency": 0, "poolSize": 20, "instanceId": 1, "totalInstances": 16, "configuredDbConnectionBudget": 100, "configuredReplicas": 16, "seed": 42, "durationSeconds": 900, "timestamp": "2026-07-15T21:31:16Z", "openLoopAttemptedOps": 3601, "openLoopMissedOpportunities": 0, "openLoopSchedulingDelayMs": 0.0, "clientPooling": "hikari"}, "attemptedRps": 3.85130806507331, "achievedThroughputRps": 1.6406294284427818, "successfulThroughputRps": 1.6406294284427818, "errorThroughputRps": 2.3379504110664415, "totalThroughputRps": 3.9785798395092233, "errorRate": 0.5876344086021505, "totalRequests": 3720, "successfulRequests": 1534, "failedRequests": 2186, "latencyMs": {"p50": 31391.743, "p95": 50561.023, "p99": 77135.871, "p999": 105447.423, "max": 108134.399, "mean": 31517.56763795161, "meanSuccessful": 33679.80472490222, "meanFailed": 30000.30331488106, "meanTotal": 31517.56763795161}, "errorsByType": {"SQLTransientConnectionException": 2186}, "firstErrorMessageByType": {"SQLTransientConnectionException": "HikariPool-1 - Connection is not available, request timed out after 30000ms (total=7, active=7, idle=0, waiting=120)"}, "appCpuMedian": 0.02502815667626079, "gcPauseMsTotal": 2}