{"runInfo": {"sut": "HIKARI_DISCIPLINED", "workload": "W5_HTAP", "loadMode": "open-loop", "targetRps": 4, "concurrency": 0, "poolSize": 20, "instanceId": 1, "totalInstances": 4, "configuredDbConnectionBudget": 80, "configuredReplicas": 4, "seed": 42, "durationSeconds": 900, "timestamp": "2026-07-11T17:51:52Z", "openLoopAttemptedOps": 3600, "openLoopMissedOpportunities": 0, "openLoopSchedulingDelayMs": 0.0, "clientPooling": "hikari"}, "attemptedRps": 3.85130806507331, "achievedThroughputRps": 3.4748402953132973, "successfulThroughputRps": 3.4748402953132973, "errorThroughputRps": 0.3625641305359211, "totalThroughputRps": 3.8374044258492184, "errorRate": 0.09448160535117058, "totalRequests": 3588, "successfulRequests": 3249, "failedRequests": 339, "latencyMs": {"p50": 11952.127, "p95": 44924.927, "p99": 106037.247, "p999": 228720.639, "max": 236716.031, "mean": 17222.11883085368, "meanSuccessful": 15888.771345337027, "meanFailed": 30000.418625699116, "meanTotal": 17222.11883085368}, "errorsByType": {"SQLTransientConnectionException": 339}, "firstErrorMessageByType": {"SQLTransientConnectionException": "HikariPool-1 - Connection is not available, request timed out after 30001ms (total=20, active=20, idle=0, waiting=82)"}, "appCpuMedian": 0.15015015015015015, "gcPauseMsTotal": 16}