{"runInfo": {"sut": "PGBOUNCER", "workload": "W5_HTAP", "loadMode": "open-loop", "targetRps": 12, "concurrency": 0, "poolSize": 20, "instanceId": 0, "totalInstances": 4, "configuredDbConnectionBudget": 100, "configuredReplicas": 4, "seed": 42, "durationSeconds": 900, "timestamp": "2026-07-12T10:06:37Z", "openLoopAttemptedOps": 10801, "openLoopMissedOpportunities": 0, "openLoopSchedulingDelayMs": 0.0, "clientPooling": "hikari"}, "attemptedRps": 11.55178517380084, "achievedThroughputRps": 4.587131433240607, "successfulThroughputRps": 4.587131433240607, "errorThroughputRps": 7.349677595996608, "totalThroughputRps": 11.936809029237216, "errorRate": 0.6157154376847953, "totalRequests": 11161, "successfulRequests": 4289, "failedRequests": 6872, "latencyMs": {"p50": 29966.335, "p95": 38961.151, "p99": 45514.751, "p999": 61538.303, "max": 65765.375, "mean": 30528.753965796343, "meanSuccessful": 31375.60278573094, "meanFailed": 30000.17230438402, "meanTotal": 30528.753965796343}, "errorsByType": {"SQLTransientConnectionException": 6872}, "firstErrorMessageByType": {"SQLTransientConnectionException": "HikariPool-1 - Connection is not available, request timed out after 30000ms (total=9, active=9, idle=0, waiting=357)"}, "appCpuMedian": 0.1502253380070105, "gcPauseMsTotal": 10}