{"runInfo": {"sut": "PGBOUNCER", "workload": "W5_HTAP", "loadMode": "open-loop", "targetRps": 4, "concurrency": 0, "poolSize": 20, "instanceId": 6, "totalInstances": 16, "configuredDbConnectionBudget": 100, "configuredReplicas": 16, "seed": 42, "durationSeconds": 900, "timestamp": "2026-07-15T18:12:22Z", "openLoopAttemptedOps": 3601, "openLoopMissedOpportunities": 0, "openLoopSchedulingDelayMs": 0.0, "clientPooling": "hikari"}, "attemptedRps": 3.85130806507331, "achievedThroughputRps": 1.6331428534759633, "successfulThroughputRps": 1.6331428534759633, "errorThroughputRps": 2.3411589431950777, "totalThroughputRps": 3.974301796671041, "errorRate": 0.5890742734122713, "totalRequests": 3716, "successfulRequests": 1527, "failedRequests": 2189, "latencyMs": {"p50": 31440.895, "p95": 49741.823, "p99": 96731.135, "p999": 105644.031, "max": 106233.855, "mean": 31555.63331882104, "meanSuccessful": 33784.98558742633, "meanFailed": 30000.251456387847, "meanTotal": 31555.63331882104}, "errorsByType": {"SQLTransientConnectionException": 2189}, "firstErrorMessageByType": {"SQLTransientConnectionException": "HikariPool-1 - Connection is not available, request timed out after 30000ms (total=10, active=10, idle=0, waiting=120)"}, "appCpuMedian": 0.02501876407305479, "gcPauseMsTotal": 1}