{"runInfo": {"sut": "PGBOUNCER", "workload": "W5_HTAP", "loadMode": "open-loop", "targetRps": 8, "concurrency": 0, "poolSize": 20, "instanceId": 3, "totalInstances": 4, "configuredDbConnectionBudget": 100, "configuredReplicas": 4, "seed": 42, "durationSeconds": 900, "timestamp": "2026-07-12T03:49:33Z", "openLoopAttemptedOps": 7201, "openLoopMissedOpportunities": 0, "openLoopSchedulingDelayMs": 0.0, "clientPooling": "hikari"}, "attemptedRps": 7.701538382559293, "achievedThroughputRps": 4.0898045792121565, "successfulThroughputRps": 4.0898045792121565, "errorThroughputRps": 3.8577210034566547, "totalThroughputRps": 7.947525582668811, "errorRate": 0.4853990041717131, "totalRequests": 7431, "successfulRequests": 3824, "failedRequests": 3607, "latencyMs": {"p50": 29507.583, "p95": 39780.351, "p99": 46530.559, "p999": 65798.143, "max": 75497.471, "mean": 30094.394097220025, "meanSuccessful": 30183.332784518825, "meanFailed": 30000.199384280568, "meanTotal": 30094.394097220025}, "errorsByType": {"SQLTransientConnectionException": 3607}, "firstErrorMessageByType": {"SQLTransientConnectionException": "HikariPool-1 - Connection is not available, request timed out after 30000ms (total=13, active=13, idle=0, waiting=240)"}, "appCpuMedian": 0.10010010010010009, "gcPauseMsTotal": 11}