{"runInfo": {"sut": "HIKARI_DISCIPLINED", "workload": "W5_HTAP", "loadMode": "open-loop", "targetRps": 4, "concurrency": 0, "poolSize": 19, "instanceId": 15, "totalInstances": 16, "configuredDbConnectionBudget": 300, "configuredReplicas": 16, "seed": 42, "durationSeconds": 900, "timestamp": "2026-07-15T20:58:07Z", "openLoopAttemptedOps": 3601, "openLoopMissedOpportunities": 0, "openLoopSchedulingDelayMs": 0.0, "clientPooling": "hikari"}, "attemptedRps": 3.8577292552133358, "achievedThroughputRps": 1.4096166227810303, "successfulThroughputRps": 1.4096166227810303, "errorThroughputRps": 2.568967471866491, "totalThroughputRps": 3.978584094647521, "errorRate": 0.6456989247311828, "totalRequests": 3720, "successfulRequests": 1318, "failedRequests": 2402, "latencyMs": {"p50": 25772.031, "p95": 141426.687, "p99": 393478.143, "p999": 443547.647, "max": 447217.663, "mean": 31557.044493185753, "meanSuccessful": 34395.01581562974, "meanFailed": 30000.268542057034, "meanTotal": 31557.044493185753}, "errorsByType": {"SQLTransientConnectionException": 2402}, "firstErrorMessageByType": {"SQLTransientConnectionException": "HikariPool-1 - Connection is not available, request timed out after 30000ms (total=19, active=19, idle=0, waiting=112)"}, "appCpuMedian": 0.025025025025025023, "gcPauseMsTotal": 0}