{"runInfo": {"sut": "HIKARI_DISCIPLINED", "workload": "W5_HTAP", "loadMode": "open-loop", "targetRps": 3, "concurrency": 0, "poolSize": 19, "instanceId": 6, "totalInstances": 16, "configuredDbConnectionBudget": 300, "configuredReplicas": 16, "seed": 42, "durationSeconds": 900, "timestamp": "2026-07-15T09:19:27Z", "openLoopAttemptedOps": 2701, "openLoopMissedOpportunities": 0, "openLoopSchedulingDelayMs": 0.0, "clientPooling": "hikari"}, "attemptedRps": 2.898377122713651, "achievedThroughputRps": 1.2064093706350547, "successfulThroughputRps": 1.2064093706350547, "errorThroughputRps": 1.7785982122039858, "totalThroughputRps": 2.9850075828390406, "errorRate": 0.595843783590111, "totalRequests": 2791, "successfulRequests": 1128, "failedRequests": 1663, "latencyMs": {"p50": 21266.431, "p95": 158203.903, "p99": 395837.439, "p999": 438304.767, "max": 446431.231, "mean": 30926.137305835902, "meanSuccessful": 32291.423944148937, "meanFailed": 30000.237695984368, "meanTotal": 30926.137305835902}, "errorsByType": {"SQLTransientConnectionException": 1663}, "firstErrorMessageByType": {"SQLTransientConnectionException": "HikariPool-1 - Connection is not available, request timed out after 30000ms (total=19, active=19, idle=0, waiting=80)"}, "appCpuMedian": 0.02501876407305479, "gcPauseMsTotal": 0}