{"runInfo": {"sut": "HIKARI_DISCIPLINED", "workload": "W5_HTAP", "loadMode": "open-loop", "targetRps": 5, "concurrency": 0, "poolSize": 19, "instanceId": 2, "totalInstances": 4, "configuredDbConnectionBudget": 75, "configuredReplicas": 4, "seed": 42, "durationSeconds": 1800, "timestamp": "2026-05-22T17:38:46Z", "openLoopAttemptedOps": 10501, "openLoopMissedOpportunities": 0, "openLoopSchedulingDelayMs": 0.123425, "clientPooling": "hikari"}, "attemptedRps": 3.993325093912984, "achievedThroughputRps": 0.6004399974634292, "successfulThroughputRps": 0.6004399974634292, "errorThroughputRps": 3.4620642985206738, "totalThroughputRps": 4.062504295984103, "errorRate": 0.852199541534767, "totalRequests": 9161, "successfulRequests": 1354, "failedRequests": 7807, "latencyMs": {"p50": 27344.895, "p95": 60030.975, "p99": 60030.975, "p999": 60030.975, "max": 64978.943, "mean": 32763.363817275847, "meanSuccessful": 25027.197347858197, "meanFailed": 30000.31448240963, "meanTotal": 32763.363817275847}, "errorsByType": {"SQLTransientConnectionException": 7807}, "firstErrorMessageByType": {"SQLTransientConnectionException": "HikariPool-1 - Connection is not available, request timed out after 30000ms (total=19, active=19, idle=0, waiting=145)"}, "appCpuMedian": 0.5017561465127948, "gcPauseMsTotal": 3300}