{"runInfo": {"sut": "PGBOUNCER", "workload": "W5_HTAP", "loadMode": "open-loop", "targetRps": 4, "concurrency": 0, "poolSize": 20, "instanceId": 8, "totalInstances": 16, "configuredDbConnectionBudget": 100, "configuredReplicas": 16, "seed": 42, "durationSeconds": 900, "timestamp": "2026-07-15T23:10:52Z", "openLoopAttemptedOps": 3601, "openLoopMissedOpportunities": 0, "openLoopSchedulingDelayMs": 0.0, "clientPooling": "hikari"}, "attemptedRps": 3.8513039460624934, "achievedThroughputRps": 1.655600807693624, "successfulThroughputRps": 1.655600807693624, "errorThroughputRps": 2.3261833053834833, "totalThroughputRps": 3.981784113077107, "errorRate": 0.5842062852538276, "totalRequests": 3723, "successfulRequests": 1548, "failedRequests": 2175, "latencyMs": {"p50": 31113.215, "p95": 46727.167, "p99": 80412.671, "p999": 103612.415, "max": 108527.615, "mean": 31325.00636207279, "meanSuccessful": 33186.51567958656, "meanFailed": 30000.2529251577, "meanTotal": 31325.00636207279}, "errorsByType": {"SQLTransientConnectionException": 2175}, "firstErrorMessageByType": {"SQLTransientConnectionException": "HikariPool-1 - Connection is not available, request timed out after 30000ms (total=5, active=5, idle=0, waiting=120)"}, "appCpuMedian": 0.025021894157387717, "gcPauseMsTotal": 2}