{"runInfo": {"sut": "HIKARI_DISCIPLINED", "workload": "W5_HTAP", "loadMode": "open-loop", "targetRps": 4, "concurrency": 0, "poolSize": 19, "instanceId": 4, "totalInstances": 16, "configuredDbConnectionBudget": 300, "configuredReplicas": 16, "seed": 42, "durationSeconds": 900, "timestamp": "2026-07-15T22:37:21Z", "openLoopAttemptedOps": 3601, "openLoopMissedOpportunities": 0, "openLoopSchedulingDelayMs": 0.0, "clientPooling": "hikari"}, "attemptedRps": 3.85130806507331, "achievedThroughputRps": 1.0994570094127638, "successfulThroughputRps": 1.0994570094127638, "errorThroughputRps": 2.8727057658391866, "totalThroughputRps": 3.97216277525195, "errorRate": 0.7232094776521271, "totalRequests": 3714, "successfulRequests": 1028, "failedRequests": 2686, "latencyMs": {"p50": 26001.407, "p95": 165937.151, "p99": 400818.175, "p999": 431226.879, "max": 431751.167, "mean": 32036.506196941573, "meanSuccessful": 37357.132890077824, "meanFailed": 30000.221534185035, "meanTotal": 32036.506196941573}, "errorsByType": {"SQLTransientConnectionException": 2686}, "firstErrorMessageByType": {"SQLTransientConnectionException": "HikariPool-1 - Connection is not available, request timed out after 30000ms (total=19, active=19, idle=0, waiting=112)"}, "appCpuMedian": 0.02501876407305479, "gcPauseMsTotal": 0}