{"runInfo": {"sut": "PGBOUNCER", "workload": "W5_HTAP", "loadMode": "open-loop", "targetRps": 2, "concurrency": 0, "poolSize": 20, "instanceId": 10, "totalInstances": 16, "configuredDbConnectionBudget": 100, "configuredReplicas": 16, "seed": 42, "durationSeconds": 900, "timestamp": "2026-07-15T03:17:29Z", "openLoopAttemptedOps": 1801, "openLoopMissedOpportunities": 0, "openLoopSchedulingDelayMs": 0.0, "clientPooling": "hikari"}, "attemptedRps": 1.9324013600843777, "achievedThroughputRps": 1.3004277892405696, "successfulThroughputRps": 1.3004277892405696, "errorThroughputRps": 0.6684542183967614, "totalThroughputRps": 1.968882007637331, "errorRate": 0.33950953678474116, "totalRequests": 1835, "successfulRequests": 1212, "failedRequests": 623, "latencyMs": {"p50": 27885.567, "p95": 48726.015, "p99": 104529.919, "p999": 117571.583, "max": 118292.479, "mean": 28602.987652147138, "meanSuccessful": 27884.53685478548, "meanFailed": 30000.35932691814, "meanTotal": 28602.987652147138}, "errorsByType": {"SQLTransientConnectionException": 623}, "firstErrorMessageByType": {"SQLTransientConnectionException": "HikariPool-1 - Connection is not available, request timed out after 30000ms (total=4, active=4, idle=0, waiting=53)"}, "appCpuMedian": 0.025015634771732333, "gcPauseMsTotal": 1}