{"runInfo": {"sut": "HIKARI_DISCIPLINED", "workload": "W5_HTAP", "loadMode": "open-loop", "targetRps": 4, "concurrency": 0, "poolSize": 19, "instanceId": 1, "totalInstances": 16, "configuredDbConnectionBudget": 300, "configuredReplicas": 16, "seed": 42, "durationSeconds": 900, "timestamp": "2026-07-15T22:37:18Z", "openLoopAttemptedOps": 3601, "openLoopMissedOpportunities": 0, "openLoopSchedulingDelayMs": 0.0, "clientPooling": "hikari"}, "attemptedRps": 3.8587987670667356, "achievedThroughputRps": 1.1015972090018673, "successfulThroughputRps": 1.1015972090018673, "errorThroughputRps": 2.8780563974990536, "totalThroughputRps": 3.979653606500921, "errorRate": 0.7231926901370599, "totalRequests": 3721, "successfulRequests": 1030, "failedRequests": 2691, "latencyMs": {"p50": 25509.887, "p95": 168427.519, "p99": 418906.111, "p999": 440139.775, "max": 442761.215, "mean": 31926.91614690621, "meanSuccessful": 36960.32818349515, "meanFailed": 30000.266624809363, "meanTotal": 31926.91614690621}, "errorsByType": {"SQLTransientConnectionException": 2691}, "firstErrorMessageByType": {"SQLTransientConnectionException": "HikariPool-1 - Connection is not available, request timed out after 30000ms (total=19, active=19, idle=0, waiting=112)"}, "appCpuMedian": 0.025025025025025023, "gcPauseMsTotal": 0}