{"runInfo": {"sut": "HIKARI_DISCIPLINED", "workload": "W5_HTAP", "loadMode": "open-loop", "targetRps": 5, "concurrency": 0, "poolSize": 19, "instanceId": 2, "totalInstances": 4, "configuredDbConnectionBudget": 75, "configuredReplicas": 4, "seed": 42, "durationSeconds": 1800, "timestamp": "2026-05-23T01:47:06Z", "openLoopAttemptedOps": 10501, "openLoopMissedOpportunities": 0, "openLoopSchedulingDelayMs": 0.117066, "clientPooling": "hikari"}, "attemptedRps": 3.9942102355018636, "achievedThroughputRps": 0.6776011146715718, "successfulThroughputRps": 0.6776011146715718, "errorThroughputRps": 3.386231748450342, "totalThroughputRps": 4.063832863121914, "errorRate": 0.8332605848974247, "totalRequests": 9164, "successfulRequests": 1528, "failedRequests": 7636, "latencyMs": {"p50": 27869.183, "p95": 60030.975, "p99": 60030.975, "p999": 66945.023, "max": 67076.095, "mean": 32890.64292125851, "meanSuccessful": 26276.200803664924, "meanFailed": 30000.362852822684, "meanTotal": 32890.64292125851}, "errorsByType": {"SQLTransientConnectionException": 7636}, "firstErrorMessageByType": {"SQLTransientConnectionException": "HikariPool-1 - Connection is not available, request timed out after 30000ms (total=19, active=19, idle=0, waiting=145)"}, "appCpuMedian": 0.7549068948163059, "gcPauseMsTotal": 5363}