{"runInfo": {"sut": "PGBOUNCER", "workload": "W5_HTAP", "loadMode": "open-loop", "targetRps": 4, "concurrency": 0, "poolSize": 20, "instanceId": 6, "totalInstances": 16, "configuredDbConnectionBudget": 100, "configuredReplicas": 16, "seed": 42, "durationSeconds": 900, "timestamp": "2026-07-15T23:10:50Z", "openLoopAttemptedOps": 3601, "openLoopMissedOpportunities": 0, "openLoopSchedulingDelayMs": 0.0, "clientPooling": "hikari"}, "attemptedRps": 3.8513121840929365, "achievedThroughputRps": 1.7005238469057953, "successfulThroughputRps": 1.7005238469057953, "errorThroughputRps": 2.2823382951553253, "totalThroughputRps": 3.9828621420611205, "errorRate": 0.5730397422126745, "totalRequests": 3724, "successfulRequests": 1590, "failedRequests": 2134, "latencyMs": {"p50": 31670.271, "p95": 46039.039, "p99": 95289.343, "p999": 108789.759, "max": 113770.495, "mean": 31596.46743176155, "meanSuccessful": 33739.00011069182, "meanFailed": 30000.27619104686, "meanTotal": 31596.46743176155}, "errorsByType": {"SQLTransientConnectionException": 2134}, "firstErrorMessageByType": {"SQLTransientConnectionException": "HikariPool-1 - Connection is not available, request timed out after 30000ms (total=8, active=8, idle=0, waiting=120)"}, "appCpuMedian": 0.025025025025025023, "gcPauseMsTotal": 1}