{"runInfo": {"sut": "HIKARI_DISCIPLINED", "workload": "W5_HTAP", "loadMode": "open-loop", "targetRps": 4, "concurrency": 0, "poolSize": 20, "instanceId": 0, "totalInstances": 4, "configuredDbConnectionBudget": 80, "configuredReplicas": 4, "seed": 42, "durationSeconds": 900, "timestamp": "2026-07-12T00:09:11Z", "openLoopAttemptedOps": 3601, "openLoopMissedOpportunities": 0, "openLoopSchedulingDelayMs": 0.0, "clientPooling": "hikari"}, "attemptedRps": 3.85130806507331, "achievedThroughputRps": 3.3293868388151107, "successfulThroughputRps": 3.3293868388151107, "errorThroughputRps": 0.5048090549054713, "totalThroughputRps": 3.834195893720582, "errorRate": 0.13165969316596932, "totalRequests": 3585, "successfulRequests": 3113, "failedRequests": 472, "latencyMs": {"p50": 5656.575, "p95": 39419.903, "p99": 109445.119, "p999": 232259.583, "max": 241827.839, "mean": 16416.090424804184, "meanSuccessful": 14356.567677802763, "meanFailed": 30000.288468440678, "meanTotal": 16416.090424804184}, "errorsByType": {"SQLTransientConnectionException": 472}, "firstErrorMessageByType": {"SQLTransientConnectionException": "HikariPool-1 - Connection is not available, request timed out after 30001ms (total=20, active=20, idle=0, waiting=101)"}, "appCpuMedian": 0.1502253380070105, "gcPauseMsTotal": 18}