{"runInfo": {"sut": "PGBOUNCER", "workload": "W5_HTAP", "loadMode": "open-loop", "targetRps": 5, "concurrency": 0, "poolSize": 20, "instanceId": 3, "totalInstances": 4, "configuredDbConnectionBudget": 100, "configuredReplicas": 4, "seed": 42, "durationSeconds": 1800, "timestamp": "2026-05-22T14:36:16Z", "openLoopAttemptedOps": 10501, "openLoopMissedOpportunities": 0, "openLoopSchedulingDelayMs": 0.154933, "clientPooling": "hikari"}, "attemptedRps": 3.991549498140588, "achievedThroughputRps": 0.7667358162743113, "successfulThroughputRps": 0.7667358162743113, "errorThroughputRps": 3.2926624845788095, "totalThroughputRps": 4.059398300853121, "errorRate": 0.8111208214987984, "totalRequests": 9154, "successfulRequests": 1729, "failedRequests": 7425, "latencyMs": {"p50": 29245.439, "p95": 60030.975, "p99": 60030.975, "p999": 65503.231, "max": 67108.863, "mean": 31002.52039937372, "meanSuccessful": 32431.36992018508, "meanFailed": 30000.243058595017, "meanTotal": 31002.52039937372}, "errorsByType": {"SQLTransientConnectionException": 7425}, "firstErrorMessageByType": {"SQLTransientConnectionException": "HikariPool-1 - Connection is not available, request timed out after 30000ms (total=3, active=3, idle=0, waiting=150)"}, "appCpuMedian": 0.10015022533800699, "gcPauseMsTotal": 3266}