{"runInfo": {"sut": "PGBOUNCER", "workload": "W5_HTAP", "loadMode": "open-loop", "targetRps": 4, "concurrency": 0, "poolSize": 20, "instanceId": 12, "totalInstances": 16, "configuredDbConnectionBudget": 100, "configuredReplicas": 16, "seed": 42, "durationSeconds": 900, "timestamp": "2026-07-15T18:12:27Z", "openLoopAttemptedOps": 3601, "openLoopMissedOpportunities": 0, "openLoopSchedulingDelayMs": 0.0, "clientPooling": "hikari"}, "attemptedRps": 3.85130806507331, "achievedThroughputRps": 1.7101476245632388, "successfulThroughputRps": 1.7101476245632388, "errorThroughputRps": 2.279127322041439, "totalThroughputRps": 3.989274946604678, "errorRate": 0.571313672922252, "totalRequests": 3730, "successfulRequests": 1599, "failedRequests": 2131, "latencyMs": {"p50": 31604.735, "p95": 45940.735, "p99": 70778.879, "p999": 106495.999, "max": 107216.895, "mean": 31600.80755749571, "meanSuccessful": 33733.9320275172, "meanFailed": 30000.25376238292, "meanTotal": 31600.80755749571}, "errorsByType": {"SQLTransientConnectionException": 2131}, "firstErrorMessageByType": {"SQLTransientConnectionException": "HikariPool-1 - Connection is not available, request timed out after 30000ms (total=12, active=12, idle=0, waiting=119)"}, "appCpuMedian": 0.02501876407305479, "gcPauseMsTotal": 2}