{"runInfo": {"sut": "PGBOUNCER", "workload": "W5_HTAP", "loadMode": "open-loop", "targetRps": 4, "concurrency": 0, "poolSize": 20, "instanceId": 12, "totalInstances": 16, "configuredDbConnectionBudget": 100, "configuredReplicas": 16, "seed": 42, "durationSeconds": 900, "timestamp": "2026-07-15T23:10:55Z", "openLoopAttemptedOps": 3601, "openLoopMissedOpportunities": 0, "openLoopSchedulingDelayMs": 0.0, "clientPooling": "hikari"}, "attemptedRps": 3.85130806507331, "achievedThroughputRps": 1.7561365850736947, "successfulThroughputRps": 1.7561365850736947, "errorThroughputRps": 2.227790807983256, "totalThroughputRps": 3.9839273930569505, "errorRate": 0.5591946308724832, "totalRequests": 3725, "successfulRequests": 1642, "failedRequests": 2083, "latencyMs": {"p50": 31244.287, "p95": 48791.551, "p99": 94437.375, "p999": 103415.807, "max": 108527.615, "mean": 31120.86867784161, "meanSuccessful": 32542.206752740563, "meanFailed": 30000.242820177147, "meanTotal": 31120.86867784161}, "errorsByType": {"SQLTransientConnectionException": 2083}, "firstErrorMessageByType": {"SQLTransientConnectionException": "HikariPool-1 - Connection is not available, request timed out after 30000ms (total=9, active=9, idle=0, waiting=119)"}, "appCpuMedian": 0.025021894157387717, "gcPauseMsTotal": 1}