{"runInfo": {"sut": "HIKARI_DISCIPLINED", "workload": "W5_HTAP", "loadMode": "open-loop", "targetRps": 3, "concurrency": 0, "poolSize": 19, "instanceId": 8, "totalInstances": 16, "configuredDbConnectionBudget": 300, "configuredReplicas": 16, "seed": 42, "durationSeconds": 900, "timestamp": "2026-07-15T10:59:15Z", "openLoopAttemptedOps": 2701, "openLoopMissedOpportunities": 0, "openLoopSchedulingDelayMs": 0.0, "clientPooling": "hikari"}, "attemptedRps": 2.898377122713651, "achievedThroughputRps": 1.4192422294616291, "successfulThroughputRps": 1.4192422294616291, "errorThroughputRps": 1.5679043770842114, "totalThroughputRps": 2.9871466065458403, "errorRate": 0.5248836376655925, "totalRequests": 2793, "successfulRequests": 1327, "failedRequests": 1466, "latencyMs": {"p50": 20824.063, "p95": 138543.103, "p99": 375652.351, "p999": 433848.319, "max": 442499.071, "mean": 29874.01291480165, "meanSuccessful": 29734.888824415975, "meanFailed": 30000.24154904843, "meanTotal": 29874.01291480165}, "errorsByType": {"SQLTransientConnectionException": 1466}, "firstErrorMessageByType": {"SQLTransientConnectionException": "HikariPool-1 - Connection is not available, request timed out after 30000ms (total=19, active=19, idle=0, waiting=80)"}, "appCpuMedian": 0.025025025025025023, "gcPauseMsTotal": 0}