{"runInfo": {"sut": "HIKARI_DISCIPLINED", "workload": "W5_HTAP", "loadMode": "open-loop", "targetRps": 3, "concurrency": 0, "poolSize": 19, "instanceId": 3, "totalInstances": 16, "configuredDbConnectionBudget": 300, "configuredReplicas": 16, "seed": 42, "durationSeconds": 900, "timestamp": "2026-07-15T09:19:25Z", "openLoopAttemptedOps": 2701, "openLoopMissedOpportunities": 0, "openLoopSchedulingDelayMs": 0.0, "clientPooling": "hikari"}, "attemptedRps": 2.898374022868278, "achievedThroughputRps": 1.2064080803673127, "successfulThroughputRps": 1.2064080803673127, "errorThroughputRps": 1.7796658206836955, "totalThroughputRps": 2.9860739010510082, "errorRate": 0.5959885386819485, "totalRequests": 2792, "successfulRequests": 1128, "failedRequests": 1664, "latencyMs": {"p50": 21561.343, "p95": 153354.239, "p99": 393478.143, "p999": 438042.623, "max": 444858.367, "mean": 30766.982572016474, "meanSuccessful": 31898.28728280142, "meanFailed": 30000.31227831911, "meanTotal": 30766.982572016474}, "errorsByType": {"SQLTransientConnectionException": 1664}, "firstErrorMessageByType": {"SQLTransientConnectionException": "HikariPool-1 - Connection is not available, request timed out after 30000ms (total=19, active=19, idle=0, waiting=80)"}, "appCpuMedian": 0.025021894157387717, "gcPauseMsTotal": 0}