{"runInfo": {"sut": "HIKARI_DISCIPLINED", "workload": "W5_HTAP", "loadMode": "open-loop", "targetRps": 5, "concurrency": 0, "poolSize": 19, "instanceId": 1, "totalInstances": 4, "configuredDbConnectionBudget": 75, "configuredReplicas": 4, "seed": 42, "durationSeconds": 1800, "timestamp": "2026-05-23T05:51:17Z", "openLoopAttemptedOps": 10501, "openLoopMissedOpportunities": 0, "openLoopSchedulingDelayMs": 0.097266, "clientPooling": "hikari"}, "attemptedRps": 3.9915530382986875, "achievedThroughputRps": 0.5702852135598391, "successfulThroughputRps": 0.5702852135598391, "errorThroughputRps": 3.490890514108129, "totalThroughputRps": 4.061175727667968, "errorRate": 0.8595763267088884, "totalRequests": 9158, "successfulRequests": 1286, "failedRequests": 7872, "latencyMs": {"p50": 27607.039, "p95": 60030.975, "p99": 60030.975, "p999": 60030.975, "max": 64618.495, "mean": 32930.68570281808, "meanSuccessful": 25430.56959797823, "meanFailed": 30000.284074022868, "meanTotal": 32930.68570281808}, "errorsByType": {"SQLTransientConnectionException": 7872}, "firstErrorMessageByType": {"SQLTransientConnectionException": "HikariPool-1 - Connection is not available, request timed out after 30000ms (total=19, active=19, idle=0, waiting=145)"}, "appCpuMedian": 0.5030181086519114, "gcPauseMsTotal": 3644}