{"runInfo": {"sut": "PGBOUNCER", "workload": "W5_HTAP", "loadMode": "open-loop", "targetRps": 8, "concurrency": 0, "poolSize": 20, "instanceId": 0, "totalInstances": 2, "configuredDbConnectionBudget": 100, "configuredReplicas": 2, "seed": 42, "durationSeconds": 900, "timestamp": "2026-05-31T03:02:41Z", "openLoopAttemptedOps": 9601, "openLoopMissedOpportunities": 0, "openLoopSchedulingDelayMs": 0.151147, "clientPooling": "hikari"}, "attemptedRps": 5.314340157622104, "achievedThroughputRps": 1.3055225300421474, "successfulThroughputRps": 1.3055225300421474, "errorThroughputRps": 4.190365701288475, "totalThroughputRps": 5.495888231330622, "errorRate": 0.7624546797368068, "totalRequests": 7447, "successfulRequests": 1769, "failedRequests": 5678, "latencyMs": {"p50": 28639.231, "p95": 60030.975, "p99": 60030.975, "p999": 60030.975, "max": 60030.975, "mean": 30532.201807727542, "meanSuccessful": 29646.41269869983, "meanFailed": 30000.254546182285, "meanTotal": 30532.201807727542}, "errorsByType": {"SQLTransientConnectionException": 5678}, "firstErrorMessageByType": {"SQLTransientConnectionException": "HikariPool-1 - Connection is not available, request timed out after 30000ms (total=6, active=6, idle=0, waiting=239)"}, "appCpuMedian": 0.15030060120240482, "gcPauseMsTotal": 8}