{"runInfo": {"sut": "HIKARI_DISCIPLINED", "workload": "W5_HTAP", "loadMode": "open-loop", "targetRps": 3, "concurrency": 0, "poolSize": 19, "instanceId": 14, "totalInstances": 16, "configuredDbConnectionBudget": 300, "configuredReplicas": 16, "seed": 42, "durationSeconds": 900, "timestamp": "2026-07-15T14:18:00Z", "openLoopAttemptedOps": 2701, "openLoopMissedOpportunities": 0, "openLoopSchedulingDelayMs": 0.0, "clientPooling": "hikari"}, "attemptedRps": 2.8983802225656548, "achievedThroughputRps": 1.1219191341222774, "successfulThroughputRps": 1.1219191341222774, "errorThroughputRps": 1.86309164122117, "totalThroughputRps": 2.985010775343447, "errorRate": 0.6241490505195271, "totalRequests": 2791, "successfulRequests": 1049, "failedRequests": 1742, "latencyMs": {"p50": 22478.847, "p95": 156106.751, "p99": 398196.735, "p999": 432013.311, "max": 441712.639, "mean": 31322.01287779613, "meanSuccessful": 33517.324688274544, "meanFailed": 30000.239682609645, "meanTotal": 31322.01287779613}, "errorsByType": {"SQLTransientConnectionException": 1742}, "firstErrorMessageByType": {"SQLTransientConnectionException": "HikariPool-1 - Connection is not available, request timed out after 30000ms (total=19, active=19, idle=0, waiting=80)"}, "appCpuMedian": 0.025015634771732333, "gcPauseMsTotal": 0}