{"runInfo": {"sut": "HIKARI_DISCIPLINED", "workload": "W5_HTAP", "loadMode": "open-loop", "targetRps": 3, "concurrency": 0, "poolSize": 19, "instanceId": 13, "totalInstances": 16, "configuredDbConnectionBudget": 300, "configuredReplicas": 16, "seed": 42, "durationSeconds": 900, "timestamp": "2026-07-15T15:57:11Z", "openLoopAttemptedOps": 2701, "openLoopMissedOpportunities": 0, "openLoopSchedulingDelayMs": 0.0, "clientPooling": "hikari"}, "attemptedRps": 2.8973076108602513, "achievedThroughputRps": 1.188227669127257, "successfulThroughputRps": 1.188227669127257, "errorThroughputRps": 1.7957104018583838, "totalThroughputRps": 2.9839380709856407, "errorRate": 0.6017921146953406, "totalRequests": 2790, "successfulRequests": 1111, "failedRequests": 1679, "latencyMs": {"p50": 22233.087, "p95": 152436.735, "p99": 398458.879, "p999": 439353.343, "max": 439353.343, "mean": 31272.009695677778, "meanSuccessful": 33193.94839423943, "meanFailed": 30000.315299289457, "meanTotal": 31272.009695677778}, "errorsByType": {"SQLTransientConnectionException": 1679}, "firstErrorMessageByType": {"SQLTransientConnectionException": "HikariPool-1 - Connection is not available, request timed out after 30000ms (total=19, active=19, idle=0, waiting=80)"}, "appCpuMedian": 0.025021894157387717, "gcPauseMsTotal": 0}