{"runInfo": {"sut": "PGBOUNCER", "workload": "W5_HTAP", "loadMode": "open-loop", "targetRps": 8, "concurrency": 0, "poolSize": 20, "instanceId": 2, "totalInstances": 4, "configuredDbConnectionBudget": 100, "configuredReplicas": 4, "seed": 42, "durationSeconds": 900, "timestamp": "2026-07-12T05:23:38Z", "openLoopAttemptedOps": 7201, "openLoopMissedOpportunities": 0, "openLoopSchedulingDelayMs": 0.0, "clientPooling": "hikari"}, "attemptedRps": 7.717104515808223, "achievedThroughputRps": 3.699409080484653, "successfulThroughputRps": 3.699409080484653, "errorThroughputRps": 4.284541571198622, "totalThroughputRps": 7.983950651683275, "errorRate": 0.5366442953020134, "totalRequests": 7450, "successfulRequests": 3452, "failedRequests": 3998, "latencyMs": {"p50": 29540.351, "p95": 40435.711, "p99": 48037.887, "p999": 69009.407, "max": 72941.567, "mean": 30073.928712732883, "meanSuccessful": 30159.235997682503, "meanFailed": 30000.2041243034, "meanTotal": 30073.928712732883}, "errorsByType": {"SQLTransientConnectionException": 3998}, "firstErrorMessageByType": {"SQLTransientConnectionException": "HikariPool-1 - Connection is not available, request timed out after 30000ms (total=10, active=10, idle=0, waiting=239)"}, "appCpuMedian": 0.10022551368400962, "gcPauseMsTotal": 7}