{"runInfo": {"sut": "HIKARI_DISCIPLINED", "workload": "W5_HTAP", "loadMode": "open-loop", "targetRps": 12, "concurrency": 0, "poolSize": 38, "instanceId": 1, "totalInstances": 2, "configuredDbConnectionBudget": 75, "configuredReplicas": 2, "seed": 42, "durationSeconds": 900, "timestamp": "2026-05-31T10:50:00Z", "openLoopAttemptedOps": 14401, "openLoopMissedOpportunities": 0, "openLoopSchedulingDelayMs": 0.09321, "clientPooling": "hikari"}, "attemptedRps": 7.971891003098868, "achievedThroughputRps": 0.9512837903160934, "successfulThroughputRps": 0.9512837903160934, "errorThroughputRps": 7.295143729460499, "totalThroughputRps": 8.246427519776592, "errorRate": 0.8846429210667621, "totalRequests": 11174, "successfulRequests": 1289, "failedRequests": 9885, "latencyMs": {"p50": 29687.807, "p95": 60030.975, "p99": 60030.975, "p999": 60030.975, "max": 60030.975, "mean": 33265.73842503168, "meanSuccessful": 31093.698343677268, "meanFailed": 30000.197207157813, "meanTotal": 33265.73842503168}, "errorsByType": {"SQLTransientConnectionException": 9885}, "firstErrorMessageByType": {"SQLTransientConnectionException": "HikariPool-1 - Connection is not available, request timed out after 30000ms (total=38, active=38, idle=0, waiting=358)"}, "appCpuMedian": 0.15015015015015015, "gcPauseMsTotal": 12}