{"runInfo": {"sut": "HIKARI_DISCIPLINED", "workload": "W5_HTAP", "loadMode": "open-loop", "targetRps": 3, "concurrency": 0, "poolSize": 19, "instanceId": 3, "totalInstances": 16, "configuredDbConnectionBudget": 300, "configuredReplicas": 16, "seed": 42, "durationSeconds": 900, "timestamp": "2026-07-15T14:17:52Z", "openLoopAttemptedOps": 2701, "openLoopMissedOpportunities": 0, "openLoopSchedulingDelayMs": 0.0, "clientPooling": "hikari"}, "attemptedRps": 2.898374022868278, "achievedThroughputRps": 1.3187067048695893, "successfulThroughputRps": 1.3187067048695893, "errorThroughputRps": 1.6673671961814192, "totalThroughputRps": 2.9860739010510082, "errorRate": 0.5583810888252149, "totalRequests": 2792, "successfulRequests": 1233, "failedRequests": 1559, "latencyMs": {"p50": 21020.671, "p95": 138412.031, "p99": 378798.079, "p999": 440139.775, "max": 443547.647, "mean": 30106.579004054798, "meanSuccessful": 30240.50015571776, "meanFailed": 30000.30561259269, "meanTotal": 30106.579004054798}, "errorsByType": {"SQLTransientConnectionException": 1559}, "firstErrorMessageByType": {"SQLTransientConnectionException": "HikariPool-1 - Connection is not available, request timed out after 30000ms (total=19, active=19, idle=0, waiting=80)"}, "appCpuMedian": 0.025021894157387717, "gcPauseMsTotal": 0}