{"runInfo": {"sut": "PGBOUNCER", "workload": "W5_HTAP", "loadMode": "open-loop", "targetRps": 4, "concurrency": 0, "poolSize": 20, "instanceId": 4, "totalInstances": 16, "configuredDbConnectionBudget": 100, "configuredReplicas": 16, "seed": 42, "durationSeconds": 900, "timestamp": "2026-07-15T23:10:49Z", "openLoopAttemptedOps": 3601, "openLoopMissedOpportunities": 0, "openLoopSchedulingDelayMs": 0.0, "clientPooling": "hikari"}, "attemptedRps": 3.85130806507331, "achievedThroughputRps": 1.6588111105050551, "successfulThroughputRps": 1.6588111105050551, "errorThroughputRps": 2.32404677184235, "totalThroughputRps": 3.982857882347405, "errorRate": 0.5835123523093448, "totalRequests": 3724, "successfulRequests": 1551, "failedRequests": 2173, "latencyMs": {"p50": 31653.887, "p95": 49250.303, "p99": 70582.271, "p999": 107872.255, "max": 107937.791, "mean": 31343.47127927712, "meanSuccessful": 33225.3736686009, "meanFailed": 30000.25400126737, "meanTotal": 31343.47127927712}, "errorsByType": {"SQLTransientConnectionException": 2173}, "firstErrorMessageByType": {"SQLTransientConnectionException": "HikariPool-1 - Connection is not available, request timed out after 30000ms (total=7, active=7, idle=0, waiting=120)"}, "appCpuMedian": 0.025025025025025023, "gcPauseMsTotal": 1}