{"runInfo": {"sut": "PGBOUNCER", "workload": "W5_HTAP", "loadMode": "open-loop", "targetRps": 3, "concurrency": 0, "poolSize": 20, "instanceId": 6, "totalInstances": 16, "configuredDbConnectionBudget": 100, "configuredReplicas": 16, "seed": 42, "durationSeconds": 900, "timestamp": "2026-07-15T11:32:06Z", "openLoopAttemptedOps": 2701, "openLoopMissedOpportunities": 0, "openLoopSchedulingDelayMs": 0.0, "clientPooling": "hikari"}, "attemptedRps": 2.8887546055903446, "achievedThroughputRps": 1.766835471468067, "successfulThroughputRps": 1.766835471468067, "errorThroughputRps": 1.2160362778808669, "totalThroughputRps": 2.982871749348934, "errorRate": 0.40767300107565435, "totalRequests": 2789, "successfulRequests": 1652, "failedRequests": 1137, "latencyMs": {"p50": 29474.815, "p95": 47480.831, "p99": 70451.199, "p999": 97714.175, "max": 105512.959, "mean": 30671.951602098245, "meanSuccessful": 31134.17173849879, "meanFailed": 30000.323451366756, "meanTotal": 30671.951602098245}, "errorsByType": {"SQLTransientConnectionException": 1137}, "firstErrorMessageByType": {"SQLTransientConnectionException": "HikariPool-1 - Connection is not available, request timed out after 30000ms (total=10, active=10, idle=0, waiting=82)"}, "appCpuMedian": 0.025025025025025023, "gcPauseMsTotal": 2}