{"runInfo": {"sut": "HIKARI_DISCIPLINED", "workload": "W5_HTAP", "loadMode": "open-loop", "targetRps": 4, "concurrency": 0, "poolSize": 19, "instanceId": 14, "totalInstances": 16, "configuredDbConnectionBudget": 300, "configuredReplicas": 16, "seed": 42, "durationSeconds": 900, "timestamp": "2026-07-15T20:58:07Z", "openLoopAttemptedOps": 3601, "openLoopMissedOpportunities": 0, "openLoopSchedulingDelayMs": 0.0, "clientPooling": "hikari"}, "attemptedRps": 3.8513121840929365, "achievedThroughputRps": 1.555070234843413, "successfulThroughputRps": 1.555070234843413, "errorThroughputRps": 2.398915087175911, "totalThroughputRps": 3.953985322019324, "errorRate": 0.6067081417365432, "totalRequests": 3697, "successfulRequests": 1454, "failedRequests": 2243, "latencyMs": {"p50": 24428.543, "p95": 143261.695, "p99": 376438.783, "p999": 436731.903, "max": 451936.255, "mean": 30975.03590908196, "meanSuccessful": 32478.532099724896, "meanFailed": 30000.22625879804, "meanTotal": 30975.03590908196}, "errorsByType": {"SQLTransientConnectionException": 2243}, "firstErrorMessageByType": {"SQLTransientConnectionException": "HikariPool-1 - Connection is not available, request timed out after 30000ms (total=19, active=19, idle=0, waiting=112)"}, "appCpuMedian": 0.025025025025025023, "gcPauseMsTotal": 0}