{"runInfo": {"sut": "HIKARI_DISCIPLINED", "workload": "W5_HTAP", "loadMode": "open-loop", "targetRps": 5, "concurrency": 0, "poolSize": 19, "instanceId": 3, "totalInstances": 4, "configuredDbConnectionBudget": 75, "configuredReplicas": 4, "seed": 42, "durationSeconds": 1800, "timestamp": "2026-05-22T13:33:40Z", "openLoopAttemptedOps": 10501, "openLoopMissedOpportunities": 0, "openLoopSchedulingDelayMs": 0.104466, "clientPooling": "hikari"}, "attemptedRps": 3.993325093912984, "achievedThroughputRps": 0.34323527181439756, "successfulThroughputRps": 0.34323527181439756, "errorThroughputRps": 3.7192690241697055, "totalThroughputRps": 4.062504295984103, "errorRate": 0.9155114070516319, "totalRequests": 9161, "successfulRequests": 774, "failedRequests": 8387, "latencyMs": {"p50": 27557.887, "p95": 60030.975, "p99": 60030.975, "p999": 61177.855, "max": 61177.855, "mean": 32916.19047787239, "meanSuccessful": 23097.422872093022, "meanFailed": 30000.24926073888, "meanTotal": 32916.19047787239}, "errorsByType": {"SQLTransientConnectionException": 8387}, "firstErrorMessageByType": {"SQLTransientConnectionException": "HikariPool-1 - Connection is not available, request timed out after 30000ms (total=19, active=19, idle=0, waiting=145)"}, "appCpuMedian": 0.2012072434607646, "gcPauseMsTotal": 2068}