{"runInfo": {"sut": "HIKARI_DISCIPLINED", "workload": "W5_HTAP", "loadMode": "open-loop", "targetRps": 3, "concurrency": 0, "poolSize": 19, "instanceId": 4, "totalInstances": 16, "configuredDbConnectionBudget": 300, "configuredReplicas": 16, "seed": 42, "durationSeconds": 900, "timestamp": "2026-07-15T12:37:58Z", "openLoopAttemptedOps": 2700, "openLoopMissedOpportunities": 0, "openLoopSchedulingDelayMs": 0.0, "clientPooling": "hikari"}, "attemptedRps": 2.8962350014491873, "achievedThroughputRps": 1.241701933782314, "successfulThroughputRps": 1.241701933782314, "errorThroughputRps": 1.7411634351400578, "totalThroughputRps": 2.982865368922372, "errorRate": 0.5837217640731445, "totalRequests": 2789, "successfulRequests": 1161, "failedRequests": 1628, "latencyMs": {"p50": 22265.855, "p95": 147849.215, "p99": 403963.903, "p999": 439353.343, "max": 442236.927, "mean": 31237.655518600215, "meanSuccessful": 32972.03683118002, "meanFailed": 30000.257813748773, "meanTotal": 31237.655518600215}, "errorsByType": {"SQLTransientConnectionException": 1628}, "firstErrorMessageByType": {"SQLTransientConnectionException": "HikariPool-1 - Connection is not available, request timed out after 30000ms (total=19, active=19, idle=0, waiting=80)"}, "appCpuMedian": 0.02501876407305479, "gcPauseMsTotal": 0}