{"runInfo": {"sut": "PGBOUNCER", "workload": "W5_HTAP", "loadMode": "open-loop", "targetRps": 4, "concurrency": 0, "poolSize": 20, "instanceId": 13, "totalInstances": 16, "configuredDbConnectionBudget": 100, "configuredReplicas": 16, "seed": 42, "durationSeconds": 900, "timestamp": "2026-07-15T21:31:25Z", "openLoopAttemptedOps": 3601, "openLoopMissedOpportunities": 0, "openLoopSchedulingDelayMs": 0.0, "clientPooling": "hikari"}, "attemptedRps": 3.85130806507331, "achievedThroughputRps": 1.7358158815923304, "successfulThroughputRps": 1.7358158815923304, "errorThroughputRps": 2.2502505328837112, "totalThroughputRps": 3.9860664144760416, "errorRate": 0.5645291118862356, "totalRequests": 3727, "successfulRequests": 1623, "failedRequests": 2104, "latencyMs": {"p50": 31522.815, "p95": 50921.471, "p99": 94175.231, "p999": 103612.415, "max": 103743.487, "mean": 31457.427270162865, "meanSuccessful": 33346.27456315465, "meanFailed": 30000.31000098099, "meanTotal": 31457.427270162865}, "errorsByType": {"SQLTransientConnectionException": 2104}, "firstErrorMessageByType": {"SQLTransientConnectionException": "HikariPool-1 - Connection is not available, request timed out after 30000ms (total=7, active=7, idle=0, waiting=120)"}, "appCpuMedian": 0.02502815667626079, "gcPauseMsTotal": 2}