{"runInfo": {"sut": "HIKARI_DISCIPLINED", "workload": "W5_HTAP", "loadMode": "open-loop", "targetRps": 4, "concurrency": 0, "poolSize": 19, "instanceId": 3, "totalInstances": 16, "configuredDbConnectionBudget": 300, "configuredReplicas": 16, "seed": 42, "durationSeconds": 900, "timestamp": "2026-07-15T22:37:20Z", "openLoopAttemptedOps": 3601, "openLoopMissedOpportunities": 0, "openLoopSchedulingDelayMs": 0.0, "clientPooling": "hikari"}, "attemptedRps": 3.85130806507331, "achievedThroughputRps": 1.4673686934964123, "successfulThroughputRps": 1.4673686934964123, "errorThroughputRps": 2.48768191040281, "totalThroughputRps": 3.9550506038992226, "errorRate": 0.6289886425094646, "totalRequests": 3698, "successfulRequests": 1372, "failedRequests": 2326, "latencyMs": {"p50": 25526.271, "p95": 145489.919, "p99": 371195.903, "p999": 434634.751, "max": 440664.063, "mean": 31519.67288237615, "meanSuccessful": 34095.88213702624, "meanFailed": 30000.256044701204, "meanTotal": 31519.67288237615}, "errorsByType": {"SQLTransientConnectionException": 2326}, "firstErrorMessageByType": {"SQLTransientConnectionException": "HikariPool-1 - Connection is not available, request timed out after 30000ms (total=19, active=19, idle=0, waiting=97)"}, "appCpuMedian": 0.025025025025025023, "gcPauseMsTotal": 0}