{"runInfo": {"sut": "PGBOUNCER", "workload": "W5_HTAP", "loadMode": "open-loop", "targetRps": 3, "concurrency": 0, "poolSize": 20, "instanceId": 15, "totalInstances": 16, "configuredDbConnectionBudget": 100, "configuredReplicas": 16, "seed": 42, "durationSeconds": 900, "timestamp": "2026-07-15T13:11:47Z", "openLoopAttemptedOps": 2701, "openLoopMissedOpportunities": 0, "openLoopSchedulingDelayMs": 0.0, "clientPooling": "hikari"}, "attemptedRps": 2.8887515160330524, "achievedThroughputRps": 1.6427702068222023, "successfulThroughputRps": 1.6427702068222023, "errorThroughputRps": 1.3347507930430393, "totalThroughputRps": 2.9775209998652414, "errorRate": 0.4482758620689655, "totalRequests": 2784, "successfulRequests": 1536, "failedRequests": 1248, "latencyMs": {"p50": 30588.927, "p95": 44662.783, "p99": 78184.447, "p999": 106495.999, "max": 106561.535, "mean": 31314.547452126797, "meanSuccessful": 32382.436833333333, "meanFailed": 30000.372015281253, "meanTotal": 31314.547452126797}, "errorsByType": {"SQLTransientConnectionException": 1248}, "firstErrorMessageByType": {"SQLTransientConnectionException": "HikariPool-1 - Connection is not available, request timed out after 30001ms (total=8, active=8, idle=0, waiting=84)"}, "appCpuMedian": 0.025021894157387717, "gcPauseMsTotal": 2}