{"runInfo": {"sut": "HIKARI_DISCIPLINED", "workload": "W5_HTAP", "loadMode": "open-loop", "targetRps": 4, "concurrency": 0, "poolSize": 19, "instanceId": 11, "totalInstances": 16, "configuredDbConnectionBudget": 300, "configuredReplicas": 16, "seed": 42, "durationSeconds": 900, "timestamp": "2026-07-15T17:39:16Z", "openLoopAttemptedOps": 3601, "openLoopMissedOpportunities": 0, "openLoopSchedulingDelayMs": 0.0, "clientPooling": "hikari"}, "attemptedRps": 3.8513121840929365, "achievedThroughputRps": 1.2481203329176498, "successfulThroughputRps": 1.2481203329176498, "errorThroughputRps": 2.6962393824210755, "totalThroughputRps": 3.944359715338725, "errorRate": 0.6835683297180043, "totalRequests": 3688, "successfulRequests": 1167, "failedRequests": 2521, "latencyMs": {"p50": 25362.431, "p95": 147455.999, "p99": 398458.879, "p999": 441188.351, "max": 447217.663, "mean": 31472.417180915672, "meanSuccessful": 34652.69822365039, "meanFailed": 30000.27959071678, "meanTotal": 31472.417180915672}, "errorsByType": {"SQLTransientConnectionException": 2521}, "firstErrorMessageByType": {"SQLTransientConnectionException": "HikariPool-1 - Connection is not available, request timed out after 30000ms (total=19, active=19, idle=0, waiting=112)"}, "appCpuMedian": 0.025025025025025023, "gcPauseMsTotal": 0}