{"runInfo": {"sut": "PGBOUNCER", "workload": "W5_HTAP", "loadMode": "open-loop", "targetRps": 12, "concurrency": 0, "poolSize": 20, "instanceId": 3, "totalInstances": 4, "configuredDbConnectionBudget": 100, "configuredReplicas": 4, "seed": 42, "durationSeconds": 900, "timestamp": "2026-07-12T11:41:21Z", "openLoopAttemptedOps": 10800, "openLoopMissedOpportunities": 0, "openLoopSchedulingDelayMs": 0.0, "clientPooling": "hikari"}, "attemptedRps": 11.56479701912833, "achievedThroughputRps": 4.774319961882532, "successfulThroughputRps": 4.774319961882532, "errorThroughputRps": 7.186641754688395, "totalThroughputRps": 11.960961716570926, "errorRate": 0.6008414645063109, "totalRequests": 11171, "successfulRequests": 4459, "failedRequests": 6712, "latencyMs": {"p50": 29966.335, "p95": 39157.759, "p99": 45187.071, "p999": 59637.759, "max": 63832.063, "mean": 30489.07403004189, "meanSuccessful": 31225.05829647903, "meanFailed": 30000.192868647646, "meanTotal": 30489.07403004189}, "errorsByType": {"SQLTransientConnectionException": 6712}, "firstErrorMessageByType": {"SQLTransientConnectionException": "HikariPool-1 - Connection is not available, request timed out after 30000ms (total=10, active=10, idle=0, waiting=360)"}, "appCpuMedian": 0.1502253380070105, "gcPauseMsTotal": 13}