{"runInfo": {"sut": "HIKARI_DISCIPLINED", "workload": "W5_HTAP", "loadMode": "open-loop", "targetRps": 2, "concurrency": 0, "poolSize": 19, "instanceId": 1, "totalInstances": 16, "configuredDbConnectionBudget": 300, "configuredReplicas": 16, "seed": 42, "durationSeconds": 900, "timestamp": "2026-07-15T01:05:19Z", "openLoopAttemptedOps": 1801, "openLoopMissedOpportunities": 0, "openLoopSchedulingDelayMs": 0.0, "clientPooling": "hikari"}, "attemptedRps": 1.9261887878914277, "achievedThroughputRps": 1.1251252664418556, "successfulThroughputRps": 1.1251252664418556, "errorThroughputRps": 0.7967854786113902, "totalThroughputRps": 1.9219107450532458, "errorRate": 0.41457985531441294, "totalRequests": 1797, "successfulRequests": 1052, "failedRequests": 745, "latencyMs": {"p50": 103.359, "p95": 120193.023, "p99": 316145.663, "p999": 583532.543, "max": 587202.559, "mean": 24047.19844064107, "meanSuccessful": 19831.09888688213, "meanFailed": 30000.339232731545, "meanTotal": 24047.19844064107}, "errorsByType": {"SQLTransientConnectionException": 745}, "firstErrorMessageByType": {"SQLTransientConnectionException": "HikariPool-1 - Connection is not available, request timed out after 30001ms (total=19, active=19, idle=0, waiting=46)"}, "appCpuMedian": 0.02501876407305479, "gcPauseMsTotal": 0}