{"runInfo": {"sut": "HIKARI_DISCIPLINED", "workload": "W5_HTAP", "loadMode": "open-loop", "targetRps": 4, "concurrency": 0, "poolSize": 38, "instanceId": 1, "totalInstances": 2, "configuredDbConnectionBudget": 75, "configuredReplicas": 2, "seed": 42, "durationSeconds": 900, "timestamp": "2026-05-30T14:50:02Z", "openLoopAttemptedOps": 4801, "openLoopMissedOpportunities": 0, "openLoopSchedulingDelayMs": 0.074862, "clientPooling": "hikari"}, "attemptedRps": 2.6575430014959287, "achievedThroughputRps": 1.0627220000428041, "successfulThroughputRps": 1.0627220000428041, "errorThroughputRps": 1.651647108399858, "totalThroughputRps": 2.714369108442662, "errorRate": 0.6084828711256117, "totalRequests": 3678, "successfulRequests": 1440, "failedRequests": 2238, "latencyMs": {"p50": 10305.535, "p95": 60030.975, "p99": 60030.975, "p999": 60030.975, "max": 66060.287, "mean": 31853.611950436647, "meanSuccessful": 13457.337570138889, "meanFailed": 30000.264469638965, "meanTotal": 31853.611950436647}, "errorsByType": {"SQLTransientConnectionException": 2238}, "firstErrorMessageByType": {"SQLTransientConnectionException": "HikariPool-1 - Connection is not available, request timed out after 30001ms (total=38, active=38, idle=0, waiting=68)"}, "appCpuMedian": 0.10010010010010009, "gcPauseMsTotal": 7}