{"runInfo": {"sut": "PGBOUNCER", "workload": "W5_HTAP", "loadMode": "open-loop", "targetRps": 4, "concurrency": 0, "poolSize": 20, "instanceId": 1, "totalInstances": 2, "configuredDbConnectionBudget": 100, "configuredReplicas": 2, "seed": 42, "durationSeconds": 900, "timestamp": "2026-05-30T18:42:45Z", "openLoopAttemptedOps": 4801, "openLoopMissedOpportunities": 0, "openLoopSchedulingDelayMs": 0.1405, "clientPooling": "hikari"}, "attemptedRps": 2.6575449627678025, "achievedThroughputRps": 1.3748976022317179, "successfulThroughputRps": 1.3748976022317179, "errorThroughputRps": 1.3675175828960673, "totalThroughputRps": 2.742415185127785, "errorRate": 0.4986544671689989, "totalRequests": 3716, "successfulRequests": 1863, "failedRequests": 1853, "latencyMs": {"p50": 24428.543, "p95": 60030.975, "p99": 60030.975, "p999": 65798.143, "max": 67010.559, "mean": 28436.13091267438, "meanSuccessful": 24858.92927965647, "meanFailed": 30000.27585338748, "meanTotal": 28436.13091267438}, "errorsByType": {"SQLTransientConnectionException": 1853}, "firstErrorMessageByType": {"SQLTransientConnectionException": "HikariPool-1 - Connection is not available, request timed out after 30000ms (total=12, active=12, idle=0, waiting=107)"}, "appCpuMedian": 0.10010010010010009, "gcPauseMsTotal": 6}