{"runInfo": {"sut": "PGBOUNCER", "workload": "W5_HTAP", "loadMode": "open-loop", "targetRps": 3, "concurrency": 0, "poolSize": 20, "instanceId": 11, "totalInstances": 16, "configuredDbConnectionBudget": 100, "configuredReplicas": 16, "seed": 42, "durationSeconds": 900, "timestamp": "2026-07-15T11:32:09Z", "openLoopAttemptedOps": 2701, "openLoopMissedOpportunities": 0, "openLoopSchedulingDelayMs": 0.0, "clientPooling": "hikari"}, "attemptedRps": 2.8887453369382934, "achievedThroughputRps": 1.6053338581060268, "successfulThroughputRps": 1.6053338581060268, "errorThroughputRps": 1.3486515623395736, "totalThroughputRps": 2.9539854204456004, "errorRate": 0.4565532223026792, "totalRequests": 2762, "successfulRequests": 1501, "failedRequests": 1261, "latencyMs": {"p50": 30523.391, "p95": 46891.007, "p99": 75366.399, "p999": 102170.623, "max": 104464.383, "mean": 31395.532450888488, "meanSuccessful": 32567.25227448368, "meanFailed": 30000.36485348216, "meanTotal": 31395.532450888488}, "errorsByType": {"SQLTransientConnectionException": 1261}, "firstErrorMessageByType": {"SQLTransientConnectionException": "HikariPool-1 - Connection is not available, request timed out after 30000ms (total=11, active=11, idle=0, waiting=75)"}, "appCpuMedian": 0.02502815667626079, "gcPauseMsTotal": 1}