{"runInfo": {"sut": "PGBOUNCER", "workload": "W5_HTAP", "loadMode": "open-loop", "targetRps": 4, "concurrency": 0, "poolSize": 20, "instanceId": 2, "totalInstances": 16, "configuredDbConnectionBudget": 100, "configuredReplicas": 16, "seed": 42, "durationSeconds": 900, "timestamp": "2026-07-15T18:12:19Z", "openLoopAttemptedOps": 3601, "openLoopMissedOpportunities": 0, "openLoopSchedulingDelayMs": 0.0, "clientPooling": "hikari"}, "attemptedRps": 3.8513121840929365, "achievedThroughputRps": 1.6267275290212042, "successfulThroughputRps": 1.6267275290212042, "errorThroughputRps": 2.352926077479717, "totalThroughputRps": 3.979653606500921, "errorRate": 0.5912389142703575, "totalRequests": 3721, "successfulRequests": 1521, "failedRequests": 2200, "latencyMs": {"p50": 31309.823, "p95": 52658.175, "p99": 94765.055, "p999": 107544.575, "max": 108658.687, "mean": 31587.0451015219, "meanSuccessful": 33881.93190795529, "meanFailed": 30000.247769775455, "meanTotal": 31587.0451015219}, "errorsByType": {"SQLTransientConnectionException": 2200}, "firstErrorMessageByType": {"SQLTransientConnectionException": "HikariPool-1 - Connection is not available, request timed out after 30000ms (total=11, active=11, idle=0, waiting=113)"}, "appCpuMedian": 0.025015634771732333, "gcPauseMsTotal": 2}