{"runInfo": {"sut": "PGBOUNCER", "workload": "W5_HTAP", "loadMode": "open-loop", "targetRps": 12, "concurrency": 0, "poolSize": 20, "instanceId": 0, "totalInstances": 4, "configuredDbConnectionBudget": 100, "configuredReplicas": 4, "seed": 42, "durationSeconds": 900, "timestamp": "2026-07-12T13:15:52Z", "openLoopAttemptedOps": 10801, "openLoopMissedOpportunities": 0, "openLoopSchedulingDelayMs": 0.0, "clientPooling": "hikari"}, "attemptedRps": 11.55178517380084, "achievedThroughputRps": 4.575366815435607, "successfulThroughputRps": 4.575366815435607, "errorThroughputRps": 7.372137320897063, "totalThroughputRps": 11.94750413633267, "errorRate": 0.6170441321278309, "totalRequests": 11171, "successfulRequests": 4278, "failedRequests": 6893, "latencyMs": {"p50": 29999.103, "p95": 39387.135, "p99": 45711.359, "p999": 60063.743, "max": 66256.895, "mean": 30635.57295862904, "meanSuccessful": 31659.332099111736, "meanFailed": 30000.17318671246, "meanTotal": 30635.57295862904}, "errorsByType": {"SQLTransientConnectionException": 6893}, "firstErrorMessageByType": {"SQLTransientConnectionException": "HikariPool-1 - Connection is not available, request timed out after 30000ms (total=11, active=11, idle=0, waiting=360)"}, "appCpuMedian": 0.1502253380070105, "gcPauseMsTotal": 12}