{"runInfo": {"sut": "PGBOUNCER", "workload": "W5_HTAP", "loadMode": "open-loop", "targetRps": 8, "concurrency": 0, "poolSize": 20, "instanceId": 2, "totalInstances": 4, "configuredDbConnectionBudget": 100, "configuredReplicas": 4, "seed": 42, "durationSeconds": 900, "timestamp": "2026-07-05T09:08:43Z", "openLoopAttemptedOps": 7200, "openLoopMissedOpportunities": 0, "openLoopSchedulingDelayMs": 0.0, "clientPooling": "hikari"}, "attemptedRps": 7.706394916348153, "achievedThroughputRps": 4.9181784223083005, "successfulThroughputRps": 4.9181784223083005, "errorThroughputRps": 3.048307322466603, "totalThroughputRps": 7.966485744774904, "errorRate": 0.3826414080343947, "totalRequests": 7443, "successfulRequests": 4595, "failedRequests": 2848, "latencyMs": {"p50": 29196.287, "p95": 37257.215, "p99": 44597.247, "p999": 58785.791, "max": 67764.223, "mean": 29068.28960096265, "meanSuccessful": 28490.687116430905, "meanFailed": 30000.232038987713, "meanTotal": 29068.28960096265}, "errorsByType": {"SQLTransientConnectionException": 2848}, "firstErrorMessageByType": {"SQLTransientConnectionException": "HikariPool-1 - Connection is not available, request timed out after 30000ms (total=4, active=4, idle=0, waiting=239)"}, "appCpuMedian": 0.1503006012024048, "gcPauseMsTotal": 12}