{"runInfo": {"sut": "HIKARI_DISCIPLINED", "workload": "W5_HTAP", "loadMode": "open-loop", "targetRps": 3, "concurrency": 0, "poolSize": 19, "instanceId": 2, "totalInstances": 16, "configuredDbConnectionBudget": 300, "configuredReplicas": 16, "seed": 42, "durationSeconds": 900, "timestamp": "2026-07-15T09:19:24Z", "openLoopAttemptedOps": 2701, "openLoopMissedOpportunities": 0, "openLoopSchedulingDelayMs": 0.0, "clientPooling": "hikari"}, "attemptedRps": 2.898377122713651, "achievedThroughputRps": 1.1828801098602577, "successfulThroughputRps": 1.1828801098602577, "errorThroughputRps": 1.803196984832183, "totalThroughputRps": 2.9860770946924404, "errorRate": 0.6038681948424068, "totalRequests": 2792, "successfulRequests": 1106, "failedRequests": 1686, "latencyMs": {"p50": 23658.495, "p95": 159252.479, "p99": 416808.959, "p999": 445120.511, "max": 453509.119, "mean": 31543.079840756087, "meanSuccessful": 33894.67367269439, "meanFailed": 30000.24627452194, "meanTotal": 31543.079840756087}, "errorsByType": {"SQLTransientConnectionException": 1686}, "firstErrorMessageByType": {"SQLTransientConnectionException": "HikariPool-1 - Connection is not available, request timed out after 30000ms (total=19, active=19, idle=0, waiting=80)"}, "appCpuMedian": 0.025021894157387717, "gcPauseMsTotal": 0}