{"runInfo": {"sut": "HIKARI_DISCIPLINED", "workload": "W5_HTAP", "loadMode": "open-loop", "targetRps": 8, "concurrency": 0, "poolSize": 20, "instanceId": 2, "totalInstances": 4, "configuredDbConnectionBudget": 80, "configuredReplicas": 4, "seed": 42, "durationSeconds": 900, "timestamp": "2026-07-12T08:01:01Z", "openLoopAttemptedOps": 7201, "openLoopMissedOpportunities": 0, "openLoopSchedulingDelayMs": 0.0, "clientPooling": "hikari"}, "attemptedRps": 7.7015466194370745, "achievedThroughputRps": 3.729383844185124, "successfulThroughputRps": 3.729383844185124, "errorThroughputRps": 4.229914856252413, "totalThroughputRps": 7.959298700437537, "errorRate": 0.5314431604407417, "totalRequests": 7442, "successfulRequests": 3487, "failedRequests": 3955, "latencyMs": {"p50": 28704.767, "p95": 78774.271, "p99": 190185.471, "p999": 199491.583, "max": 200278.015, "mean": 31355.04733924214, "meanSuccessful": 32891.70190392888, "meanFailed": 30000.194120248292, "meanTotal": 31355.04733924214}, "errorsByType": {"SQLTransientConnectionException": 3955}, "firstErrorMessageByType": {"SQLTransientConnectionException": "HikariPool-1 - Connection is not available, request timed out after 30000ms (total=20, active=20, idle=0, waiting=240)"}, "appCpuMedian": 0.15037593984962408, "gcPauseMsTotal": 14}