{"runInfo": {"sut": "PGBOUNCER", "workload": "W5_HTAP", "loadMode": "open-loop", "targetRps": 12, "concurrency": 0, "poolSize": 20, "instanceId": 0, "totalInstances": 4, "configuredDbConnectionBudget": 100, "configuredReplicas": 4, "seed": 42, "durationSeconds": 900, "timestamp": "2026-07-05T18:32:04Z", "openLoopAttemptedOps": 10800, "openLoopMissedOpportunities": 0, "openLoopSchedulingDelayMs": 0.0, "clientPooling": "hikari"}, "attemptedRps": 11.565787712488287, "achievedThroughputRps": 4.767233302101459, "successfulThroughputRps": 4.767233302101459, "errorThroughputRps": 7.195823852228617, "totalThroughputRps": 11.963057154330077, "errorRate": 0.6015037593984962, "totalRequests": 11172, "successfulRequests": 4452, "failedRequests": 6720, "latencyMs": {"p50": 29933.567, "p95": 38928.383, "p99": 45219.839, "p999": 61177.855, "max": 64913.407, "mean": 30500.616279646438, "meanSuccessful": 31255.929362084455, "meanFailed": 30000.24430771235, "meanTotal": 30500.616279646438}, "errorsByType": {"SQLTransientConnectionException": 6720}, "firstErrorMessageByType": {"SQLTransientConnectionException": "HikariPool-1 - Connection is not available, request timed out after 30000ms (total=11, active=11, idle=0, waiting=360)"}, "appCpuMedian": 0.20020020020020018, "gcPauseMsTotal": 11}