{"runInfo": {"sut": "PGBOUNCER", "workload": "W5_HTAP", "loadMode": "open-loop", "targetRps": 12, "concurrency": 0, "poolSize": 20, "instanceId": 0, "totalInstances": 2, "configuredDbConnectionBudget": 100, "configuredReplicas": 2, "seed": 42, "durationSeconds": 900, "timestamp": "2026-05-31T14:44:52Z", "openLoopAttemptedOps": 14401, "openLoopMissedOpportunities": 0, "openLoopSchedulingDelayMs": 0.184216, "clientPooling": "hikari"}, "attemptedRps": 7.971135353583064, "achievedThroughputRps": 1.2848575734272858, "successfulThroughputRps": 1.2848575734272858, "errorThroughputRps": 6.960813689009856, "totalThroughputRps": 8.245671262437142, "errorRate": 0.8441779289358274, "totalRequests": 11173, "successfulRequests": 1741, "failedRequests": 9432, "latencyMs": {"p50": 29130.751, "p95": 60030.975, "p99": 60030.975, "p999": 60030.975, "max": 60817.407, "mean": 30530.239404652824, "meanSuccessful": 30790.287025847214, "meanFailed": 30000.248250885074, "meanTotal": 30530.239404652824}, "errorsByType": {"SQLTransientConnectionException": 9432}, "firstErrorMessageByType": {"SQLTransientConnectionException": "HikariPool-1 - Connection is not available, request timed out after 30000ms (total=12, active=12, idle=0, waiting=360)"}, "appCpuMedian": 0.20020020020020018, "gcPauseMsTotal": 7}