{"runInfo": {"sut": "HIKARI_DISCIPLINED", "workload": "W5_HTAP", "loadMode": "open-loop", "targetRps": 4, "concurrency": 0, "poolSize": 19, "instanceId": 10, "totalInstances": 16, "configuredDbConnectionBudget": 300, "configuredReplicas": 16, "seed": 42, "durationSeconds": 900, "timestamp": "2026-07-15T19:18:38Z", "openLoopAttemptedOps": 3601, "openLoopMissedOpportunities": 0, "openLoopSchedulingDelayMs": 0.0, "clientPooling": "hikari"}, "attemptedRps": 3.8587987670667356, "achievedThroughputRps": 1.3967824805402318, "successfulThroughputRps": 1.3967824805402318, "errorThroughputRps": 2.582871125960689, "totalThroughputRps": 3.979653606500921, "errorRate": 0.6490190808922333, "totalRequests": 3721, "successfulRequests": 1306, "failedRequests": 2415, "latencyMs": {"p50": 24608.767, "p95": 149159.935, "p99": 390070.271, "p999": 430702.591, "max": 433324.031, "mean": 31380.1160131462, "meanSuccessful": 33931.53428330781, "meanFailed": 30000.217541886956, "meanTotal": 31380.1160131462}, "errorsByType": {"SQLTransientConnectionException": 2415}, "firstErrorMessageByType": {"SQLTransientConnectionException": "HikariPool-1 - Connection is not available, request timed out after 30000ms (total=19, active=19, idle=0, waiting=112)"}, "appCpuMedian": 0.02502815667626079, "gcPauseMsTotal": 0}