{"runInfo": {"sut": "PGBOUNCER", "workload": "W5_HTAP", "loadMode": "open-loop", "targetRps": 12, "concurrency": 0, "poolSize": 20, "instanceId": 1, "totalInstances": 4, "configuredDbConnectionBudget": 100, "configuredReplicas": 4, "seed": 42, "durationSeconds": 900, "timestamp": "2026-07-05T16:58:08Z", "openLoopAttemptedOps": 10801, "openLoopMissedOpportunities": 0, "openLoopSchedulingDelayMs": 0.0, "clientPooling": "hikari"}, "attemptedRps": 11.568674074216883, "achievedThroughputRps": 4.987993256515881, "successfulThroughputRps": 4.987993256515881, "errorThroughputRps": 6.980191550937082, "totalThroughputRps": 11.968184807452964, "errorRate": 0.5832289242885269, "totalRequests": 11174, "successfulRequests": 4657, "failedRequests": 6517, "latencyMs": {"p50": 29933.567, "p95": 38273.023, "p99": 43286.527, "p999": 61865.983, "max": 67502.079, "mean": 30437.617731521386, "meanSuccessful": 31049.686222031352, "meanFailed": 30000.211408050636, "meanTotal": 30437.617731521386}, "errorsByType": {"SQLTransientConnectionException": 6517}, "firstErrorMessageByType": {"SQLTransientConnectionException": "HikariPool-1 - Connection is not available, request timed out after 30000ms (total=14, active=14, idle=0, waiting=359)"}, "appCpuMedian": 0.15030060120240482, "gcPauseMsTotal": 11}