{"runInfo": {"sut": "HIKARI_DISCIPLINED", "workload": "W5_HTAP", "loadMode": "open-loop", "targetRps": 3, "concurrency": 0, "poolSize": 19, "instanceId": 2, "totalInstances": 16, "configuredDbConnectionBudget": 300, "configuredReplicas": 16, "seed": 42, "durationSeconds": 900, "timestamp": "2026-07-15T15:57:02Z", "openLoopAttemptedOps": 2701, "openLoopMissedOpportunities": 0, "openLoopSchedulingDelayMs": 0.0, "clientPooling": "hikari"}, "attemptedRps": 2.8930264693205507, "achievedThroughputRps": 1.3657651760895908, "successfulThroughputRps": 1.3657651760895908, "errorThroughputRps": 1.6138916607041445, "totalThroughputRps": 2.9796568367937355, "errorRate": 0.5416367552045944, "totalRequests": 2786, "successfulRequests": 1277, "failedRequests": 1509, "latencyMs": {"p50": 21053.439, "p95": 144310.271, "p99": 368312.319, "p999": 425721.855, "max": 434896.895, "mean": 30022.629439235818, "meanSuccessful": 30049.29881127643, "meanFailed": 30000.244468377074, "meanTotal": 30022.629439235818}, "errorsByType": {"SQLTransientConnectionException": 1509}, "firstErrorMessageByType": {"SQLTransientConnectionException": "HikariPool-1 - Connection is not available, request timed out after 30000ms (total=19, active=19, idle=0, waiting=80)"}, "appCpuMedian": 0.025021894157387717, "gcPauseMsTotal": 0}