{"runInfo": {"sut": "PGBOUNCER", "workload": "W5_HTAP", "loadMode": "open-loop", "targetRps": 4, "concurrency": 0, "poolSize": 20, "instanceId": 3, "totalInstances": 16, "configuredDbConnectionBudget": 100, "configuredReplicas": 16, "seed": 42, "durationSeconds": 900, "timestamp": "2026-07-15T18:12:20Z", "openLoopAttemptedOps": 3601, "openLoopMissedOpportunities": 0, "openLoopSchedulingDelayMs": 0.0, "clientPooling": "hikari"}, "attemptedRps": 3.85130806507331, "achievedThroughputRps": 1.5935709572227803, "successfulThroughputRps": 1.5935709572227803, "errorThroughputRps": 2.387147903705534, "totalThroughputRps": 3.980718860928314, "errorRate": 0.599677592692101, "totalRequests": 3722, "successfulRequests": 1490, "failedRequests": 2232, "latencyMs": {"p50": 31358.975, "p95": 47251.455, "p99": 80740.351, "p999": 107282.431, "max": 108527.615, "mean": 31477.150754931754, "meanSuccessful": 33689.792558389265, "meanFailed": 30000.284916357527, "meanTotal": 31477.150754931754}, "errorsByType": {"SQLTransientConnectionException": 2232}, "firstErrorMessageByType": {"SQLTransientConnectionException": "HikariPool-1 - Connection is not available, request timed out after 30000ms (total=7, active=7, idle=0, waiting=120)"}, "appCpuMedian": 0.025031289111389236, "gcPauseMsTotal": 2}