{"runInfo": {"sut": "PGBOUNCER", "workload": "W5_HTAP", "loadMode": "open-loop", "targetRps": 2, "concurrency": 0, "poolSize": 20, "instanceId": 7, "totalInstances": 16, "configuredDbConnectionBudget": 100, "configuredReplicas": 16, "seed": 42, "durationSeconds": 900, "timestamp": "2026-07-15T03:17:27Z", "openLoopAttemptedOps": 1801, "openLoopMissedOpportunities": 0, "openLoopSchedulingDelayMs": 0.0, "clientPooling": "hikari"}, "attemptedRps": 1.9261887878914277, "achievedThroughputRps": 1.2384934016536775, "successfulThroughputRps": 1.2384934016536775, "errorThroughputRps": 0.7069465790095689, "totalThroughputRps": 1.9454399806632465, "errorRate": 0.3633864760857614, "totalRequests": 1819, "successfulRequests": 1158, "failedRequests": 661, "latencyMs": {"p50": 27754.495, "p95": 46563.327, "p99": 83361.791, "p999": 122879.999, "max": 133365.759, "mean": 27606.27122719846, "meanSuccessful": 26239.706049222797, "meanFailed": 30000.400982382755, "meanTotal": 27606.27122719846}, "errorsByType": {"SQLTransientConnectionException": 661}, "firstErrorMessageByType": {"SQLTransientConnectionException": "HikariPool-1 - Connection is not available, request timed out after 30000ms (total=3, active=3, idle=0, waiting=57)"}, "appCpuMedian": 0.025021894157387717, "gcPauseMsTotal": 2}