{"runInfo": {"sut": "HIKARI_DISCIPLINED", "workload": "W5_HTAP", "loadMode": "open-loop", "targetRps": 4, "concurrency": 0, "poolSize": 19, "instanceId": 8, "totalInstances": 16, "configuredDbConnectionBudget": 300, "configuredReplicas": 16, "seed": 42, "durationSeconds": 900, "timestamp": "2026-07-15T19:18:37Z", "openLoopAttemptedOps": 3601, "openLoopMissedOpportunities": 0, "openLoopSchedulingDelayMs": 0.0, "clientPooling": "hikari"}, "attemptedRps": 3.8587987670667356, "achievedThroughputRps": 1.4192422294616291, "successfulThroughputRps": 1.4192422294616291, "errorThroughputRps": 2.561480888892692, "totalThroughputRps": 3.980723118354321, "errorRate": 0.6434712520150456, "totalRequests": 3722, "successfulRequests": 1327, "failedRequests": 2395, "latencyMs": {"p50": 25034.751, "p95": 144441.343, "p99": 400031.743, "p999": 439091.199, "max": 446169.087, "mean": 31110.327419460235, "meanSuccessful": 33113.37857045968, "meanFailed": 30000.226777898537, "meanTotal": 31110.327419460235}, "errorsByType": {"SQLTransientConnectionException": 2395}, "firstErrorMessageByType": {"SQLTransientConnectionException": "HikariPool-1 - Connection is not available, request timed out after 30000ms (total=19, active=19, idle=0, waiting=112)"}, "appCpuMedian": 0.025025025025025023, "gcPauseMsTotal": 0}