{"runInfo": {"sut": "PGBOUNCER", "workload": "W5_HTAP", "loadMode": "open-loop", "targetRps": 2, "concurrency": 0, "poolSize": 20, "instanceId": 5, "totalInstances": 16, "configuredDbConnectionBudget": 100, "configuredReplicas": 16, "seed": 42, "durationSeconds": 900, "timestamp": "2026-07-15T04:56:22Z", "openLoopAttemptedOps": 1801, "openLoopMissedOpportunities": 0, "openLoopSchedulingDelayMs": 0.0, "clientPooling": "hikari"}, "attemptedRps": 1.9411427413548552, "achievedThroughputRps": 1.2642756444249001, "successfulThroughputRps": 1.2642756444249001, "errorThroughputRps": 0.7059680708425486, "totalThroughputRps": 1.9702437152674488, "errorRate": 0.3583150984682713, "totalRequests": 1828, "successfulRequests": 1173, "failedRequests": 655, "latencyMs": {"p50": 27705.343, "p95": 47022.079, "p99": 78446.591, "p999": 116850.687, "max": 121962.495, "mean": 26891.01558978939, "meanSuccessful": 25155.10282011935, "meanFailed": 30000.38939331908, "meanTotal": 26891.01558978939}, "errorsByType": {"SQLTransientConnectionException": 655}, "firstErrorMessageByType": {"SQLTransientConnectionException": "HikariPool-1 - Connection is not available, request timed out after 30001ms (total=6, active=6, idle=0, waiting=44)"}, "appCpuMedian": 0.025021894157387717, "gcPauseMsTotal": 2}