{"runInfo": {"sut": "PGBOUNCER", "workload": "W5_HTAP", "loadMode": "open-loop", "targetRps": 4, "concurrency": 0, "poolSize": 20, "instanceId": 12, "totalInstances": 16, "configuredDbConnectionBudget": 100, "configuredReplicas": 16, "seed": 42, "durationSeconds": 900, "timestamp": "2026-07-16T00:50:40Z", "openLoopAttemptedOps": 3601, "openLoopMissedOpportunities": 0, "openLoopSchedulingDelayMs": 0.0, "clientPooling": "hikari"}, "attemptedRps": 3.8513121840929365, "achievedThroughputRps": 1.529401950361816, "successfulThroughputRps": 1.529401950361816, "errorThroughputRps": 2.4545297035527045, "totalThroughputRps": 3.9839316539145204, "errorRate": 0.6161073825503356, "totalRequests": 3725, "successfulRequests": 1430, "failedRequests": 2295, "latencyMs": {"p50": 31784.959, "p95": 48365.567, "p99": 93126.655, "p999": 105250.815, "max": 107085.823, "mean": 31495.95190628134, "meanSuccessful": 33896.54395524476, "meanFailed": 30000.23189807451, "meanTotal": 31495.95190628134}, "errorsByType": {"SQLTransientConnectionException": 2295}, "firstErrorMessageByType": {"SQLTransientConnectionException": "HikariPool-1 - Connection is not available, request timed out after 30000ms (total=9, active=9, idle=0, waiting=120)"}, "appCpuMedian": 0.025015634771732333, "gcPauseMsTotal": 1}