{"runInfo": {"sut": "HIKARI_DISCIPLINED", "workload": "W5_HTAP", "loadMode": "open-loop", "targetRps": 3, "concurrency": 0, "poolSize": 19, "instanceId": 12, "totalInstances": 16, "configuredDbConnectionBudget": 300, "configuredReplicas": 16, "seed": 42, "durationSeconds": 900, "timestamp": "2026-07-15T14:17:59Z", "openLoopAttemptedOps": 2701, "openLoopMissedOpportunities": 0, "openLoopSchedulingDelayMs": 0.0, "clientPooling": "hikari"}, "attemptedRps": 2.8983709230295354, "achievedThroughputRps": 1.3818063588760738, "successfulThroughputRps": 1.3818063588760738, "errorThroughputRps": 1.6053338581060268, "totalThroughputRps": 2.9871402169821004, "errorRate": 0.5374149659863946, "totalRequests": 2793, "successfulRequests": 1292, "failedRequests": 1501, "latencyMs": {"p50": 19120.127, "p95": 138674.175, "p99": 381419.519, "p999": 428343.295, "max": 442499.071, "mean": 29563.149794870034, "meanSuccessful": 29055.338926470587, "meanFailed": 30000.255765981346, "meanTotal": 29563.149794870034}, "errorsByType": {"SQLTransientConnectionException": 1501}, "firstErrorMessageByType": {"SQLTransientConnectionException": "HikariPool-1 - Connection is not available, request timed out after 30000ms (total=19, active=19, idle=0, waiting=80)"}, "appCpuMedian": 0.025015634771732333, "gcPauseMsTotal": 0}