{"runInfo": {"sut": "PGBOUNCER", "workload": "W5_HTAP", "loadMode": "open-loop", "targetRps": 12, "concurrency": 0, "poolSize": 20, "instanceId": 0, "totalInstances": 4, "configuredDbConnectionBudget": 100, "configuredReplicas": 4, "seed": 42, "durationSeconds": 900, "timestamp": "2026-07-02T11:32:26Z", "openLoopAttemptedOps": 10801, "openLoopMissedOpportunities": 0, "openLoopSchedulingDelayMs": 0.0, "clientPooling": "hikari"}, "attemptedRps": 10.237837059055476, "achievedThroughputRps": 3.862529952379508, "successfulThroughputRps": 3.862529952379508, "errorThroughputRps": 6.725067487639904, "totalThroughputRps": 10.587597440019412, "errorRate": 0.635183527305282, "totalRequests": 11170, "successfulRequests": 4075, "failedRequests": 7095, "latencyMs": {"p50": 29917.183, "p95": 39714.815, "p99": 46759.935, "p999": 60915.711, "max": 69992.447, "mean": 30394.12505915058, "meanSuccessful": 31079.9253202454, "meanFailed": 30000.224561844116, "meanTotal": 30394.12505915058}, "errorsByType": {"SQLTransientConnectionException": 7095}, "firstErrorMessageByType": {"SQLTransientConnectionException": "HikariPool-1 - Connection is not available, request timed out after 30000ms (total=11, active=11, idle=0, waiting=360)"}, "appCpuMedian": 0.15037593984962408, "gcPauseMsTotal": 11}