{"runInfo": {"sut": "HIKARI_DISCIPLINED", "workload": "W5_HTAP", "loadMode": "open-loop", "targetRps": 12, "concurrency": 0, "poolSize": 20, "instanceId": 3, "totalInstances": 4, "configuredDbConnectionBudget": 80, "configuredReplicas": 4, "seed": 42, "durationSeconds": 900, "timestamp": "2026-07-05T11:44:34Z", "openLoopAttemptedOps": 10801, "openLoopMissedOpportunities": 0, "openLoopSchedulingDelayMs": 0.0, "clientPooling": "hikari"}, "attemptedRps": 11.551760464337777, "achievedThroughputRps": 4.140067100958387, "successfulThroughputRps": 4.140067100958387, "errorThroughputRps": 7.798855412086942, "totalThroughputRps": 11.938922513045329, "errorRate": 0.6532294186150677, "totalRequests": 11163, "successfulRequests": 3871, "failedRequests": 7292, "latencyMs": {"p50": 29327.359, "p95": 79888.383, "p99": 185466.879, "p999": 194641.919, "max": 198836.223, "mean": 31182.700857772372, "meanSuccessful": 33410.17887832601, "meanFailed": 30000.227542135763, "meanTotal": 31182.700857772372}, "errorsByType": {"SQLTransientConnectionException": 7292}, "firstErrorMessageByType": {"SQLTransientConnectionException": "HikariPool-1 - Connection is not available, request timed out after 30000ms (total=20, active=20, idle=0, waiting=360)"}, "appCpuMedian": 0.2503755633450175, "gcPauseMsTotal": 18}