{"runInfo": {"sut": "HIKARI_DISCIPLINED", "workload": "W5_HTAP", "loadMode": "open-loop", "targetRps": 3, "concurrency": 0, "poolSize": 19, "instanceId": 0, "totalInstances": 16, "configuredDbConnectionBudget": 300, "configuredReplicas": 16, "seed": 42, "durationSeconds": 900, "timestamp": "2026-07-15T12:37:55Z", "openLoopAttemptedOps": 2701, "openLoopMissedOpportunities": 0, "openLoopSchedulingDelayMs": 0.0, "clientPooling": "hikari"}, "attemptedRps": 2.8887484264823686, "achievedThroughputRps": 1.25453606229686, "successfulThroughputRps": 1.25453606229686, "errorThroughputRps": 1.7037305603059658, "totalThroughputRps": 2.958266622602826, "errorRate": 0.5759219088937093, "totalRequests": 2766, "successfulRequests": 1173, "failedRequests": 1593, "latencyMs": {"p50": 21446.655, "p95": 146931.711, "p99": 402653.183, "p999": 430964.735, "max": 434110.463, "mean": 30822.047127532176, "meanSuccessful": 31938.302035805627, "meanFailed": 30000.25753907784, "meanTotal": 30822.047127532176}, "errorsByType": {"SQLTransientConnectionException": 1593}, "firstErrorMessageByType": {"SQLTransientConnectionException": "HikariPool-1 - Connection is not available, request timed out after 30000ms (total=19, active=19, idle=0, waiting=71)"}, "appCpuMedian": 0.02501876407305479, "gcPauseMsTotal": 0}