{"runInfo": {"sut": "PGBOUNCER", "workload": "W5_HTAP", "loadMode": "open-loop", "targetRps": 12, "concurrency": 0, "poolSize": 20, "instanceId": 3, "totalInstances": 4, "configuredDbConnectionBudget": 100, "configuredReplicas": 4, "seed": 42, "durationSeconds": 900, "timestamp": "2026-07-02T13:06:27Z", "openLoopAttemptedOps": 10801, "openLoopMissedOpportunities": 0, "openLoopSchedulingDelayMs": 0.0, "clientPooling": "hikari"}, "attemptedRps": 10.23779824305316, "achievedThroughputRps": 3.9373959727472294, "successfulThroughputRps": 3.9373959727472294, "errorThroughputRps": 6.648265612144696, "totalThroughputRps": 10.585661584891925, "errorRate": 0.6280444126074498, "totalRequests": 11168, "successfulRequests": 4154, "failedRequests": 7014, "latencyMs": {"p50": 29966.335, "p95": 39780.351, "p99": 46301.183, "p999": 63307.775, "max": 69992.447, "mean": 30587.356089850913, "meanSuccessful": 31578.853723639866, "meanFailed": 30000.212665268602, "meanTotal": 30587.356089850913}, "errorsByType": {"SQLTransientConnectionException": 7014}, "firstErrorMessageByType": {"SQLTransientConnectionException": "HikariPool-1 - Connection is not available, request timed out after 30000ms (total=7, active=7, idle=0, waiting=360)"}, "appCpuMedian": 0.1503006012024048, "gcPauseMsTotal": 9}