{"runInfo": {"sut": "HIKARI_DISCIPLINED", "workload": "W5_HTAP", "loadMode": "open-loop", "targetRps": 12, "concurrency": 0, "poolSize": 20, "instanceId": 2, "totalInstances": 4, "configuredDbConnectionBudget": 80, "configuredReplicas": 4, "seed": 42, "durationSeconds": 900, "timestamp": "2026-07-02T12:34:54Z", "openLoopAttemptedOps": 10801, "openLoopMissedOpportunities": 0, "openLoopSchedulingDelayMs": 0.0, "clientPooling": "hikari"}, "attemptedRps": 10.237837059055476, "achievedThroughputRps": 2.7582729230489247, "successfulThroughputRps": 2.7582729230489247, "errorThroughputRps": 7.839750978191634, "totalThroughputRps": 10.598023901240559, "errorRate": 0.7397370539307754, "totalRequests": 11181, "successfulRequests": 2910, "failedRequests": 8271, "latencyMs": {"p50": 29573.119, "p95": 92471.295, "p99": 214040.575, "p999": 224133.119, "max": 228720.639, "mean": 31556.571005797694, "meanSuccessful": 35980.09659037801, "meanFailed": 30000.211488853827, "meanTotal": 31556.571005797694}, "errorsByType": {"SQLTransientConnectionException": 8271}, "firstErrorMessageByType": {"SQLTransientConnectionException": "HikariPool-1 - Connection is not available, request timed out after 30000ms (total=20, active=20, idle=0, waiting=360)"}, "appCpuMedian": 0.20060180541624875, "gcPauseMsTotal": 15}