{"runInfo": {"sut": "HIKARI_DISCIPLINED", "workload": "W5_HTAP", "loadMode": "open-loop", "targetRps": 12, "concurrency": 0, "poolSize": 20, "instanceId": 3, "totalInstances": 4, "configuredDbConnectionBudget": 80, "configuredReplicas": 4, "seed": 42, "durationSeconds": 900, "timestamp": "2026-07-12T14:18:23Z", "openLoopAttemptedOps": 10801, "openLoopMissedOpportunities": 0, "openLoopSchedulingDelayMs": 0.0, "clientPooling": "hikari"}, "attemptedRps": 11.55178517380084, "achievedThroughputRps": 3.736870419151942, "successfulThroughputRps": 3.736870419151942, "errorThroughputRps": 8.20314714221391, "totalThroughputRps": 11.94001756136585, "errorRate": 0.6870297384450018, "totalRequests": 11164, "successfulRequests": 3494, "failedRequests": 7670, "latencyMs": {"p50": 29425.663, "p95": 83361.791, "p99": 188350.463, "p999": 198180.863, "max": 198574.079, "mean": 31213.867085902184, "meanSuccessful": 33878.05800314826, "meanFailed": 30000.17711131356, "meanTotal": 31213.867085902184}, "errorsByType": {"SQLTransientConnectionException": 7670}, "firstErrorMessageByType": {"SQLTransientConnectionException": "HikariPool-1 - Connection is not available, request timed out after 30000ms (total=20, active=20, idle=0, waiting=360)"}, "appCpuMedian": 0.20020020020020018, "gcPauseMsTotal": 16}