{"runInfo": {"sut": "HIKARI_DISCIPLINED", "workload": "W5_HTAP", "loadMode": "open-loop", "targetRps": 2, "concurrency": 0, "poolSize": 19, "instanceId": 7, "totalInstances": 16, "configuredDbConnectionBudget": 300, "configuredReplicas": 16, "seed": 42, "durationSeconds": 900, "timestamp": "2026-07-15T04:23:12Z", "openLoopAttemptedOps": 1801, "openLoopMissedOpportunities": 0, "openLoopSchedulingDelayMs": 0.0, "clientPooling": "hikari"}, "attemptedRps": 1.9261887878914277, "achievedThroughputRps": 1.1529325448900383, "successfulThroughputRps": 1.1529325448900383, "errorThroughputRps": 0.7700477108727529, "totalThroughputRps": 1.922980255762791, "errorRate": 0.40044493882091214, "totalRequests": 1798, "successfulRequests": 1078, "failedRequests": 720, "latencyMs": {"p50": 4837.375, "p95": 125042.687, "p99": 412090.367, "p999": 588251.135, "max": 591396.863, "mean": 24937.372393064517, "meanSuccessful": 21556.968544526902, "meanFailed": 30000.35248503611, "meanTotal": 24937.372393064517}, "errorsByType": {"SQLTransientConnectionException": 720}, "firstErrorMessageByType": {"SQLTransientConnectionException": "HikariPool-1 - Connection is not available, request timed out after 30000ms (total=19, active=19, idle=0, waiting=46)"}, "appCpuMedian": 0.025025025025025023, "gcPauseMsTotal": 0}