{"runInfo": {"sut": "PGBOUNCER", "workload": "W5_HTAP", "loadMode": "open-loop", "targetRps": 8, "concurrency": 0, "poolSize": 20, "instanceId": 3, "totalInstances": 4, "configuredDbConnectionBudget": 100, "configuredReplicas": 4, "seed": 42, "durationSeconds": 900, "timestamp": "2026-07-05T09:08:44Z", "openLoopAttemptedOps": 7201, "openLoopMissedOpportunities": 0, "openLoopSchedulingDelayMs": 0.0, "clientPooling": "hikari"}, "attemptedRps": 7.714128392406067, "achievedThroughputRps": 5.209527339573768, "successfulThroughputRps": 5.209527339573768, "errorThroughputRps": 2.7542041517672544, "totalThroughputRps": 7.963731491341022, "errorRate": 0.34584342211460856, "totalRequests": 7434, "successfulRequests": 4863, "failedRequests": 2571, "latencyMs": {"p50": 29081.599, "p95": 36700.159, "p99": 42500.095, "p999": 59834.367, "max": 61210.623, "mean": 28740.187556268498, "meanSuccessful": 28073.973431215298, "meanFailed": 30000.300915534426, "meanTotal": 28740.187556268498}, "errorsByType": {"SQLTransientConnectionException": 2571}, "firstErrorMessageByType": {"SQLTransientConnectionException": "HikariPool-1 - Connection is not available, request timed out after 30000ms (total=8, active=8, idle=0, waiting=236)"}, "appCpuMedian": 0.1503006012024048, "gcPauseMsTotal": 12}