{"runInfo": {"sut": "PGBOUNCER", "workload": "W5_HTAP", "loadMode": "open-loop", "targetRps": 12, "concurrency": 0, "poolSize": 20, "instanceId": 1, "totalInstances": 4, "configuredDbConnectionBudget": 100, "configuredReplicas": 4, "seed": 42, "durationSeconds": 900, "timestamp": "2026-07-02T11:32:27Z", "openLoopAttemptedOps": 10801, "openLoopMissedOpportunities": 0, "openLoopSchedulingDelayMs": 0.0, "clientPooling": "hikari"}, "attemptedRps": 10.237827355027303, "achievedThroughputRps": 3.939302887463519, "successfulThroughputRps": 3.939302887463519, "errorThroughputRps": 6.652075953854422, "totalThroughputRps": 10.59137884131794, "errorRate": 0.6280651512439592, "totalRequests": 11174, "successfulRequests": 4156, "failedRequests": 7018, "latencyMs": {"p50": 29949.951, "p95": 39649.279, "p99": 46727.167, "p999": 64258.047, "max": 67502.079, "mean": 30534.561583879004, "meanSuccessful": 31437.058521655435, "meanFailed": 30000.211009076516, "meanTotal": 30534.561583879004}, "errorsByType": {"SQLTransientConnectionException": 7018}, "firstErrorMessageByType": {"SQLTransientConnectionException": "HikariPool-1 - Connection is not available, request timed out after 30000ms (total=13, active=13, idle=0, waiting=360)"}, "appCpuMedian": 0.15045135406218657, "gcPauseMsTotal": 11}