{"runInfo": {"sut": "HIKARI_DISCIPLINED", "workload": "W5_HTAP", "loadMode": "open-loop", "targetRps": 4, "concurrency": 0, "poolSize": 19, "instanceId": 8, "totalInstances": 16, "configuredDbConnectionBudget": 300, "configuredReplicas": 16, "seed": 42, "durationSeconds": 900, "timestamp": "2026-07-15T17:39:13Z", "openLoopAttemptedOps": 3601, "openLoopMissedOpportunities": 0, "openLoopSchedulingDelayMs": 0.0, "clientPooling": "hikari"}, "attemptedRps": 3.8587987670667356, "achievedThroughputRps": 1.3850178501528332, "successfulThroughputRps": 1.3850178501528332, "errorThroughputRps": 2.5957052682014874, "totalThroughputRps": 3.980723118354321, "errorRate": 0.6520687802256852, "totalRequests": 3722, "successfulRequests": 1295, "failedRequests": 2427, "latencyMs": {"p50": 24985.599, "p95": 145883.135, "p99": 410517.503, "p999": 449052.671, "max": 452984.831, "mean": 31583.71376881354, "meanSuccessful": 34551.4732949807, "meanFailed": 30000.219087378246, "meanTotal": 31583.71376881354}, "errorsByType": {"SQLTransientConnectionException": 2427}, "firstErrorMessageByType": {"SQLTransientConnectionException": "HikariPool-1 - Connection is not available, request timed out after 30000ms (total=19, active=19, idle=0, waiting=112)"}, "appCpuMedian": 0.025015634771732333, "gcPauseMsTotal": 0}