{"runInfo": {"sut": "PGBOUNCER", "workload": "W5_HTAP", "loadMode": "open-loop", "targetRps": 2, "concurrency": 0, "poolSize": 20, "instanceId": 7, "totalInstances": 16, "configuredDbConnectionBudget": 100, "configuredReplicas": 16, "seed": 42, "durationSeconds": 900, "timestamp": "2026-07-15T01:38:34Z", "openLoopAttemptedOps": 1801, "openLoopMissedOpportunities": 0, "openLoopSchedulingDelayMs": 0.0, "clientPooling": "hikari"}, "attemptedRps": 1.9261887878914277, "achievedThroughputRps": 1.3048030656454979, "successfulThroughputRps": 1.3048030656454979, "errorThroughputRps": 0.6566795756609309, "totalThroughputRps": 1.9614826413064288, "errorRate": 0.33478735005452565, "totalRequests": 1834, "successfulRequests": 1220, "failedRequests": 614, "latencyMs": {"p50": 27426.815, "p95": 46465.023, "p99": 74055.679, "p999": 117833.727, "max": 121438.207, "mean": 27732.284239424207, "meanSuccessful": 26590.741597540982, "meanFailed": 30000.41823771824, "meanTotal": 27732.284239424207}, "errorsByType": {"SQLTransientConnectionException": 614}, "firstErrorMessageByType": {"SQLTransientConnectionException": "HikariPool-1 - Connection is not available, request timed out after 30000ms (total=7, active=7, idle=0, waiting=39)"}, "appCpuMedian": 0.02501876407305479, "gcPauseMsTotal": 2}