{"runInfo": {"sut": "HIKARI_DISCIPLINED", "workload": "W5_HTAP", "loadMode": "open-loop", "targetRps": 3, "concurrency": 0, "poolSize": 19, "instanceId": 4, "totalInstances": 16, "configuredDbConnectionBudget": 300, "configuredReplicas": 16, "seed": 42, "durationSeconds": 900, "timestamp": "2026-07-15T14:17:52Z", "openLoopAttemptedOps": 2701, "openLoopMissedOpportunities": 0, "openLoopSchedulingDelayMs": 0.0, "clientPooling": "hikari"}, "attemptedRps": 2.8887515160330524, "achievedThroughputRps": 1.1967837639544558, "successfulThroughputRps": 1.1967837639544558, "errorThroughputRps": 1.7625555344029877, "totalThroughputRps": 2.9593392983574436, "errorRate": 0.5955908926635345, "totalRequests": 2767, "successfulRequests": 1119, "failedRequests": 1648, "latencyMs": {"p50": 22380.543, "p95": 147324.927, "p99": 378798.079, "p999": 435159.039, "max": 442236.927, "mean": 30863.114474570295, "meanSuccessful": 32134.030978552277, "meanFailed": 30000.2537238392, "meanTotal": 30863.114474570295}, "errorsByType": {"SQLTransientConnectionException": 1648}, "firstErrorMessageByType": {"SQLTransientConnectionException": "HikariPool-1 - Connection is not available, request timed out after 30000ms (total=19, active=19, idle=0, waiting=66)"}, "appCpuMedian": 0.02501876407305479, "gcPauseMsTotal": 0}