{"runInfo": {"sut": "HIKARI_DISCIPLINED", "workload": "W5_HTAP", "loadMode": "open-loop", "targetRps": 3, "concurrency": 0, "poolSize": 19, "instanceId": 15, "totalInstances": 16, "configuredDbConnectionBudget": 300, "configuredReplicas": 16, "seed": 42, "durationSeconds": 900, "timestamp": "2026-07-15T09:19:34Z", "openLoopAttemptedOps": 2701, "openLoopMissedOpportunities": 0, "openLoopSchedulingDelayMs": 0.0, "clientPooling": "hikari"}, "attemptedRps": 2.897304512158733, "achievedThroughputRps": 1.47271624704414, "successfulThroughputRps": 1.47271624704414, "errorThroughputRps": 1.5112186325877774, "totalThroughputRps": 2.983934879631917, "errorRate": 0.5064516129032258, "totalRequests": 2790, "successfulRequests": 1377, "failedRequests": 1413, "latencyMs": {"p50": 21250.047, "p95": 136970.239, "p99": 322174.975, "p999": 437256.191, "max": 448266.239, "mean": 29786.00581324337, "meanSuccessful": 29566.400721132897, "meanFailed": 30000.319842786274, "meanTotal": 29786.00581324337}, "errorsByType": {"SQLTransientConnectionException": 1413}, "firstErrorMessageByType": {"SQLTransientConnectionException": "HikariPool-1 - Connection is not available, request timed out after 30000ms (total=19, active=19, idle=0, waiting=80)"}, "appCpuMedian": 0.025021894157387717, "gcPauseMsTotal": 0}