{"runInfo": {"sut": "PGBOUNCER", "workload": "W5_HTAP", "loadMode": "open-loop", "targetRps": 3, "concurrency": 0, "poolSize": 20, "instanceId": 4, "totalInstances": 16, "configuredDbConnectionBudget": 100, "configuredReplicas": 16, "seed": 42, "durationSeconds": 900, "timestamp": "2026-07-15T09:52:56Z", "openLoopAttemptedOps": 2700, "openLoopMissedOpportunities": 0, "openLoopSchedulingDelayMs": 0.0, "clientPooling": "hikari"}, "attemptedRps": 2.8887515160330524, "achievedThroughputRps": 1.4791348932520219, "successfulThroughputRps": 1.4791348932520219, "errorThroughputRps": 1.5090812251472183, "totalThroughputRps": 2.98821611839924, "errorRate": 0.5050107372942019, "totalRequests": 2794, "successfulRequests": 1383, "failedRequests": 1411, "latencyMs": {"p50": 31490.047, "p95": 49184.767, "p99": 77791.231, "p999": 105906.175, "max": 109641.727, "mean": 31788.84594805762, "meanSuccessful": 33613.65746348517, "meanFailed": 30000.289215279943, "meanTotal": 31788.84594805762}, "errorsByType": {"SQLTransientConnectionException": 1411}, "firstErrorMessageByType": {"SQLTransientConnectionException": "HikariPool-1 - Connection is not available, request timed out after 30000ms (total=12, active=12, idle=0, waiting=86)"}, "appCpuMedian": 0.025025025025025023, "gcPauseMsTotal": 1}