{"runInfo": {"sut": "HIKARI_DISCIPLINED", "workload": "W5_HTAP", "loadMode": "open-loop", "targetRps": 2, "concurrency": 0, "poolSize": 19, "instanceId": 10, "totalInstances": 16, "configuredDbConnectionBudget": 300, "configuredReplicas": 16, "seed": 42, "durationSeconds": 900, "timestamp": "2026-07-15T01:05:26Z", "openLoopAttemptedOps": 1801, "openLoopMissedOpportunities": 0, "openLoopSchedulingDelayMs": 0.0, "clientPooling": "hikari"}, "attemptedRps": 1.9261908479731682, "achievedThroughputRps": 1.1828801098602577, "successfulThroughputRps": 1.1828801098602577, "errorThroughputRps": 0.7379631788459111, "totalThroughputRps": 1.9208432887061688, "errorRate": 0.3841870824053452, "totalRequests": 1796, "successfulRequests": 1106, "failedRequests": 690, "latencyMs": {"p50": 366.079, "p95": 128843.775, "p99": 337903.615, "p999": 538968.063, "max": 559415.295, "mean": 23735.642610699888, "meanSuccessful": 19827.03970614828, "meanFailed": 30000.281860297102, "meanTotal": 23735.642610699888}, "errorsByType": {"SQLTransientConnectionException": 690}, "firstErrorMessageByType": {"SQLTransientConnectionException": "HikariPool-1 - Connection is not available, request timed out after 30000ms (total=19, active=19, idle=0, waiting=46)"}, "appCpuMedian": 0.025015634771732333, "gcPauseMsTotal": 0}