{"runInfo": {"sut": "HIKARI_DISCIPLINED", "workload": "W5_HTAP", "loadMode": "open-loop", "targetRps": 3, "concurrency": 0, "poolSize": 19, "instanceId": 9, "totalInstances": 16, "configuredDbConnectionBudget": 300, "configuredReplicas": 16, "seed": 42, "durationSeconds": 900, "timestamp": "2026-07-15T15:57:07Z", "openLoopAttemptedOps": 2701, "openLoopMissedOpportunities": 0, "openLoopSchedulingDelayMs": 0.0, "clientPooling": "hikari"}, "attemptedRps": 2.8887484264823686, "achievedThroughputRps": 1.4277967972432293, "successfulThroughputRps": 1.4277967972432293, "errorThroughputRps": 1.5304698253595963, "totalThroughputRps": 2.958266622602826, "errorRate": 0.517353579175705, "totalRequests": 2766, "successfulRequests": 1335, "failedRequests": 1431, "latencyMs": {"p50": 22380.543, "p95": 141295.615, "p99": 364380.159, "p999": 433848.319, "max": 435683.327, "mean": 30429.173081647506, "meanSuccessful": 30888.824575280898, "meanFailed": 30000.319992344517, "meanTotal": 30429.173081647506}, "errorsByType": {"SQLTransientConnectionException": 1431}, "firstErrorMessageByType": {"SQLTransientConnectionException": "HikariPool-1 - Connection is not available, request timed out after 30000ms (total=19, active=19, idle=0, waiting=71)"}, "appCpuMedian": 0.025021894157387717, "gcPauseMsTotal": 0}