{"runInfo": {"sut": "PGBOUNCER", "workload": "W5_HTAP", "loadMode": "open-loop", "targetRps": 8, "concurrency": 0, "poolSize": 20, "instanceId": 0, "totalInstances": 2, "configuredDbConnectionBudget": 100, "configuredReplicas": 2, "seed": 42, "durationSeconds": 900, "timestamp": "2026-05-31T01:22:57Z", "openLoopAttemptedOps": 9601, "openLoopMissedOpportunities": 0, "openLoopSchedulingDelayMs": 0.103095, "clientPooling": "hikari"}, "attemptedRps": 5.314340157622104, "achievedThroughputRps": 0.9778503970072613, "successfulThroughputRps": 0.9778503970072613, "errorThroughputRps": 4.520251835222245, "totalThroughputRps": 5.498102232229507, "errorRate": 0.8221476510067114, "totalRequests": 7450, "successfulRequests": 1325, "failedRequests": 6125, "latencyMs": {"p50": 28819.455, "p95": 60030.975, "p99": 60030.975, "p999": 65732.607, "max": 66945.023, "mean": 30691.805600811946, "meanSuccessful": 30902.271468679246, "meanFailed": 30000.260644607184, "meanTotal": 30691.805600811946}, "errorsByType": {"SQLTransientConnectionException": 6125}, "firstErrorMessageByType": {"SQLTransientConnectionException": "HikariPool-1 - Connection is not available, request timed out after 30000ms (total=9, active=9, idle=0, waiting=240)"}, "appCpuMedian": 0.15022533800701052, "gcPauseMsTotal": 7}