{"runInfo": {"sut": "PGBOUNCER", "workload": "W5_HTAP", "loadMode": "open-loop", "targetRps": 3, "concurrency": 0, "poolSize": 20, "instanceId": 14, "totalInstances": 16, "configuredDbConnectionBudget": 100, "configuredReplicas": 16, "seed": 42, "durationSeconds": 900, "timestamp": "2026-07-15T16:32:20Z", "openLoopAttemptedOps": 2701, "openLoopMissedOpportunities": 0, "openLoopSchedulingDelayMs": 0.0, "clientPooling": "hikari"}, "attemptedRps": 2.8887484264823686, "achievedThroughputRps": 1.6609501319241462, "successfulThroughputRps": 1.6609501319241462, "errorThroughputRps": 1.3315408333841352, "totalThroughputRps": 2.9924909653082814, "errorRate": 0.44496068620443174, "totalRequests": 2798, "successfulRequests": 1553, "failedRequests": 1245, "latencyMs": {"p50": 29802.495, "p95": 45645.823, "p99": 73203.711, "p999": 108724.223, "max": 109707.263, "mean": 30718.61774337348, "meanSuccessful": 31294.661501609786, "meanFailed": 30000.31599911566, "meanTotal": 30718.61774337348}, "errorsByType": {"SQLTransientConnectionException": 1245}, "firstErrorMessageByType": {"SQLTransientConnectionException": "HikariPool-1 - Connection is not available, request timed out after 30000ms (total=11, active=11, idle=0, waiting=88)"}, "appCpuMedian": 0.025021894157387717, "gcPauseMsTotal": 1}