{"runInfo": {"sut": "PGBOUNCER", "workload": "W5_HTAP", "loadMode": "open-loop", "targetRps": 4, "concurrency": 0, "poolSize": 20, "instanceId": 7, "totalInstances": 16, "configuredDbConnectionBudget": 100, "configuredReplicas": 16, "seed": 42, "durationSeconds": 900, "timestamp": "2026-07-15T19:51:49Z", "openLoopAttemptedOps": 3601, "openLoopMissedOpportunities": 0, "openLoopSchedulingDelayMs": 0.0, "clientPooling": "hikari"}, "attemptedRps": 3.85130806507331, "achievedThroughputRps": 1.7860828849409685, "successfulThroughputRps": 1.7860828849409685, "errorThroughputRps": 2.1882189117300728, "totalThroughputRps": 3.974301796671041, "errorRate": 0.5505920344456404, "totalRequests": 3716, "successfulRequests": 1670, "failedRequests": 2046, "latencyMs": {"p50": 31096.831, "p95": 49119.231, "p99": 79167.487, "p999": 108527.615, "max": 110952.447, "mean": 31402.187788181916, "meanSuccessful": 33119.569302994016, "meanFailed": 30000.293078049854, "meanTotal": 31402.187788181916}, "errorsByType": {"SQLTransientConnectionException": 2046}, "firstErrorMessageByType": {"SQLTransientConnectionException": "HikariPool-1 - Connection is not available, request timed out after 30001ms (total=7, active=7, idle=0, waiting=120)"}, "appCpuMedian": 0.02502815667626079, "gcPauseMsTotal": 2}