{"runInfo": {"sut": "PGBOUNCER", "workload": "W5_HTAP", "loadMode": "open-loop", "targetRps": 4, "concurrency": 0, "poolSize": 20, "instanceId": 1, "totalInstances": 16, "configuredDbConnectionBudget": 100, "configuredReplicas": 16, "seed": 42, "durationSeconds": 900, "timestamp": "2026-07-15T18:12:18Z", "openLoopAttemptedOps": 3601, "openLoopMissedOpportunities": 0, "openLoopSchedulingDelayMs": 0.0, "clientPooling": "hikari"}, "attemptedRps": 3.85130806507331, "achievedThroughputRps": 1.459882118529594, "successfulThroughputRps": 1.459882118529594, "errorThroughputRps": 2.514419678141447, "totalThroughputRps": 3.974301796671041, "errorRate": 0.6326695371367062, "totalRequests": 3716, "successfulRequests": 1365, "failedRequests": 2351, "latencyMs": {"p50": 31539.199, "p95": 50987.007, "p99": 95813.631, "p999": 104267.775, "max": 105250.815, "mean": 31587.23600582024, "meanSuccessful": 34320.712955311355, "meanFailed": 30000.297137746064, "meanTotal": 31587.23600582024}, "errorsByType": {"SQLTransientConnectionException": 2351}, "firstErrorMessageByType": {"SQLTransientConnectionException": "HikariPool-1 - Connection is not available, request timed out after 30000ms (total=6, active=6, idle=0, waiting=120)"}, "appCpuMedian": 0.02502815667626079, "gcPauseMsTotal": 1}