{"runInfo": {"sut": "PGBOUNCER", "workload": "W5_HTAP", "loadMode": "open-loop", "targetRps": 2, "concurrency": 0, "poolSize": 20, "instanceId": 8, "totalInstances": 16, "configuredDbConnectionBudget": 100, "configuredReplicas": 16, "seed": 42, "durationSeconds": 900, "timestamp": "2026-07-15T03:17:28Z", "openLoopAttemptedOps": 1801, "openLoopMissedOpportunities": 0, "openLoopSchedulingDelayMs": 0.0, "clientPooling": "hikari"}, "attemptedRps": 1.9261887878914277, "achievedThroughputRps": 1.2930384478404975, "successfulThroughputRps": 1.2930384478404975, "errorThroughputRps": 0.6620271292086584, "totalThroughputRps": 1.9550655770491558, "errorRate": 0.3386214442013129, "totalRequests": 1828, "successfulRequests": 1209, "failedRequests": 619, "latencyMs": {"p50": 27656.191, "p95": 47218.687, "p99": 100990.975, "p999": 118947.839, "max": 127074.303, "mean": 28398.49694182932, "meanSuccessful": 27578.378895781636, "meanFailed": 30000.36673791115, "meanTotal": 28398.49694182932}, "errorsByType": {"SQLTransientConnectionException": 619}, "firstErrorMessageByType": {"SQLTransientConnectionException": "HikariPool-1 - Connection is not available, request timed out after 30001ms (total=5, active=5, idle=0, waiting=50)"}, "appCpuMedian": 0.025015634771732333, "gcPauseMsTotal": 2}