{"runInfo": {"sut": "HIKARI_DISCIPLINED", "workload": "W5_HTAP", "loadMode": "open-loop", "targetRps": 8, "concurrency": 0, "poolSize": 20, "instanceId": 1, "totalInstances": 4, "configuredDbConnectionBudget": 80, "configuredReplicas": 4, "seed": 42, "durationSeconds": 900, "timestamp": "2026-07-02T01:38:35Z", "openLoopAttemptedOps": 7201, "openLoopMissedOpportunities": 0, "openLoopSchedulingDelayMs": 0.0, "clientPooling": "hikari"}, "attemptedRps": 6.825534189755727, "achievedThroughputRps": 3.132674697561822, "successfulThroughputRps": 3.132674697561822, "errorThroughputRps": 3.939302887463519, "totalThroughputRps": 7.071977585025341, "errorRate": 0.5570298887548586, "totalRequests": 7461, "successfulRequests": 3305, "failedRequests": 4156, "latencyMs": {"p50": 28786.687, "p95": 87752.703, "p99": 210239.487, "p999": 217841.663, "max": 218628.095, "mean": 31619.53242475111, "meanSuccessful": 33655.832685325266, "meanFailed": 30000.23996594827, "meanTotal": 31619.53242475111}, "errorsByType": {"SQLTransientConnectionException": 4156}, "firstErrorMessageByType": {"SQLTransientConnectionException": "HikariPool-1 - Connection is not available, request timed out after 30000ms (total=20, active=20, idle=0, waiting=240)"}, "appCpuMedian": 0.20020020020020018, "gcPauseMsTotal": 13}