{"runInfo": {"sut": "PGBOUNCER", "workload": "W5_HTAP", "loadMode": "open-loop", "targetRps": 3, "concurrency": 0, "poolSize": 20, "instanceId": 9, "totalInstances": 16, "configuredDbConnectionBudget": 100, "configuredReplicas": 16, "seed": 42, "durationSeconds": 900, "timestamp": "2026-07-15T09:53:08Z", "openLoopAttemptedOps": 2701, "openLoopMissedOpportunities": 0, "openLoopSchedulingDelayMs": 0.0, "clientPooling": "hikari"}, "attemptedRps": 2.8887484264823686, "achievedThroughputRps": 1.4983845040732315, "successfulThroughputRps": 1.4983845040732315, "errorThroughputRps": 1.4908979291064133, "totalThroughputRps": 2.989282433179645, "errorRate": 0.49874776386404296, "totalRequests": 2795, "successfulRequests": 1401, "failedRequests": 1394, "latencyMs": {"p50": 31588.351, "p95": 51347.455, "p99": 73662.463, "p999": 102498.303, "max": 104071.167, "mean": 31860.260095557427, "meanSuccessful": 33710.72649821556, "meanFailed": 30000.334750266862, "meanTotal": 31860.260095557427}, "errorsByType": {"SQLTransientConnectionException": 1394}, "firstErrorMessageByType": {"SQLTransientConnectionException": "HikariPool-1 - Connection is not available, request timed out after 30000ms (total=9, active=9, idle=0, waiting=90)"}, "appCpuMedian": 0.02502815667626079, "gcPauseMsTotal": 2}