{"runInfo": {"sut": "PGBOUNCER", "workload": "W5_HTAP", "loadMode": "open-loop", "targetRps": 8, "concurrency": 0, "poolSize": 20, "instanceId": 1, "totalInstances": 4, "configuredDbConnectionBudget": 100, "configuredReplicas": 4, "seed": 42, "durationSeconds": 900, "timestamp": "2026-07-05T10:42:31Z", "openLoopAttemptedOps": 7201, "openLoopMissedOpportunities": 0, "openLoopSchedulingDelayMs": 0.0, "clientPooling": "hikari"}, "attemptedRps": 7.718063978152338, "achievedThroughputRps": 5.116794532939767, "successfulThroughputRps": 5.116794532939767, "errorThroughputRps": 2.8574307132001295, "totalThroughputRps": 7.974225246139897, "errorRate": 0.35833333333333334, "totalRequests": 7440, "successfulRequests": 4774, "failedRequests": 2666, "latencyMs": {"p50": 29327.359, "p95": 37552.127, "p99": 42565.631, "p999": 59736.063, "max": 65863.679, "mean": 29234.508724152958, "meanSuccessful": 28806.80957855048, "meanFailed": 30000.307216518002, "meanTotal": 29234.508724152958}, "errorsByType": {"SQLTransientConnectionException": 2666}, "firstErrorMessageByType": {"SQLTransientConnectionException": "HikariPool-1 - Connection is not available, request timed out after 30000ms (total=10, active=10, idle=0, waiting=240)"}, "appCpuMedian": 0.15037593984962408, "gcPauseMsTotal": 10}