{"runInfo": {"sut": "HIKARI_DISCIPLINED", "workload": "W5_HTAP", "loadMode": "open-loop", "targetRps": 4, "concurrency": 0, "poolSize": 19, "instanceId": 14, "totalInstances": 16, "configuredDbConnectionBudget": 300, "configuredReplicas": 16, "seed": 42, "durationSeconds": 900, "timestamp": "2026-07-15T17:39:18Z", "openLoopAttemptedOps": 3601, "openLoopMissedOpportunities": 0, "openLoopSchedulingDelayMs": 0.0, "clientPooling": "hikari"}, "attemptedRps": 3.8513121840929365, "achievedThroughputRps": 1.2064093706350547, "successfulThroughputRps": 1.2064093706350547, "errorThroughputRps": 2.765757652892067, "totalThroughputRps": 3.972167023527122, "errorRate": 0.6962843295638126, "totalRequests": 3714, "successfulRequests": 1128, "failedRequests": 2586, "latencyMs": {"p50": 25001.983, "p95": 160432.127, "p99": 401080.319, "p999": 435421.183, "max": 437518.335, "mean": 31512.734321383952, "meanSuccessful": 34980.20316932624, "meanFailed": 30000.2042895232, "meanTotal": 31512.734321383952}, "errorsByType": {"SQLTransientConnectionException": 2586}, "firstErrorMessageByType": {"SQLTransientConnectionException": "HikariPool-1 - Connection is not available, request timed out after 30000ms (total=19, active=19, idle=0, waiting=112)"}, "appCpuMedian": 0.025015634771732333, "gcPauseMsTotal": 0}