{"runInfo": {"sut": "HIKARI_DISCIPLINED", "workload": "W5_HTAP", "loadMode": "open-loop", "targetRps": 4, "concurrency": 0, "poolSize": 19, "instanceId": 0, "totalInstances": 16, "configuredDbConnectionBudget": 300, "configuredReplicas": 16, "seed": 42, "durationSeconds": 900, "timestamp": "2026-07-15T17:39:06Z", "openLoopAttemptedOps": 3601, "openLoopMissedOpportunities": 0, "openLoopSchedulingDelayMs": 0.0, "clientPooling": "hikari"}, "attemptedRps": 3.8513121840929365, "achievedThroughputRps": 1.503733665880219, "successfulThroughputRps": 1.503733665880219, "errorThroughputRps": 2.4566687272595042, "totalThroughputRps": 3.960402393139723, "errorRate": 0.6203078584931137, "totalRequests": 3703, "successfulRequests": 1406, "failedRequests": 2297, "latencyMs": {"p50": 24805.375, "p95": 139853.823, "p99": 264110.079, "p999": 439877.631, "max": 451936.255, "mean": 30961.379939406157, "meanSuccessful": 32531.954997866287, "meanFailed": 30000.230286154987, "meanTotal": 30961.379939406157}, "errorsByType": {"SQLTransientConnectionException": 2297}, "firstErrorMessageByType": {"SQLTransientConnectionException": "HikariPool-1 - Connection is not available, request timed out after 30000ms (total=19, active=19, idle=0, waiting=112)"}, "appCpuMedian": 0.025015634771732333, "gcPauseMsTotal": 0}