{"runInfo": {"sut": "HIKARI_DISCIPLINED", "workload": "W5_HTAP", "loadMode": "open-loop", "targetRps": 8, "concurrency": 0, "poolSize": 20, "instanceId": 2, "totalInstances": 4, "configuredDbConnectionBudget": 80, "configuredReplicas": 4, "seed": 42, "durationSeconds": 900, "timestamp": "2026-07-02T07:53:22Z", "openLoopAttemptedOps": 7201, "openLoopMissedOpportunities": 0, "openLoopSchedulingDelayMs": 0.0, "clientPooling": "hikari"}, "attemptedRps": 6.825540659407322, "achievedThroughputRps": 3.124146925900088, "successfulThroughputRps": 3.124146925900088, "errorThroughputRps": 3.9345673208165244, "totalThroughputRps": 7.058714246716613, "errorRate": 0.5574056667114274, "totalRequests": 7447, "successfulRequests": 3296, "failedRequests": 4151, "latencyMs": {"p50": 28704.767, "p95": 89391.103, "p99": 210501.631, "p999": 220200.959, "max": 225312.767, "mean": 31785.106069387675, "meanSuccessful": 34033.08240776699, "meanFailed": 30000.211494394844, "meanTotal": 31785.106069387675}, "errorsByType": {"SQLTransientConnectionException": 4151}, "firstErrorMessageByType": {"SQLTransientConnectionException": "HikariPool-1 - Connection is not available, request timed out after 30000ms (total=20, active=20, idle=0, waiting=240)"}, "appCpuMedian": 0.15045135406218654, "gcPauseMsTotal": 11}