{"runInfo": {"sut": "PGBOUNCER", "workload": "W5_HTAP", "loadMode": "open-loop", "targetRps": 8, "concurrency": 0, "poolSize": 20, "instanceId": 1, "totalInstances": 4, "configuredDbConnectionBudget": 100, "configuredReplicas": 4, "seed": 42, "durationSeconds": 900, "timestamp": "2026-07-12T06:58:16Z", "openLoopAttemptedOps": 7201, "openLoopMissedOpportunities": 0, "openLoopSchedulingDelayMs": 0.0, "clientPooling": "hikari"}, "attemptedRps": 7.712120806447294, "achievedThroughputRps": 4.155399073603041, "successfulThroughputRps": 4.155399073603041, "errorThroughputRps": 3.8169696645157836, "totalThroughputRps": 7.972368738118825, "errorRate": 0.4787748522299839, "totalRequests": 7444, "successfulRequests": 3880, "failedRequests": 3564, "latencyMs": {"p50": 29638.655, "p95": 39419.903, "p99": 46137.343, "p999": 66584.575, "max": 71696.383, "mean": 30153.598224172623, "meanSuccessful": 30294.67624329897, "meanFailed": 30000.18578077329, "meanTotal": 30153.598224172623}, "errorsByType": {"SQLTransientConnectionException": 3564}, "firstErrorMessageByType": {"SQLTransientConnectionException": "HikariPool-1 - Connection is not available, request timed out after 30000ms (total=13, active=13, idle=0, waiting=240)"}, "appCpuMedian": 0.14992503748125938, "gcPauseMsTotal": 11}