{"runInfo": {"sut": "PGBOUNCER", "workload": "W5_HTAP", "loadMode": "open-loop", "targetRps": 4, "concurrency": 0, "poolSize": 20, "instanceId": 1, "totalInstances": 16, "configuredDbConnectionBudget": 100, "configuredReplicas": 16, "seed": 42, "durationSeconds": 900, "timestamp": "2026-07-16T00:50:30Z", "openLoopAttemptedOps": 3601, "openLoopMissedOpportunities": 0, "openLoopSchedulingDelayMs": 0.0, "clientPooling": "hikari"}, "attemptedRps": 3.85130806507331, "achievedThroughputRps": 1.5443734645836877, "successfulThroughputRps": 1.5443734645836877, "errorThroughputRps": 2.4342063749255356, "totalThroughputRps": 3.9785798395092233, "errorRate": 0.6118279569892473, "totalRequests": 3720, "successfulRequests": 1444, "failedRequests": 2276, "latencyMs": {"p50": 31703.039, "p95": 50987.007, "p99": 93126.655, "p999": 107675.647, "max": 112721.919, "mean": 31704.667151293816, "meanSuccessful": 34390.985750692525, "meanFailed": 30000.332913274164, "meanTotal": 31704.667151293816}, "errorsByType": {"SQLTransientConnectionException": 2276}, "firstErrorMessageByType": {"SQLTransientConnectionException": "HikariPool-1 - Connection is not available, request timed out after 30001ms (total=5, active=5, idle=0, waiting=120)"}, "appCpuMedian": 0.025031289111389236, "gcPauseMsTotal": 1}