{"runInfo": {"sut": "HIKARI_DISCIPLINED", "workload": "W5_HTAP", "loadMode": "open-loop", "targetRps": 3, "concurrency": 0, "poolSize": 19, "instanceId": 14, "totalInstances": 16, "configuredDbConnectionBudget": 300, "configuredReplicas": 16, "seed": 42, "durationSeconds": 900, "timestamp": "2026-07-15T09:19:33Z", "openLoopAttemptedOps": 2701, "openLoopMissedOpportunities": 0, "openLoopSchedulingDelayMs": 0.0, "clientPooling": "hikari"}, "attemptedRps": 2.898377122713651, "achievedThroughputRps": 1.3529324945508372, "successfulThroughputRps": 1.3529324945508372, "errorThroughputRps": 1.6331446001416035, "totalThroughputRps": 2.9860770946924404, "errorRate": 0.546919770773639, "totalRequests": 2792, "successfulRequests": 1265, "failedRequests": 1527, "latencyMs": {"p50": 18694.143, "p95": 139853.823, "p99": 345767.935, "p999": 423624.703, "max": 430178.303, "mean": 29422.992418650072, "meanSuccessful": 28726.06780158103, "meanFailed": 30000.257043994105, "meanTotal": 29422.992418650072}, "errorsByType": {"SQLTransientConnectionException": 1527}, "firstErrorMessageByType": {"SQLTransientConnectionException": "HikariPool-1 - Connection is not available, request timed out after 30000ms (total=19, active=19, idle=0, waiting=80)"}, "appCpuMedian": 0.025021894157387717, "gcPauseMsTotal": 0}