{"runInfo": {"sut": "HIKARI_DISCIPLINED", "workload": "W5_HTAP", "loadMode": "open-loop", "targetRps": 8, "concurrency": 0, "poolSize": 20, "instanceId": 3, "totalInstances": 4, "configuredDbConnectionBudget": 80, "configuredReplicas": 4, "seed": 42, "durationSeconds": 900, "timestamp": "2026-07-02T03:12:44Z", "openLoopAttemptedOps": 7201, "openLoopMissedOpportunities": 0, "openLoopSchedulingDelayMs": 0.0, "clientPooling": "hikari"}, "attemptedRps": 6.825534189755727, "achievedThroughputRps": 3.223669181969064, "successfulThroughputRps": 3.223669181969064, "errorThroughputRps": 3.7838539766011476, "totalThroughputRps": 7.007523158570211, "errorRate": 0.5399702421209251, "totalRequests": 7393, "successfulRequests": 3401, "failedRequests": 3992, "latencyMs": {"p50": 28491.775, "p95": 84869.119, "p99": 209584.127, "p999": 221380.607, "max": 224002.047, "mean": 31646.26014816164, "meanSuccessful": 33578.608155248454, "meanFailed": 30000.243300863225, "meanTotal": 31646.26014816164}, "errorsByType": {"SQLTransientConnectionException": 3992}, "firstErrorMessageByType": {"SQLTransientConnectionException": "HikariPool-1 - Connection is not available, request timed out after 30000ms (total=20, active=20, idle=0, waiting=190)"}, "appCpuMedian": 0.2004008016032064, "gcPauseMsTotal": 13}