{"runInfo": {"sut": "PGBOUNCER", "workload": "W5_HTAP", "loadMode": "open-loop", "targetRps": 3, "concurrency": 0, "poolSize": 20, "instanceId": 4, "totalInstances": 16, "configuredDbConnectionBudget": 100, "configuredReplicas": 16, "seed": 42, "durationSeconds": 900, "timestamp": "2026-07-15T14:51:18Z", "openLoopAttemptedOps": 2701, "openLoopMissedOpportunities": 0, "openLoopSchedulingDelayMs": 0.0, "clientPooling": "hikari"}, "attemptedRps": 2.8887484264823686, "achievedThroughputRps": 1.6053355750277807, "successfulThroughputRps": 1.6053355750277807, "errorThroughputRps": 1.3818078367327733, "totalThroughputRps": 2.9871434117605538, "errorRate": 0.46258503401360546, "totalRequests": 2793, "successfulRequests": 1501, "failedRequests": 1292, "latencyMs": {"p50": 29966.335, "p95": 48365.567, "p99": 75628.543, "p999": 103350.271, "max": 104136.703, "mean": 30858.526795017544, "meanSuccessful": 31597.175109926717, "meanFailed": 30000.29792960681, "meanTotal": 30858.526795017544}, "errorsByType": {"SQLTransientConnectionException": 1292}, "firstErrorMessageByType": {"SQLTransientConnectionException": "HikariPool-1 - Connection is not available, request timed out after 30000ms (total=7, active=7, idle=0, waiting=90)"}, "appCpuMedian": 0.02501876407305479, "gcPauseMsTotal": 1}