{"runInfo": {"sut": "PGBOUNCER", "workload": "W5_HTAP", "loadMode": "open-loop", "targetRps": 4, "concurrency": 0, "poolSize": 20, "instanceId": 0, "totalInstances": 2, "configuredDbConnectionBudget": 100, "configuredReplicas": 2, "seed": 42, "durationSeconds": 900, "timestamp": "2026-05-30T20:22:29Z", "openLoopAttemptedOps": 4801, "openLoopMissedOpportunities": 0, "openLoopSchedulingDelayMs": 0.135833, "clientPooling": "hikari"}, "attemptedRps": 2.6575430014959287, "achievedThroughputRps": 1.1675181972692472, "successfulThroughputRps": 1.1675181972692472, "errorThroughputRps": 1.5844889820082642, "totalThroughputRps": 2.7520071792775114, "errorRate": 0.5757575757575758, "totalRequests": 3729, "successfulRequests": 1582, "failedRequests": 2147, "latencyMs": {"p50": 27082.751, "p95": 60030.975, "p99": 60030.975, "p999": 64684.031, "max": 65961.983, "mean": 30553.52061943658, "meanSuccessful": 28352.295452591658, "meanFailed": 30000.319808788543, "meanTotal": 30553.52061943658}, "errorsByType": {"SQLTransientConnectionException": 2147}, "firstErrorMessageByType": {"SQLTransientConnectionException": "HikariPool-1 - Connection is not available, request timed out after 30000ms (total=8, active=8, idle=0, waiting=120)"}, "appCpuMedian": 0.1502253380070105, "gcPauseMsTotal": 7}