{"runInfo": {"sut": "HIKARI_DISCIPLINED", "workload": "W5_HTAP", "loadMode": "open-loop", "targetRps": 3, "concurrency": 0, "poolSize": 19, "instanceId": 6, "totalInstances": 16, "configuredDbConnectionBudget": 300, "configuredReplicas": 16, "seed": 42, "durationSeconds": 900, "timestamp": "2026-07-15T15:57:05Z", "openLoopAttemptedOps": 2701, "openLoopMissedOpportunities": 0, "openLoopSchedulingDelayMs": 0.0, "clientPooling": "hikari"}, "attemptedRps": 2.898374022868278, "achievedThroughputRps": 1.2074775910768583, "successfulThroughputRps": 1.2074775910768583, "errorThroughputRps": 1.77859630997415, "totalThroughputRps": 2.9860739010510082, "errorRate": 0.5956303724928367, "totalRequests": 2792, "successfulRequests": 1129, "failedRequests": 1663, "latencyMs": {"p50": 22085.631, "p95": 152305.663, "p99": 382205.951, "p999": 432799.743, "max": 446955.519, "mean": 31063.658658921562, "meanSuccessful": 32630.001972542075, "meanFailed": 30000.249049653637, "meanTotal": 31063.658658921562}, "errorsByType": {"SQLTransientConnectionException": 1663}, "firstErrorMessageByType": {"SQLTransientConnectionException": "HikariPool-1 - Connection is not available, request timed out after 30000ms (total=19, active=19, idle=0, waiting=80)"}, "appCpuMedian": 0.025021894157387717, "gcPauseMsTotal": 0}