{"runInfo": {"sut": "PGBOUNCER", "workload": "W5_HTAP", "loadMode": "open-loop", "targetRps": 2, "concurrency": 0, "poolSize": 20, "instanceId": 15, "totalInstances": 16, "configuredDbConnectionBudget": 100, "configuredReplicas": 16, "seed": 42, "durationSeconds": 900, "timestamp": "2026-07-15T03:17:33Z", "openLoopAttemptedOps": 1801, "openLoopMissedOpportunities": 0, "openLoopSchedulingDelayMs": 0.0, "clientPooling": "hikari"}, "attemptedRps": 1.9359949950068314, "achievedThroughputRps": 1.3329449160513442, "successfulThroughputRps": 1.3329449160513442, "errorThroughputRps": 0.653572991096143, "totalThroughputRps": 1.9865179071474872, "errorRate": 0.329004329004329, "totalRequests": 1848, "successfulRequests": 1240, "failedRequests": 608, "latencyMs": {"p50": 28229.631, "p95": 47316.991, "p99": 89522.175, "p999": 118489.087, "max": 122028.031, "mean": 28295.648773851193, "meanSuccessful": 27460.01527016129, "meanFailed": 30000.409700745065, "meanTotal": 28295.648773851193}, "errorsByType": {"SQLTransientConnectionException": 608}, "firstErrorMessageByType": {"SQLTransientConnectionException": "HikariPool-1 - Connection is not available, request timed out after 30001ms (total=7, active=7, idle=0, waiting=52)"}, "appCpuMedian": 0.025025025025025023, "gcPauseMsTotal": 2}