{"runInfo": {"sut": "PGBOUNCER", "workload": "W5_HTAP", "loadMode": "open-loop", "targetRps": 4, "concurrency": 0, "poolSize": 20, "instanceId": 14, "totalInstances": 16, "configuredDbConnectionBudget": 100, "configuredReplicas": 16, "seed": 42, "durationSeconds": 900, "timestamp": "2026-07-15T18:12:29Z", "openLoopAttemptedOps": 3600, "openLoopMissedOpportunities": 0, "openLoopSchedulingDelayMs": 0.0, "clientPooling": "hikari"}, "attemptedRps": 3.85130806507331, "achievedThroughputRps": 1.8737827631236987, "successfulThroughputRps": 1.8737827631236987, "errorThroughputRps": 2.114422672771434, "totalThroughputRps": 3.9882054358951327, "errorRate": 0.5301689460981497, "totalRequests": 3729, "successfulRequests": 1752, "failedRequests": 1977, "latencyMs": {"p50": 30949.375, "p95": 43876.351, "p99": 70778.879, "p999": 104464.383, "max": 108789.759, "mean": 31321.532822076428, "meanSuccessful": 32812.421168949775, "meanFailed": 30000.276817819424, "meanTotal": 31321.532822076428}, "errorsByType": {"SQLTransientConnectionException": 1977}, "firstErrorMessageByType": {"SQLTransientConnectionException": "HikariPool-1 - Connection is not available, request timed out after 30000ms (total=10, active=10, idle=0, waiting=120)"}, "appCpuMedian": 0.025015634771732333, "gcPauseMsTotal": 1}