{"runInfo": {"sut": "PGBOUNCER", "workload": "W5_HTAP", "loadMode": "open-loop", "targetRps": 12, "concurrency": 0, "poolSize": 20, "instanceId": 1, "totalInstances": 2, "configuredDbConnectionBudget": 100, "configuredReplicas": 2, "seed": 42, "durationSeconds": 900, "timestamp": "2026-05-31T14:44:53Z", "openLoopAttemptedOps": 14401, "openLoopMissedOpportunities": 0, "openLoopSchedulingDelayMs": 0.138919, "clientPooling": "hikari"}, "attemptedRps": 7.97115300170995, "achievedThroughputRps": 1.246484345883539, "successfulThroughputRps": 1.246484345883539, "errorThroughputRps": 6.994777164170623, "totalThroughputRps": 8.241261510054162, "errorRate": 0.8487507835586997, "totalRequests": 11167, "successfulRequests": 1689, "failedRequests": 9478, "latencyMs": {"p50": 29130.751, "p95": 60030.975, "p99": 60030.975, "p999": 62586.879, "max": 62849.023, "mean": 30433.033459248858, "meanSuccessful": 30410.642176435762, "meanFailed": 30000.206622274636, "meanTotal": 30433.033459248858}, "errorsByType": {"SQLTransientConnectionException": 9478}, "firstErrorMessageByType": {"SQLTransientConnectionException": "HikariPool-1 - Connection is not available, request timed out after 30000ms (total=6, active=6, idle=0, waiting=360)"}, "appCpuMedian": 0.15015015015015015, "gcPauseMsTotal": 11}