{"runInfo": {"sut": "PGBOUNCER", "workload": "W5_HTAP", "loadMode": "open-loop", "targetRps": 8, "concurrency": 0, "poolSize": 20, "instanceId": 2, "totalInstances": 4, "configuredDbConnectionBudget": 100, "configuredReplicas": 4, "seed": 42, "durationSeconds": 900, "timestamp": "2026-07-02T05:17:47Z", "openLoopAttemptedOps": 7201, "openLoopMissedOpportunities": 0, "openLoopSchedulingDelayMs": 0.0, "clientPooling": "hikari"}, "attemptedRps": 6.825540659407322, "achievedThroughputRps": 4.187645970457096, "successfulThroughputRps": 4.187645970457096, "errorThroughputRps": 2.8615896751493826, "totalThroughputRps": 7.049235645606479, "errorRate": 0.40594325668952536, "totalRequests": 7437, "successfulRequests": 4418, "failedRequests": 3019, "latencyMs": {"p50": 29327.359, "p95": 37978.111, "p99": 43614.207, "p999": 60948.479, "max": 63668.223, "mean": 29549.750226102864, "meanSuccessful": 29242.024793119057, "meanFailed": 30000.231827672407, "meanTotal": 29549.750226102864}, "errorsByType": {"SQLTransientConnectionException": 3019}, "firstErrorMessageByType": {"SQLTransientConnectionException": "HikariPool-1 - Connection is not available, request timed out after 30000ms (total=16, active=16, idle=0, waiting=218)"}, "appCpuMedian": 0.1503006012024048, "gcPauseMsTotal": 12}