{"runInfo": {"sut": "PGBOUNCER", "workload": "W5_HTAP", "loadMode": "open-loop", "targetRps": 12, "concurrency": 0, "poolSize": 20, "instanceId": 0, "totalInstances": 4, "configuredDbConnectionBudget": 100, "configuredReplicas": 4, "seed": 42, "durationSeconds": 900, "timestamp": "2026-07-12T11:41:18Z", "openLoopAttemptedOps": 10800, "openLoopMissedOpportunities": 0, "openLoopSchedulingDelayMs": 0.0, "clientPooling": "hikari"}, "attemptedRps": 11.551760464337777, "achievedThroughputRps": 4.2662690947359865, "successfulThroughputRps": 4.2662690947359865, "errorThroughputRps": 7.6758619435748745, "totalThroughputRps": 11.942131038310862, "errorRate": 0.6427547913308257, "totalRequests": 11166, "successfulRequests": 3989, "failedRequests": 7177, "latencyMs": {"p50": 29999.103, "p95": 39321.599, "p99": 44924.927, "p999": 62455.807, "max": 64323.583, "mean": 30554.81168094304, "meanSuccessful": 31552.73347305089, "meanFailed": 30000.177775665597, "meanTotal": 30554.81168094304}, "errorsByType": {"SQLTransientConnectionException": 7177}, "firstErrorMessageByType": {"SQLTransientConnectionException": "HikariPool-1 - Connection is not available, request timed out after 30000ms (total=12, active=12, idle=0, waiting=360)"}, "appCpuMedian": 0.1502253380070105, "gcPauseMsTotal": 12}