{"runInfo": {"sut": "PGBOUNCER", "workload": "W5_HTAP", "loadMode": "open-loop", "targetRps": 3, "concurrency": 0, "poolSize": 20, "instanceId": 14, "totalInstances": 16, "configuredDbConnectionBudget": 100, "configuredReplicas": 16, "seed": 42, "durationSeconds": 900, "timestamp": "2026-07-15T13:11:47Z", "openLoopAttemptedOps": 2700, "openLoopMissedOpportunities": 0, "openLoopSchedulingDelayMs": 0.0, "clientPooling": "hikari"}, "attemptedRps": 2.8887484264823686, "achievedThroughputRps": 1.5775282965795978, "successfulThroughputRps": 1.5775282965795978, "errorThroughputRps": 1.4138931580191378, "totalThroughputRps": 2.991421454598736, "errorRate": 0.4726492670718627, "totalRequests": 2797, "successfulRequests": 1475, "failedRequests": 1322, "latencyMs": {"p50": 30556.159, "p95": 46366.719, "p99": 76546.047, "p999": 100466.687, "max": 106495.999, "mean": 31275.0424065059, "meanSuccessful": 32417.803867118644, "meanFailed": 30000.281757620276, "meanTotal": 31275.0424065059}, "errorsByType": {"SQLTransientConnectionException": 1322}, "firstErrorMessageByType": {"SQLTransientConnectionException": "HikariPool-1 - Connection is not available, request timed out after 30000ms (total=9, active=9, idle=0, waiting=90)"}, "appCpuMedian": 0.025025025025025023, "gcPauseMsTotal": 1}