{"runInfo": {"sut": "PGBOUNCER", "workload": "W5_HTAP", "loadMode": "open-loop", "targetRps": 4, "concurrency": 0, "poolSize": 20, "instanceId": 0, "totalInstances": 2, "configuredDbConnectionBudget": 100, "configuredReplicas": 2, "seed": 42, "durationSeconds": 900, "timestamp": "2026-05-30T18:42:44Z", "openLoopAttemptedOps": 4801, "openLoopMissedOpportunities": 0, "openLoopSchedulingDelayMs": 0.149473, "clientPooling": "hikari"}, "attemptedRps": 2.65754104022695, "achievedThroughputRps": 1.1992513719435696, "successfulThroughputRps": 1.1992513719435696, "errorThroughputRps": 1.5512777746617743, "totalThroughputRps": 2.7505291466053436, "errorRate": 0.563992487255165, "totalRequests": 3727, "successfulRequests": 1625, "failedRequests": 2102, "latencyMs": {"p50": 26132.479, "p95": 60030.975, "p99": 60030.975, "p999": 66682.879, "max": 66977.791, "mean": 29649.4889005597, "meanSuccessful": 27136.05041230769, "meanFailed": 30000.30662547003, "meanTotal": 29649.4889005597}, "errorsByType": {"SQLTransientConnectionException": 2102}, "firstErrorMessageByType": {"SQLTransientConnectionException": "HikariPool-1 - Connection is not available, request timed out after 30000ms (total=6, active=6, idle=0, waiting=120)"}, "appCpuMedian": 0.10025062656641603, "gcPauseMsTotal": 8}