{"runInfo": {"sut": "PGBOUNCER", "workload": "W5_HTAP", "loadMode": "open-loop", "targetRps": 8, "concurrency": 0, "poolSize": 20, "instanceId": 0, "totalInstances": 4, "configuredDbConnectionBudget": 100, "configuredReplicas": 4, "seed": 42, "durationSeconds": 900, "timestamp": "2026-07-12T02:15:04Z", "openLoopAttemptedOps": 7201, "openLoopMissedOpportunities": 0, "openLoopSchedulingDelayMs": 0.0, "clientPooling": "hikari"}, "attemptedRps": 7.727879066902334, "achievedThroughputRps": 4.0469145898192895, "successfulThroughputRps": 4.0469145898192895, "errorThroughputRps": 3.933158836300105, "totalThroughputRps": 7.980073426119394, "errorRate": 0.4928725121032813, "totalRequests": 7436, "successfulRequests": 3771, "failedRequests": 3665, "latencyMs": {"p50": 29605.887, "p95": 39124.991, "p99": 44924.927, "p999": 63504.383, "max": 76414.975, "mean": 30114.231720906268, "meanSuccessful": 30225.117986740916, "meanFailed": 30000.19002273206, "meanTotal": 30114.231720906268}, "errorsByType": {"SQLTransientConnectionException": 3665}, "firstErrorMessageByType": {"SQLTransientConnectionException": "HikariPool-1 - Connection is not available, request timed out after 30000ms (total=8, active=8, idle=0, waiting=235)"}, "appCpuMedian": 0.1002004008016032, "gcPauseMsTotal": 9}