{"runInfo": {"sut": "PGBOUNCER", "workload": "W5_HTAP", "loadMode": "open-loop", "targetRps": 3, "concurrency": 0, "poolSize": 20, "instanceId": 5, "totalInstances": 16, "configuredDbConnectionBudget": 100, "configuredReplicas": 16, "seed": 42, "durationSeconds": 900, "timestamp": "2026-07-15T13:11:39Z", "openLoopAttemptedOps": 2701, "openLoopMissedOpportunities": 0, "openLoopSchedulingDelayMs": 0.0, "clientPooling": "hikari"}, "attemptedRps": 2.8887484264823686, "achievedThroughputRps": 1.7037305603059658, "successfulThroughputRps": 1.7037305603059658, "errorThroughputRps": 1.2737872550686786, "totalThroughputRps": 2.9775178153746444, "errorRate": 0.42780172413793105, "totalRequests": 2784, "successfulRequests": 1593, "failedRequests": 1191, "latencyMs": {"p50": 29966.335, "p95": 45318.143, "p99": 70451.199, "p999": 100728.831, "max": 103677.951, "mean": 30692.335761399427, "meanSuccessful": 31209.802887633396, "meanFailed": 30000.354561456763, "meanTotal": 30692.335761399427}, "errorsByType": {"SQLTransientConnectionException": 1191}, "firstErrorMessageByType": {"SQLTransientConnectionException": "HikariPool-1 - Connection is not available, request timed out after 30000ms (total=10, active=10, idle=0, waiting=86)"}, "appCpuMedian": 0.025021894157387717, "gcPauseMsTotal": 2}