{"runInfo": {"sut": "PGBOUNCER", "workload": "W5_HTAP", "loadMode": "open-loop", "targetRps": 2, "concurrency": 0, "poolSize": 20, "instanceId": 4, "totalInstances": 16, "configuredDbConnectionBudget": 100, "configuredReplicas": 16, "seed": 42, "durationSeconds": 900, "timestamp": "2026-07-15T04:56:21Z", "openLoopAttemptedOps": 1801, "openLoopMissedOpportunities": 0, "openLoopSchedulingDelayMs": 0.0, "clientPooling": "hikari"}, "attemptedRps": 1.9261908479731682, "achievedThroughputRps": 1.3315422574828397, "successfulThroughputRps": 1.3315422574828397, "errorThroughputRps": 0.6288729697991243, "totalThroughputRps": 1.960415227281964, "errorRate": 0.32078559738134205, "totalRequests": 1833, "successfulRequests": 1245, "failedRequests": 588, "latencyMs": {"p50": 26279.935, "p95": 44630.015, "p99": 83492.863, "p999": 125960.191, "max": 126484.479, "mean": 27053.112626366066, "meanSuccessful": 25661.258779116466, "meanFailed": 30000.366660719388, "meanTotal": 27053.112626366066}, "errorsByType": {"SQLTransientConnectionException": 588}, "firstErrorMessageByType": {"SQLTransientConnectionException": "HikariPool-1 - Connection is not available, request timed out after 30001ms (total=7, active=7, idle=0, waiting=34)"}, "appCpuMedian": 0.02501876407305479, "gcPauseMsTotal": 1}