{"runInfo": {"sut": "PGBOUNCER", "workload": "W5_HTAP", "loadMode": "open-loop", "targetRps": 3, "concurrency": 0, "poolSize": 20, "instanceId": 9, "totalInstances": 16, "configuredDbConnectionBudget": 100, "configuredReplicas": 16, "seed": 42, "durationSeconds": 900, "timestamp": "2026-07-15T14:51:22Z", "openLoopAttemptedOps": 2701, "openLoopMissedOpportunities": 0, "openLoopSchedulingDelayMs": 0.0, "clientPooling": "hikari"}, "attemptedRps": 2.8887484264823686, "achievedThroughputRps": 1.678062303276874, "successfulThroughputRps": 1.678062303276874, "errorThroughputRps": 1.3080115977741344, "totalThroughputRps": 2.9860739010510082, "errorRate": 0.4380372492836676, "totalRequests": 2792, "successfulRequests": 1569, "failedRequests": 1223, "latencyMs": {"p50": 29360.127, "p95": 45744.127, "p99": 84475.903, "p999": 103022.591, "max": 106430.463, "mean": 30428.842494148998, "meanSuccessful": 30762.768152963672, "meanFailed": 30000.37431502698, "meanTotal": 30428.842494148998}, "errorsByType": {"SQLTransientConnectionException": 1223}, "firstErrorMessageByType": {"SQLTransientConnectionException": "HikariPool-1 - Connection is not available, request timed out after 30000ms (total=9, active=9, idle=0, waiting=87)"}, "appCpuMedian": 0.025021894157387717, "gcPauseMsTotal": 2}