{"runInfo": {"sut": "HIKARI_DISCIPLINED", "workload": "W5_HTAP", "loadMode": "open-loop", "targetRps": 3, "concurrency": 0, "poolSize": 19, "instanceId": 8, "totalInstances": 16, "configuredDbConnectionBudget": 300, "configuredReplicas": 16, "seed": 42, "durationSeconds": 900, "timestamp": "2026-07-15T15:57:07Z", "openLoopAttemptedOps": 2701, "openLoopMissedOpportunities": 0, "openLoopSchedulingDelayMs": 0.0, "clientPooling": "hikari"}, "attemptedRps": 2.8887515160330524, "achievedThroughputRps": 1.280205688519646, "successfulThroughputRps": 1.280205688519646, "errorThroughputRps": 1.6791336098377978, "totalThroughputRps": 2.9593392983574436, "errorRate": 0.567401517889411, "totalRequests": 2767, "successfulRequests": 1197, "failedRequests": 1570, "latencyMs": {"p50": 21250.047, "p95": 144834.559, "p99": 377487.359, "p999": 431226.879, "max": 454295.551, "mean": 30229.443223117818, "meanSuccessful": 30529.776007518798, "meanFailed": 30000.254030801912, "meanTotal": 30229.443223117818}, "errorsByType": {"SQLTransientConnectionException": 1570}, "firstErrorMessageByType": {"SQLTransientConnectionException": "HikariPool-1 - Connection is not available, request timed out after 30000ms (total=19, active=19, idle=0, waiting=66)"}, "appCpuMedian": 0.025021894157387717, "gcPauseMsTotal": 0}