{"runInfo": {"sut": "PGBOUNCER", "workload": "W5_HTAP", "loadMode": "open-loop", "targetRps": 2, "concurrency": 0, "poolSize": 20, "instanceId": 8, "totalInstances": 16, "configuredDbConnectionBudget": 100, "configuredReplicas": 16, "seed": 42, "durationSeconds": 900, "timestamp": "2026-07-15T01:38:35Z", "openLoopAttemptedOps": 1801, "openLoopMissedOpportunities": 0, "openLoopSchedulingDelayMs": 0.0, "clientPooling": "hikari"}, "attemptedRps": 1.9332310721006096, "achievedThroughputRps": 1.4051079807771782, "successfulThroughputRps": 1.4051079807771782, "errorThroughputRps": 0.565692823429773, "totalThroughputRps": 1.9708008042069514, "errorRate": 0.28703703703703703, "totalRequests": 1836, "successfulRequests": 1309, "failedRequests": 527, "latencyMs": {"p50": 26476.543, "p95": 44630.015, "p99": 74973.183, "p999": 112787.455, "max": 118751.231, "mean": 26621.657835928105, "meanSuccessful": 25261.416506493504, "meanFailed": 30000.38851916888, "meanTotal": 26621.657835928105}, "errorsByType": {"SQLTransientConnectionException": 527}, "firstErrorMessageByType": {"SQLTransientConnectionException": "HikariPool-1 - Connection is not available, request timed out after 30000ms (total=9, active=9, idle=0, waiting=28)"}, "appCpuMedian": 0.025015634771732333, "gcPauseMsTotal": 1}