{"runInfo": {"sut": "PGBOUNCER", "workload": "W5_HTAP", "loadMode": "open-loop", "targetRps": 12, "concurrency": 0, "poolSize": 20, "instanceId": 2, "totalInstances": 4, "configuredDbConnectionBudget": 100, "configuredReplicas": 4, "seed": 42, "durationSeconds": 900, "timestamp": "2026-07-05T12:16:09Z", "openLoopAttemptedOps": 10800, "openLoopMissedOpportunities": 0, "openLoopSchedulingDelayMs": 0.0, "clientPooling": "hikari"}, "attemptedRps": 11.555418615125713, "achievedThroughputRps": 4.927715780137861, "successfulThroughputRps": 4.927715780137861, "errorThroughputRps": 7.0214065707869695, "totalThroughputRps": 11.94912235092483, "errorRate": 0.5876085594054974, "totalRequests": 11169, "successfulRequests": 4606, "failedRequests": 6563, "latencyMs": {"p50": 29949.951, "p95": 39059.455, "p99": 44990.463, "p999": 63504.383, "max": 68157.439, "mean": 30518.051320568895, "meanSuccessful": 31256.086117238385, "meanFailed": 30000.20150289959, "meanTotal": 30518.051320568895}, "errorsByType": {"SQLTransientConnectionException": 6563}, "firstErrorMessageByType": {"SQLTransientConnectionException": "HikariPool-1 - Connection is not available, request timed out after 30000ms (total=8, active=8, idle=0, waiting=360)"}, "appCpuMedian": 0.1502253380070105, "gcPauseMsTotal": 9}