{"runInfo": {"sut": "PGBOUNCER", "workload": "W5_HTAP", "loadMode": "open-loop", "targetRps": 4, "concurrency": 0, "poolSize": 20, "instanceId": 5, "totalInstances": 16, "configuredDbConnectionBudget": 100, "configuredReplicas": 16, "seed": 42, "durationSeconds": 900, "timestamp": "2026-07-16T00:50:33Z", "openLoopAttemptedOps": 3601, "openLoopMissedOpportunities": 0, "openLoopSchedulingDelayMs": 0.0, "clientPooling": "hikari"}, "attemptedRps": 3.8513121840929365, "achievedThroughputRps": 1.6812726335445976, "successfulThroughputRps": 1.6812726335445976, "errorThroughputRps": 2.2898248781291244, "totalThroughputRps": 3.971097511673722, "errorRate": 0.5766226770805278, "totalRequests": 3713, "successfulRequests": 1572, "failedRequests": 2141, "latencyMs": {"p50": 31621.119, "p95": 48431.103, "p99": 94044.159, "p999": 105119.743, "max": 110231.551, "mean": 31732.118978671966, "meanSuccessful": 34090.6844173028, "meanFailed": 30000.292000078935, "meanTotal": 31732.118978671966}, "errorsByType": {"SQLTransientConnectionException": 2141}, "firstErrorMessageByType": {"SQLTransientConnectionException": "HikariPool-1 - Connection is not available, request timed out after 30000ms (total=6, active=6, idle=0, waiting=120)"}, "appCpuMedian": 0.025031289111389236, "gcPauseMsTotal": 2}