{"runInfo": {"sut": "HIKARI_DISCIPLINED", "workload": "W5_HTAP", "loadMode": "open-loop", "targetRps": 4, "concurrency": 0, "poolSize": 19, "instanceId": 5, "totalInstances": 16, "configuredDbConnectionBudget": 300, "configuredReplicas": 16, "seed": 42, "durationSeconds": 900, "timestamp": "2026-07-15T22:37:21Z", "openLoopAttemptedOps": 3601, "openLoopMissedOpportunities": 0, "openLoopSchedulingDelayMs": 0.0, "clientPooling": "hikari"}, "attemptedRps": 3.853447086492401, "achievedThroughputRps": 1.4930369505255041, "successfulThroughputRps": 1.4930369505255041, "errorThroughputRps": 2.481264846145537, "totalThroughputRps": 3.974301796671041, "errorRate": 0.6243272335844995, "totalRequests": 3716, "successfulRequests": 1396, "failedRequests": 2320, "latencyMs": {"p50": 24575.999, "p95": 139591.679, "p99": 377749.503, "p999": 434110.463, "max": 439353.343, "mean": 31178.21476365366, "meanSuccessful": 33135.21788968481, "meanFailed": 30000.28998486121, "meanTotal": 31178.21476365366}, "errorsByType": {"SQLTransientConnectionException": 2320}, "firstErrorMessageByType": {"SQLTransientConnectionException": "HikariPool-1 - Connection is not available, request timed out after 30000ms (total=19, active=19, idle=0, waiting=112)"}, "appCpuMedian": 0.025025025025025023, "gcPauseMsTotal": 0}