{"runInfo": {"sut": "HIKARI_DISCIPLINED", "workload": "W5_HTAP", "loadMode": "open-loop", "targetRps": 12, "concurrency": 0, "poolSize": 20, "instanceId": 3, "totalInstances": 4, "configuredDbConnectionBudget": 80, "configuredReplicas": 4, "seed": 42, "durationSeconds": 900, "timestamp": "2026-07-12T12:44:14Z", "openLoopAttemptedOps": 10801, "openLoopMissedOpportunities": 0, "openLoopSchedulingDelayMs": 0.0, "clientPooling": "hikari"}, "attemptedRps": 11.55178517380084, "achievedThroughputRps": 3.7432874834092154, "successfulThroughputRps": 3.7432874834092154, "errorThroughputRps": 8.196730077956635, "totalThroughputRps": 11.94001756136585, "errorRate": 0.6864922966678609, "totalRequests": 11164, "successfulRequests": 3500, "failedRequests": 7664, "latencyMs": {"p50": 29442.047, "p95": 83034.111, "p99": 189399.039, "p999": 197656.575, "max": 200671.231, "mean": 31224.347509485848, "meanSuccessful": 33904.988819428574, "meanFailed": 30000.183256573462, "meanTotal": 31224.347509485848}, "errorsByType": {"SQLTransientConnectionException": 7664}, "firstErrorMessageByType": {"SQLTransientConnectionException": "HikariPool-1 - Connection is not available, request timed out after 30000ms (total=20, active=20, idle=0, waiting=360)"}, "appCpuMedian": 0.20020020020020018, "gcPauseMsTotal": 18}