{"runInfo": {"sut": "PGBOUNCER", "workload": "W5_HTAP", "loadMode": "open-loop", "targetRps": 12, "concurrency": 0, "poolSize": 20, "instanceId": 1, "totalInstances": 2, "configuredDbConnectionBudget": 100, "configuredReplicas": 2, "seed": 42, "durationSeconds": 900, "timestamp": "2026-05-31T08:04:05Z", "openLoopAttemptedOps": 14401, "openLoopMissedOpportunities": 0, "openLoopSchedulingDelayMs": 0.135463, "clientPooling": "hikari"}, "attemptedRps": 7.971111822868774, "achievedThroughputRps": 0.9771087911747297, "successfulThroughputRps": 0.9771087911747297, "errorThroughputRps": 7.264110144662284, "totalThroughputRps": 8.241218935837015, "errorRate": 0.8814363750335811, "totalRequests": 11167, "successfulRequests": 1324, "failedRequests": 9843, "latencyMs": {"p50": 29392.895, "p95": 60030.975, "p99": 60030.975, "p999": 62554.111, "max": 65798.143, "mean": 30622.989261129398, "meanSuccessful": 31757.073788519636, "meanFailed": 30000.188010852584, "meanTotal": 30622.989261129398}, "errorsByType": {"SQLTransientConnectionException": 9843}, "firstErrorMessageByType": {"SQLTransientConnectionException": "HikariPool-1 - Connection is not available, request timed out after 30000ms (total=6, active=6, idle=0, waiting=360)"}, "appCpuMedian": 0.15007503751875936, "gcPauseMsTotal": 4}