{"runInfo": {"sut": "PGBOUNCER", "workload": "W5_HTAP", "loadMode": "open-loop", "targetRps": 8, "concurrency": 0, "poolSize": 20, "instanceId": 1, "totalInstances": 4, "configuredDbConnectionBudget": 100, "configuredReplicas": 4, "seed": 42, "durationSeconds": 900, "timestamp": "2026-07-12T05:23:38Z", "openLoopAttemptedOps": 7201, "openLoopMissedOpportunities": 0, "openLoopSchedulingDelayMs": 0.0, "clientPooling": "hikari"}, "attemptedRps": 7.70580744577256, "achievedThroughputRps": 3.7549893524810325, "successfulThroughputRps": 3.7549893524810325, "errorThroughputRps": 4.215133388265257, "totalThroughputRps": 7.970122740746289, "errorRate": 0.5288668098818474, "totalRequests": 7448, "successfulRequests": 3509, "failedRequests": 3939, "latencyMs": {"p50": 29605.887, "p95": 40370.175, "p99": 50036.735, "p999": 67436.543, "max": 74711.039, "mean": 30188.97616572261, "meanSuccessful": 30400.880861783986, "meanFailed": 30000.199696985783, "meanTotal": 30188.97616572261}, "errorsByType": {"SQLTransientConnectionException": 3939}, "firstErrorMessageByType": {"SQLTransientConnectionException": "HikariPool-1 - Connection is not available, request timed out after 30000ms (total=12, active=12, idle=0, waiting=240)"}, "appCpuMedian": 0.1002004008016032, "gcPauseMsTotal": 11}